2026-06-20 09:55:47 [background-preinit] INFO  org.hibernate.validator.internal.util.Version - HV000001: Hibernate Validator 9.0.1.Final
2026-06-20 09:55:48 [main] INFO  com.training.mts.MtsApplication - Starting MtsApplication using Java 21 with PID 29424 (D:\Fidelity\Projects\money-transfer-system-secondary\backend\mts\target\classes started by deepc in D:\Fidelity\Projects\money-transfer-system-secondary\backend\mts)
2026-06-20 09:55:48 [main] INFO  com.training.mts.MtsApplication - No active profile set, falling back to 1 default profile: "default"
2026-06-20 09:55:52 [main] INFO  org.springframework.data.repository.config.RepositoryConfigurationDelegate - Bootstrapping Spring Data JPA repositories in DEFAULT mode.
2026-06-20 09:55:53 [main] INFO  org.springframework.data.repository.config.RepositoryConfigurationDelegate - Finished Spring Data repository scanning in 313 ms. Found 5 JPA repository interfaces.
2026-06-20 09:56:15 [main] INFO  org.springframework.boot.tomcat.TomcatWebServer - Tomcat initialized with port 8080 (http)
2026-06-20 09:56:15 [main] INFO  org.apache.coyote.http11.Http11NioProtocol - Initializing ProtocolHandler ["http-nio-8080"]
2026-06-20 09:56:15 [main] INFO  org.apache.catalina.core.StandardService - Starting service [Tomcat]
2026-06-20 09:56:15 [main] INFO  org.apache.catalina.core.StandardEngine - Starting Servlet engine: [Apache Tomcat/11.0.15]
2026-06-20 09:56:16 [main] INFO  org.springframework.boot.web.context.servlet.WebApplicationContextInitializer - Root WebApplicationContext: initialization completed in 28721 ms
2026-06-20 09:56:19 [main] INFO  org.hibernate.orm.jpa - HHH008540: Processing PersistenceUnitInfo [name: default]
2026-06-20 09:56:20 [main] INFO  org.hibernate.orm.core - HHH000001: Hibernate ORM core version 7.2.1.Final
2026-06-20 09:56:28 [main] INFO  org.springframework.orm.jpa.persistenceunit.SpringPersistenceUnitInfo - No LoadTimeWeaver setup: ignoring JPA class transformer
2026-06-20 09:56:28 [main] INFO  com.zaxxer.hikari.HikariDataSource - HikariPool-1 - Starting...
2026-06-20 09:56:30 [main] INFO  com.zaxxer.hikari.pool.HikariPool - HikariPool-1 - Added connection com.mysql.cj.jdbc.ConnectionImpl@169d4aba
2026-06-20 09:56:30 [main] INFO  com.zaxxer.hikari.HikariDataSource - HikariPool-1 - Start completed.
2026-06-20 09:56:30 [main] WARN  org.hibernate.orm.deprecation - HHH90000025: MySQLDialect does not need to be specified explicitly using 'hibernate.dialect' (remove the property setting and it will be selected by default)
2026-06-20 09:56:30 [main] INFO  org.hibernate.orm.connections.pooling - HHH10001005: Database info:
	Database JDBC URL [jdbc:mysql://localhost:3306/mts?createDatabaseIfNotExist=true]
	Database driver: MySQL Connector/J
	Database dialect: MySQLDialect
	Database version: 8.0.46
	Default catalog/schema: mts/undefined
	Autocommit mode: undefined/unknown
	Isolation level: REPEATABLE_READ [default REPEATABLE_READ]
	JDBC fetch size: none
	Pool: DataSourceConnectionProvider
	Minimum pool size: undefined/unknown
	Maximum pool size: undefined/unknown
2026-06-20 09:56:35 [main] INFO  org.hibernate.orm.core - HHH000489: No JTA platform available (set 'hibernate.transaction.jta.platform' to enable JTA platform integration)
2026-06-20 09:56:36 [main] INFO  org.springframework.orm.jpa.LocalContainerEntityManagerFactoryBean - Initialized JPA EntityManagerFactory for persistence unit 'default'
2026-06-20 09:56:39 [main] INFO  org.springframework.data.jpa.repository.query.QueryEnhancerFactories - Hibernate is in classpath; If applicable, HQL parser will be used.
2026-06-20 09:56:44 [main] INFO  org.springframework.security.config.annotation.authentication.configuration.InitializeUserDetailsBeanManagerConfigurer$InitializeUserDetailsManagerConfigurer - Global AuthenticationManager configured with UserDetailsService bean with name customUserDetailsService
2026-06-20 09:56:47 [main] WARN  org.springframework.boot.jpa.autoconfigure.JpaBaseConfiguration$JpaWebConfiguration - spring.jpa.open-in-view is enabled by default. Therefore, database queries may be performed during view rendering. Explicitly configure spring.jpa.open-in-view to disable this warning
2026-06-20 09:56:49 [main] DEBUG org.springframework.security.web.DefaultSecurityFilterChain - Will secure any request with filters: DisableEncodeUrlFilter, WebAsyncManagerIntegrationFilter, SecurityContextHolderFilter, HeaderWriterFilter, CorsFilter, LogoutFilter, JwtAuthenticationFilter, RequestCacheAwareFilter, SecurityContextHolderAwareRequestFilter, AnonymousAuthenticationFilter, SessionManagementFilter, ExceptionTranslationFilter, AuthorizationFilter
2026-06-20 09:56:51 [main] INFO  org.apache.coyote.http11.Http11NioProtocol - Starting ProtocolHandler ["http-nio-8080"]
2026-06-20 09:56:51 [main] INFO  org.springframework.boot.tomcat.TomcatWebServer - Tomcat started on port 8080 (http) with context path '/'
2026-06-20 09:56:51 [main] INFO  com.training.mts.MtsApplication - Started MtsApplication in 64.565 seconds (process running for 65.691)
2026-06-20 09:59:03 [http-nio-8080-exec-1] INFO  org.apache.catalina.core.ContainerBase.[Tomcat].[localhost].[/] - Initializing Spring DispatcherServlet 'dispatcherServlet'
2026-06-20 09:59:03 [http-nio-8080-exec-1] INFO  org.springframework.web.servlet.DispatcherServlet - Initializing Servlet 'dispatcherServlet'
2026-06-20 09:59:03 [http-nio-8080-exec-1] INFO  org.springframework.web.servlet.DispatcherServlet - Completed initialization in 4 ms
2026-06-20 09:59:03 [http-nio-8080-exec-1] DEBUG org.springframework.security.web.FilterChainProxy - Securing OPTIONS /auth/login
2026-06-20 09:59:03 [http-nio-8080-exec-1] WARN  org.springframework.web.servlet.handler.HandlerMappingIntrospector - Cache miss for REQUEST dispatch to '/auth/login' (previous null). Performing CorsConfiguration lookup. This is logged once only at WARN level, and every time at TRACE.
2026-06-20 09:59:03 [http-nio-8080-exec-2] DEBUG org.springframework.security.web.FilterChainProxy - Securing POST /auth/login
2026-06-20 09:59:03 [http-nio-8080-exec-2] DEBUG org.springframework.security.web.authentication.AnonymousAuthenticationFilter - Set SecurityContextHolder to anonymous SecurityContext
2026-06-20 09:59:03 [http-nio-8080-exec-2] DEBUG org.springframework.security.web.FilterChainProxy - Secured POST /auth/login
2026-06-20 09:59:05 [http-nio-8080-exec-2] DEBUG org.springframework.security.authentication.dao.DaoAuthenticationProvider - Authenticated user
2026-06-20 09:59:06 [http-nio-8080-exec-3] DEBUG org.springframework.security.web.FilterChainProxy - Securing OPTIONS /users/findByPhone?phoneNumber=9090909090
2026-06-20 09:59:06 [http-nio-8080-exec-4] DEBUG org.springframework.security.web.FilterChainProxy - Securing GET /users/findByPhone?phoneNumber=9090909090
2026-06-20 09:59:06 [http-nio-8080-exec-4] DEBUG org.springframework.security.web.FilterChainProxy - Secured GET /users/findByPhone?phoneNumber=9090909090
2026-06-20 09:59:06 [http-nio-8080-exec-4] INFO  com.training.mts.aop.LoggingAspect - Entering method: UserServiceImpl.getUserByPhoneNumber(..) with arguments: [9090909090]
2026-06-20 09:59:06 [http-nio-8080-exec-4] INFO  com.training.mts.aop.LoggingAspect - Method executed successfully: UserServiceImpl.getUserByPhoneNumber(..) | Returned: User{id=2, name='Sowjen Meher', vpa=com.training.mts.model.VPA@520589e}
2026-06-20 09:59:07 [http-nio-8080-exec-7] DEBUG org.springframework.security.web.FilterChainProxy - Securing OPTIONS /transactions/gettranslog?vpaId=sowjenmeher1290902@mts
2026-06-20 09:59:07 [http-nio-8080-exec-5] DEBUG org.springframework.security.web.FilterChainProxy - Securing OPTIONS /rewards/status
2026-06-20 09:59:07 [http-nio-8080-exec-9] DEBUG org.springframework.security.web.FilterChainProxy - Securing GET /transactions/gettranslog?vpaId=sowjenmeher1290902@mts
2026-06-20 09:59:07 [http-nio-8080-exec-6] DEBUG org.springframework.security.web.FilterChainProxy - Securing OPTIONS /rewards/status
2026-06-20 09:59:07 [http-nio-8080-exec-8] DEBUG org.springframework.security.web.FilterChainProxy - Securing OPTIONS /rewards/status
2026-06-20 09:59:07 [http-nio-8080-exec-9] DEBUG org.springframework.security.web.FilterChainProxy - Secured GET /transactions/gettranslog?vpaId=sowjenmeher1290902@mts
2026-06-20 09:59:07 [http-nio-8080-exec-10] DEBUG org.springframework.security.web.FilterChainProxy - Securing GET /rewards/status
2026-06-20 09:59:07 [http-nio-8080-exec-9] INFO  com.training.mts.aop.LoggingAspect - Entering method: TransactionServiceImpl.getTransactionHistory(..) with arguments: [sowjenmeher1290902@mts]
2026-06-20 09:59:07 [http-nio-8080-exec-10] DEBUG org.springframework.security.web.FilterChainProxy - Secured GET /rewards/status
2026-06-20 09:59:08 [http-nio-8080-exec-1] DEBUG org.springframework.security.web.FilterChainProxy - Securing GET /rewards/status
2026-06-20 09:59:08 [http-nio-8080-exec-1] DEBUG org.springframework.security.web.FilterChainProxy - Secured GET /rewards/status
2026-06-20 09:59:08 [http-nio-8080-exec-2] DEBUG org.springframework.security.web.FilterChainProxy - Securing GET /rewards/status
2026-06-20 09:59:08 [http-nio-8080-exec-2] DEBUG org.springframework.security.web.FilterChainProxy - Secured GET /rewards/status
2026-06-20 09:59:08 [http-nio-8080-exec-9] INFO  com.training.mts.aop.LoggingAspect - Method executed successfully: TransactionServiceImpl.getTransactionHistory(..) | Returned: com.training.mts.dto.TransactionHistoryResponse@3b0b2e55
2026-06-20 09:59:09 [http-nio-8080-exec-3] DEBUG org.springframework.security.web.FilterChainProxy - Securing OPTIONS /users/getbyvpa?vpaId=deepchan0498401@mts
2026-06-20 09:59:09 [http-nio-8080-exec-4] DEBUG org.springframework.security.web.FilterChainProxy - Securing GET /users/getbyvpa?vpaId=deepchan0498401@mts
2026-06-20 09:59:09 [http-nio-8080-exec-4] DEBUG org.springframework.security.web.FilterChainProxy - Secured GET /users/getbyvpa?vpaId=deepchan0498401@mts
2026-06-20 09:59:09 [http-nio-8080-exec-4] DEBUG org.springframework.security.web.FilterChainProxy - Securing GET /error?vpaId=deepchan0498401@mts
2026-06-20 09:59:09 [http-nio-8080-exec-4] DEBUG org.springframework.security.web.authentication.AnonymousAuthenticationFilter - Set SecurityContextHolder to anonymous SecurityContext
2026-06-20 09:59:09 [http-nio-8080-exec-4] DEBUG org.springframework.security.web.authentication.Http403ForbiddenEntryPoint - Pre-authenticated entry point called. Rejecting access
2026-06-20 10:08:22 [http-nio-8080-exec-10] DEBUG org.springframework.security.web.FilterChainProxy - Securing OPTIONS /rewards/status
2026-06-20 10:08:22 [http-nio-8080-exec-1] DEBUG org.springframework.security.web.FilterChainProxy - Securing GET /rewards/status
2026-06-20 10:08:22 [http-nio-8080-exec-2] DEBUG org.springframework.security.web.FilterChainProxy - Securing OPTIONS /rewards/status
2026-06-20 10:08:22 [http-nio-8080-exec-9] DEBUG org.springframework.security.web.FilterChainProxy - Securing OPTIONS /rewards/status
2026-06-20 10:08:22 [http-nio-8080-exec-4] DEBUG org.springframework.security.web.FilterChainProxy - Securing OPTIONS /transactions/gettranslog?vpaId=sowjenmeher1290902@mts
2026-06-20 10:08:22 [http-nio-8080-exec-3] DEBUG org.springframework.security.web.FilterChainProxy - Securing OPTIONS /rewards/status
2026-06-20 10:08:22 [http-nio-8080-exec-4] DEBUG org.springframework.security.web.FilterChainProxy - Securing GET /transactions/gettranslog?vpaId=sowjenmeher1290902@mts
2026-06-20 10:08:22 [http-nio-8080-exec-1] DEBUG org.springframework.security.web.FilterChainProxy - Secured GET /rewards/status
2026-06-20 10:08:22 [http-nio-8080-exec-4] DEBUG org.springframework.security.web.FilterChainProxy - Secured GET /transactions/gettranslog?vpaId=sowjenmeher1290902@mts
2026-06-20 10:08:22 [http-nio-8080-exec-4] INFO  com.training.mts.aop.LoggingAspect - Entering method: TransactionServiceImpl.getTransactionHistory(..) with arguments: [sowjenmeher1290902@mts]
2026-06-20 10:08:22 [http-nio-8080-exec-7] DEBUG org.springframework.security.web.FilterChainProxy - Securing GET /rewards/status
2026-06-20 10:08:22 [http-nio-8080-exec-7] DEBUG org.springframework.security.web.FilterChainProxy - Secured GET /rewards/status
2026-06-20 10:08:22 [http-nio-8080-exec-4] INFO  com.training.mts.aop.LoggingAspect - Method executed successfully: TransactionServiceImpl.getTransactionHistory(..) | Returned: com.training.mts.dto.TransactionHistoryResponse@288b76e0
2026-06-20 10:08:22 [http-nio-8080-exec-6] DEBUG org.springframework.security.web.FilterChainProxy - Securing OPTIONS /users/getbyvpa?vpaId=deepchan0498401@mts
2026-06-20 10:08:22 [http-nio-8080-exec-5] DEBUG org.springframework.security.web.FilterChainProxy - Securing GET /rewards/status
2026-06-20 10:08:22 [http-nio-8080-exec-8] DEBUG org.springframework.security.web.FilterChainProxy - Securing GET /users/getbyvpa?vpaId=deepchan0498401@mts
2026-06-20 10:08:22 [http-nio-8080-exec-5] DEBUG org.springframework.security.web.FilterChainProxy - Secured GET /rewards/status
2026-06-20 10:08:22 [http-nio-8080-exec-8] DEBUG org.springframework.security.web.FilterChainProxy - Secured GET /users/getbyvpa?vpaId=deepchan0498401@mts
2026-06-20 10:08:22 [http-nio-8080-exec-8] DEBUG org.springframework.security.web.FilterChainProxy - Securing GET /error?vpaId=deepchan0498401@mts
2026-06-20 10:08:22 [http-nio-8080-exec-8] DEBUG org.springframework.security.web.authentication.AnonymousAuthenticationFilter - Set SecurityContextHolder to anonymous SecurityContext
2026-06-20 10:08:22 [http-nio-8080-exec-8] DEBUG org.springframework.security.web.authentication.Http403ForbiddenEntryPoint - Pre-authenticated entry point called. Rejecting access
2026-06-20 10:08:23 [http-nio-8080-exec-10] DEBUG org.springframework.security.web.FilterChainProxy - Securing GET /rewards/status
2026-06-20 10:08:23 [http-nio-8080-exec-9] DEBUG org.springframework.security.web.FilterChainProxy - Securing OPTIONS /users/getbyvpa?vpaId=deepchan0498401@mts
2026-06-20 10:08:23 [http-nio-8080-exec-10] DEBUG org.springframework.security.web.FilterChainProxy - Secured GET /rewards/status
2026-06-20 10:08:23 [http-nio-8080-exec-2] DEBUG org.springframework.security.web.FilterChainProxy - Securing GET /users/getbyvpa?vpaId=deepchan0498401@mts
2026-06-20 10:08:23 [http-nio-8080-exec-2] DEBUG org.springframework.security.web.FilterChainProxy - Secured GET /users/getbyvpa?vpaId=deepchan0498401@mts
2026-06-20 10:08:23 [http-nio-8080-exec-2] DEBUG org.springframework.security.web.FilterChainProxy - Securing GET /error?vpaId=deepchan0498401@mts
2026-06-20 10:08:23 [http-nio-8080-exec-2] DEBUG org.springframework.security.web.authentication.AnonymousAuthenticationFilter - Set SecurityContextHolder to anonymous SecurityContext
2026-06-20 10:08:23 [http-nio-8080-exec-2] DEBUG org.springframework.security.web.authentication.Http403ForbiddenEntryPoint - Pre-authenticated entry point called. Rejecting access
2026-06-20 10:08:23 [http-nio-8080-exec-3] DEBUG org.springframework.security.web.FilterChainProxy - Securing OPTIONS /users/getbyvpa?vpaId=deepchan0498401@mts
2026-06-20 10:08:23 [http-nio-8080-exec-1] DEBUG org.springframework.security.web.FilterChainProxy - Securing GET /users/getbyvpa?vpaId=deepchan0498401@mts
2026-06-20 10:08:23 [http-nio-8080-exec-1] DEBUG org.springframework.security.web.FilterChainProxy - Secured GET /users/getbyvpa?vpaId=deepchan0498401@mts
2026-06-20 10:08:23 [http-nio-8080-exec-1] DEBUG org.springframework.security.web.FilterChainProxy - Securing GET /error?vpaId=deepchan0498401@mts
2026-06-20 10:08:23 [http-nio-8080-exec-1] DEBUG org.springframework.security.web.authentication.AnonymousAuthenticationFilter - Set SecurityContextHolder to anonymous SecurityContext
2026-06-20 10:08:23 [http-nio-8080-exec-1] DEBUG org.springframework.security.web.authentication.Http403ForbiddenEntryPoint - Pre-authenticated entry point called. Rejecting access
2026-06-20 10:08:23 [http-nio-8080-exec-4] DEBUG org.springframework.security.web.FilterChainProxy - Securing OPTIONS /users/getbyvpa?vpaId=deepchan0498401@mts
2026-06-20 10:08:23 [http-nio-8080-exec-7] DEBUG org.springframework.security.web.FilterChainProxy - Securing GET /users/getbyvpa?vpaId=deepchan0498401@mts
2026-06-20 10:08:23 [http-nio-8080-exec-7] DEBUG org.springframework.security.web.FilterChainProxy - Secured GET /users/getbyvpa?vpaId=deepchan0498401@mts
2026-06-20 10:08:23 [http-nio-8080-exec-7] DEBUG org.springframework.security.web.FilterChainProxy - Securing GET /error?vpaId=deepchan0498401@mts
2026-06-20 10:08:23 [http-nio-8080-exec-7] DEBUG org.springframework.security.web.authentication.AnonymousAuthenticationFilter - Set SecurityContextHolder to anonymous SecurityContext
2026-06-20 10:08:23 [http-nio-8080-exec-7] DEBUG org.springframework.security.web.authentication.Http403ForbiddenEntryPoint - Pre-authenticated entry point called. Rejecting access
2026-06-20 10:08:23 [http-nio-8080-exec-6] DEBUG org.springframework.security.web.FilterChainProxy - Securing OPTIONS /users/getbyvpa?vpaId=deepchan0498401@mts
2026-06-20 10:08:23 [http-nio-8080-exec-8] DEBUG org.springframework.security.web.FilterChainProxy - Securing GET /users/getbyvpa?vpaId=deepchan0498401@mts
2026-06-20 10:08:23 [http-nio-8080-exec-8] DEBUG org.springframework.security.web.FilterChainProxy - Secured GET /users/getbyvpa?vpaId=deepchan0498401@mts
2026-06-20 10:08:23 [http-nio-8080-exec-8] DEBUG org.springframework.security.web.FilterChainProxy - Securing GET /error?vpaId=deepchan0498401@mts
2026-06-20 10:08:23 [http-nio-8080-exec-8] DEBUG org.springframework.security.web.authentication.AnonymousAuthenticationFilter - Set SecurityContextHolder to anonymous SecurityContext
2026-06-20 10:08:23 [http-nio-8080-exec-8] DEBUG org.springframework.security.web.authentication.Http403ForbiddenEntryPoint - Pre-authenticated entry point called. Rejecting access
2026-06-20 10:08:31 [http-nio-8080-exec-5] DEBUG org.springframework.security.web.FilterChainProxy - Securing OPTIONS /rewards/status
2026-06-20 10:08:31 [http-nio-8080-exec-10] DEBUG org.springframework.security.web.FilterChainProxy - Securing OPTIONS /rewards/status
2026-06-20 10:08:31 [http-nio-8080-exec-2] DEBUG org.springframework.security.web.FilterChainProxy - Securing OPTIONS /rewards/status
2026-06-20 10:08:31 [http-nio-8080-exec-1] DEBUG org.springframework.security.web.FilterChainProxy - Securing OPTIONS /rewards/status
2026-06-20 10:08:31 [http-nio-8080-exec-9] DEBUG org.springframework.security.web.FilterChainProxy - Securing OPTIONS /rewards/status
2026-06-20 10:08:31 [http-nio-8080-exec-3] DEBUG org.springframework.security.web.FilterChainProxy - Securing OPTIONS /transactions/gettranslog?vpaId=sowjenmeher1290902@mts
2026-06-20 10:08:31 [http-nio-8080-exec-4] DEBUG org.springframework.security.web.FilterChainProxy - Securing GET /rewards/status
2026-06-20 10:08:31 [http-nio-8080-exec-7] DEBUG org.springframework.security.web.FilterChainProxy - Securing GET /transactions/gettranslog?vpaId=sowjenmeher1290902@mts
2026-06-20 10:08:32 [http-nio-8080-exec-7] DEBUG org.springframework.security.web.FilterChainProxy - Secured GET /transactions/gettranslog?vpaId=sowjenmeher1290902@mts
2026-06-20 10:08:32 [http-nio-8080-exec-7] INFO  com.training.mts.aop.LoggingAspect - Entering method: TransactionServiceImpl.getTransactionHistory(..) with arguments: [sowjenmeher1290902@mts]
2026-06-20 10:08:32 [http-nio-8080-exec-4] DEBUG org.springframework.security.web.FilterChainProxy - Secured GET /rewards/status
2026-06-20 10:08:32 [http-nio-8080-exec-6] DEBUG org.springframework.security.web.FilterChainProxy - Securing GET /rewards/status
2026-06-20 10:08:32 [http-nio-8080-exec-7] INFO  com.training.mts.aop.LoggingAspect - Method executed successfully: TransactionServiceImpl.getTransactionHistory(..) | Returned: com.training.mts.dto.TransactionHistoryResponse@338a5ffd
2026-06-20 10:08:32 [http-nio-8080-exec-6] DEBUG org.springframework.security.web.FilterChainProxy - Secured GET /rewards/status
2026-06-20 10:08:32 [http-nio-8080-exec-8] DEBUG org.springframework.security.web.FilterChainProxy - Securing OPTIONS /users/getbyvpa?vpaId=deepchan0498401@mts
2026-06-20 10:08:32 [http-nio-8080-exec-8] DEBUG org.springframework.security.web.FilterChainProxy - Securing GET /users/getbyvpa?vpaId=deepchan0498401@mts
2026-06-20 10:08:32 [http-nio-8080-exec-9] DEBUG org.springframework.security.web.FilterChainProxy - Securing GET /rewards/status
2026-06-20 10:08:32 [http-nio-8080-exec-8] DEBUG org.springframework.security.web.FilterChainProxy - Secured GET /users/getbyvpa?vpaId=deepchan0498401@mts
2026-06-20 10:08:32 [http-nio-8080-exec-9] DEBUG org.springframework.security.web.FilterChainProxy - Secured GET /rewards/status
2026-06-20 10:08:32 [http-nio-8080-exec-8] DEBUG org.springframework.security.web.FilterChainProxy - Securing GET /error?vpaId=deepchan0498401@mts
2026-06-20 10:08:32 [http-nio-8080-exec-8] DEBUG org.springframework.security.web.authentication.AnonymousAuthenticationFilter - Set SecurityContextHolder to anonymous SecurityContext
2026-06-20 10:08:32 [http-nio-8080-exec-8] DEBUG org.springframework.security.web.authentication.Http403ForbiddenEntryPoint - Pre-authenticated entry point called. Rejecting access
2026-06-20 10:08:32 [http-nio-8080-exec-8] DEBUG org.springframework.security.web.FilterChainProxy - Securing GET /rewards/status
2026-06-20 10:08:33 [http-nio-8080-exec-8] DEBUG org.springframework.security.web.FilterChainProxy - Secured GET /rewards/status
2026-06-20 10:08:33 [http-nio-8080-exec-5] DEBUG org.springframework.security.web.FilterChainProxy - Securing GET /rewards/status
2026-06-20 10:08:33 [http-nio-8080-exec-5] DEBUG org.springframework.security.web.FilterChainProxy - Secured GET /rewards/status
2026-06-20 10:09:38 [http-nio-8080-exec-6] DEBUG org.springframework.security.web.FilterChainProxy - Securing OPTIONS /rewards/status
2026-06-20 10:09:38 [http-nio-8080-exec-9] DEBUG org.springframework.security.web.FilterChainProxy - Securing OPTIONS /rewards/status
2026-06-20 10:09:38 [http-nio-8080-exec-8] DEBUG org.springframework.security.web.FilterChainProxy - Securing OPTIONS /rewards/status
2026-06-20 10:09:38 [http-nio-8080-exec-1] DEBUG org.springframework.security.web.FilterChainProxy - Securing OPTIONS /rewards/status
2026-06-20 10:09:38 [http-nio-8080-exec-5] DEBUG org.springframework.security.web.FilterChainProxy - Securing OPTIONS /rewards/status
2026-06-20 10:09:38 [http-nio-8080-exec-2] DEBUG org.springframework.security.web.FilterChainProxy - Securing OPTIONS /users/getusers
2026-06-20 10:09:38 [http-nio-8080-exec-10] DEBUG org.springframework.security.web.FilterChainProxy - Securing GET /rewards/status
2026-06-20 10:09:38 [http-nio-8080-exec-3] DEBUG org.springframework.security.web.FilterChainProxy - Securing GET /users/getusers
2026-06-20 10:09:38 [http-nio-8080-exec-6] DEBUG org.springframework.security.web.FilterChainProxy - Securing OPTIONS /rewards/status
2026-06-20 10:09:39 [http-nio-8080-exec-3] DEBUG org.springframework.security.web.FilterChainProxy - Secured GET /users/getusers
2026-06-20 10:09:39 [http-nio-8080-exec-3] INFO  com.training.mts.aop.LoggingAspect - Entering method: UserServiceImpl.getAllUsers() with arguments: []
2026-06-20 10:09:39 [http-nio-8080-exec-10] DEBUG org.springframework.security.web.FilterChainProxy - Secured GET /rewards/status
2026-06-20 10:09:39 [http-nio-8080-exec-4] DEBUG org.springframework.security.web.FilterChainProxy - Securing GET /rewards/status
2026-06-20 10:09:39 [http-nio-8080-exec-4] DEBUG org.springframework.security.web.FilterChainProxy - Secured GET /rewards/status
2026-06-20 10:09:39 [http-nio-8080-exec-7] DEBUG org.springframework.security.web.FilterChainProxy - Securing GET /rewards/status
2026-06-20 10:09:39 [http-nio-8080-exec-7] DEBUG org.springframework.security.web.FilterChainProxy - Secured GET /rewards/status
2026-06-20 10:09:39 [http-nio-8080-exec-5] DEBUG org.springframework.security.web.FilterChainProxy - Securing GET /rewards/status
2026-06-20 10:09:39 [http-nio-8080-exec-5] DEBUG org.springframework.security.web.FilterChainProxy - Secured GET /rewards/status
2026-06-20 10:09:40 [http-nio-8080-exec-1] DEBUG org.springframework.security.web.FilterChainProxy - Securing GET /rewards/status
2026-06-20 10:09:40 [http-nio-8080-exec-1] DEBUG org.springframework.security.web.FilterChainProxy - Secured GET /rewards/status
2026-06-20 10:09:40 [http-nio-8080-exec-3] INFO  com.training.mts.aop.LoggingAspect - Method executed successfully: UserServiceImpl.getAllUsers() | Returned: [com.training.mts.dto.GetAllUsersRequest@5b1b9812, com.training.mts.dto.GetAllUsersRequest@5edff043, com.training.mts.dto.GetAllUsersRequest@6056ecb7]
2026-06-20 10:09:40 [http-nio-8080-exec-8] DEBUG org.springframework.security.web.FilterChainProxy - Securing GET /rewards/status
2026-06-20 10:09:40 [http-nio-8080-exec-8] DEBUG org.springframework.security.web.FilterChainProxy - Secured GET /rewards/status
2026-06-20 10:12:35 [http-nio-8080-exec-5] DEBUG org.springframework.security.web.FilterChainProxy - Securing OPTIONS /rewards/status
2026-06-20 10:12:35 [http-nio-8080-exec-1] DEBUG org.springframework.security.web.FilterChainProxy - Securing OPTIONS /rewards/status
2026-06-20 10:12:35 [http-nio-8080-exec-3] DEBUG org.springframework.security.web.FilterChainProxy - Securing OPTIONS /rewards/status
2026-06-20 10:12:35 [http-nio-8080-exec-8] DEBUG org.springframework.security.web.FilterChainProxy - Securing OPTIONS /rewards/status
2026-06-20 10:12:35 [http-nio-8080-exec-2] DEBUG org.springframework.security.web.FilterChainProxy - Securing OPTIONS /rewards/status
2026-06-20 10:12:35 [http-nio-8080-exec-9] DEBUG org.springframework.security.web.FilterChainProxy - Securing OPTIONS /rewards/status
2026-06-20 10:12:35 [http-nio-8080-exec-6] DEBUG org.springframework.security.web.FilterChainProxy - Securing GET /rewards/status
2026-06-20 10:12:35 [http-nio-8080-exec-4] DEBUG org.springframework.security.web.FilterChainProxy - Securing OPTIONS /transactions/gettranslog?vpaId=sowjenmeher1290902@mts
2026-06-20 10:12:35 [http-nio-8080-exec-7] DEBUG org.springframework.security.web.FilterChainProxy - Securing OPTIONS /rewards/status
2026-06-20 10:12:35 [http-nio-8080-exec-6] DEBUG org.springframework.security.web.FilterChainProxy - Secured GET /rewards/status
2026-06-20 10:12:35 [http-nio-8080-exec-10] DEBUG org.springframework.security.web.FilterChainProxy - Securing GET /rewards/status
2026-06-20 10:12:35 [http-nio-8080-exec-5] DEBUG org.springframework.security.web.FilterChainProxy - Securing GET /transactions/gettranslog?vpaId=sowjenmeher1290902@mts
2026-06-20 10:12:35 [http-nio-8080-exec-10] DEBUG org.springframework.security.web.FilterChainProxy - Secured GET /rewards/status
2026-06-20 10:12:35 [http-nio-8080-exec-5] DEBUG org.springframework.security.web.FilterChainProxy - Secured GET /transactions/gettranslog?vpaId=sowjenmeher1290902@mts
2026-06-20 10:12:35 [http-nio-8080-exec-5] INFO  com.training.mts.aop.LoggingAspect - Entering method: TransactionServiceImpl.getTransactionHistory(..) with arguments: [sowjenmeher1290902@mts]
2026-06-20 10:12:35 [http-nio-8080-exec-1] DEBUG org.springframework.security.web.FilterChainProxy - Securing GET /rewards/status
2026-06-20 10:12:35 [http-nio-8080-exec-1] DEBUG org.springframework.security.web.FilterChainProxy - Secured GET /rewards/status
2026-06-20 10:12:35 [http-nio-8080-exec-5] INFO  com.training.mts.aop.LoggingAspect - Method executed successfully: TransactionServiceImpl.getTransactionHistory(..) | Returned: com.training.mts.dto.TransactionHistoryResponse@50df4375
2026-06-20 10:12:35 [http-nio-8080-exec-3] DEBUG org.springframework.security.web.FilterChainProxy - Securing GET /rewards/status
2026-06-20 10:12:35 [http-nio-8080-exec-3] DEBUG org.springframework.security.web.FilterChainProxy - Secured GET /rewards/status
2026-06-20 10:12:35 [http-nio-8080-exec-3] DEBUG org.springframework.security.web.FilterChainProxy - Securing GET /rewards/status
2026-06-20 10:12:35 [http-nio-8080-exec-3] DEBUG org.springframework.security.web.FilterChainProxy - Secured GET /rewards/status
2026-06-20 10:12:35 [http-nio-8080-exec-2] DEBUG org.springframework.security.web.FilterChainProxy - Securing OPTIONS /users/getbyvpa?vpaId=deepchan0498401@mts
2026-06-20 10:12:35 [http-nio-8080-exec-9] DEBUG org.springframework.security.web.FilterChainProxy - Securing GET /rewards/status
2026-06-20 10:12:35 [http-nio-8080-exec-4] DEBUG org.springframework.security.web.FilterChainProxy - Securing GET /users/getbyvpa?vpaId=deepchan0498401@mts
2026-06-20 10:12:35 [http-nio-8080-exec-9] DEBUG org.springframework.security.web.FilterChainProxy - Secured GET /rewards/status
2026-06-20 10:12:35 [http-nio-8080-exec-4] DEBUG org.springframework.security.web.FilterChainProxy - Secured GET /users/getbyvpa?vpaId=deepchan0498401@mts
2026-06-20 10:12:35 [http-nio-8080-exec-9] DEBUG org.springframework.security.web.FilterChainProxy - Securing GET /rewards/status
2026-06-20 10:12:35 [http-nio-8080-exec-4] DEBUG org.springframework.security.web.FilterChainProxy - Securing GET /error?vpaId=deepchan0498401@mts
2026-06-20 10:12:35 [http-nio-8080-exec-4] DEBUG org.springframework.security.web.authentication.AnonymousAuthenticationFilter - Set SecurityContextHolder to anonymous SecurityContext
2026-06-20 10:12:35 [http-nio-8080-exec-4] DEBUG org.springframework.security.web.authentication.Http403ForbiddenEntryPoint - Pre-authenticated entry point called. Rejecting access
2026-06-20 10:12:35 [http-nio-8080-exec-9] DEBUG org.springframework.security.web.FilterChainProxy - Secured GET /rewards/status
2026-06-20 10:12:41 [http-nio-8080-exec-6] DEBUG org.springframework.security.web.FilterChainProxy - Securing OPTIONS /rewards/status
2026-06-20 10:12:41 [http-nio-8080-exec-10] DEBUG org.springframework.security.web.FilterChainProxy - Securing GET /rewards/status
2026-06-20 10:12:41 [http-nio-8080-exec-5] DEBUG org.springframework.security.web.FilterChainProxy - Securing OPTIONS /rewards/status
2026-06-20 10:12:41 [http-nio-8080-exec-1] DEBUG org.springframework.security.web.FilterChainProxy - Securing OPTIONS /rewards/status
2026-06-20 10:12:41 [http-nio-8080-exec-8] DEBUG org.springframework.security.web.FilterChainProxy - Securing OPTIONS /rewards/status
2026-06-20 10:12:41 [http-nio-8080-exec-7] DEBUG org.springframework.security.web.FilterChainProxy - Securing OPTIONS /rewards/status
2026-06-20 10:12:41 [http-nio-8080-exec-3] DEBUG org.springframework.security.web.FilterChainProxy - Securing OPTIONS /rewards/status
2026-06-20 10:12:41 [http-nio-8080-exec-2] DEBUG org.springframework.security.web.FilterChainProxy - Securing OPTIONS /rewards/status
2026-06-20 10:12:41 [http-nio-8080-exec-10] DEBUG org.springframework.security.web.FilterChainProxy - Secured GET /rewards/status
2026-06-20 10:12:41 [http-nio-8080-exec-4] DEBUG org.springframework.security.web.FilterChainProxy - Securing OPTIONS /transactions/gettranslog?vpaId=sowjenmeher1290902@mts
2026-06-20 10:12:41 [http-nio-8080-exec-9] DEBUG org.springframework.security.web.FilterChainProxy - Securing OPTIONS /rewards/status
2026-06-20 10:12:41 [http-nio-8080-exec-6] DEBUG org.springframework.security.web.FilterChainProxy - Securing GET /transactions/gettranslog?vpaId=sowjenmeher1290902@mts
2026-06-20 10:12:41 [http-nio-8080-exec-5] DEBUG org.springframework.security.web.FilterChainProxy - Securing GET /rewards/status
2026-06-20 10:12:41 [http-nio-8080-exec-6] DEBUG org.springframework.security.web.FilterChainProxy - Secured GET /transactions/gettranslog?vpaId=sowjenmeher1290902@mts
2026-06-20 10:12:41 [http-nio-8080-exec-6] INFO  com.training.mts.aop.LoggingAspect - Entering method: TransactionServiceImpl.getTransactionHistory(..) with arguments: [sowjenmeher1290902@mts]
2026-06-20 10:12:41 [http-nio-8080-exec-5] DEBUG org.springframework.security.web.FilterChainProxy - Secured GET /rewards/status
2026-06-20 10:12:41 [http-nio-8080-exec-1] DEBUG org.springframework.security.web.FilterChainProxy - Securing GET /rewards/status
2026-06-20 10:12:41 [http-nio-8080-exec-6] INFO  com.training.mts.aop.LoggingAspect - Method executed successfully: TransactionServiceImpl.getTransactionHistory(..) | Returned: com.training.mts.dto.TransactionHistoryResponse@2aaeb311
2026-06-20 10:12:41 [http-nio-8080-exec-1] DEBUG org.springframework.security.web.FilterChainProxy - Secured GET /rewards/status
2026-06-20 10:12:41 [http-nio-8080-exec-3] DEBUG org.springframework.security.web.FilterChainProxy - Securing GET /rewards/status
2026-06-20 10:12:41 [http-nio-8080-exec-7] DEBUG org.springframework.security.web.FilterChainProxy - Securing OPTIONS /users/getbyvpa?vpaId=deepchan0498401@mts
2026-06-20 10:12:41 [http-nio-8080-exec-8] DEBUG org.springframework.security.web.FilterChainProxy - Securing GET /users/getbyvpa?vpaId=deepchan0498401@mts
2026-06-20 10:12:41 [http-nio-8080-exec-3] DEBUG org.springframework.security.web.FilterChainProxy - Secured GET /rewards/status
2026-06-20 10:12:41 [http-nio-8080-exec-8] DEBUG org.springframework.security.web.FilterChainProxy - Secured GET /users/getbyvpa?vpaId=deepchan0498401@mts
2026-06-20 10:12:41 [http-nio-8080-exec-8] DEBUG org.springframework.security.web.FilterChainProxy - Securing GET /error?vpaId=deepchan0498401@mts
2026-06-20 10:12:41 [http-nio-8080-exec-8] DEBUG org.springframework.security.web.authentication.AnonymousAuthenticationFilter - Set SecurityContextHolder to anonymous SecurityContext
2026-06-20 10:12:41 [http-nio-8080-exec-8] DEBUG org.springframework.security.web.authentication.Http403ForbiddenEntryPoint - Pre-authenticated entry point called. Rejecting access
2026-06-20 10:12:41 [http-nio-8080-exec-2] DEBUG org.springframework.security.web.FilterChainProxy - Securing OPTIONS /users/getbyvpa?vpaId=deepchan0498401@mts
2026-06-20 10:12:41 [http-nio-8080-exec-9] DEBUG org.springframework.security.web.FilterChainProxy - Securing GET /rewards/status
2026-06-20 10:12:41 [http-nio-8080-exec-4] DEBUG org.springframework.security.web.FilterChainProxy - Securing GET /users/getbyvpa?vpaId=deepchan0498401@mts
2026-06-20 10:12:41 [http-nio-8080-exec-9] DEBUG org.springframework.security.web.FilterChainProxy - Secured GET /rewards/status
2026-06-20 10:12:41 [http-nio-8080-exec-4] DEBUG org.springframework.security.web.FilterChainProxy - Secured GET /users/getbyvpa?vpaId=deepchan0498401@mts
2026-06-20 10:12:41 [http-nio-8080-exec-4] DEBUG org.springframework.security.web.FilterChainProxy - Securing GET /error?vpaId=deepchan0498401@mts
2026-06-20 10:12:41 [http-nio-8080-exec-4] DEBUG org.springframework.security.web.authentication.AnonymousAuthenticationFilter - Set SecurityContextHolder to anonymous SecurityContext
2026-06-20 10:12:41 [http-nio-8080-exec-4] DEBUG org.springframework.security.web.authentication.Http403ForbiddenEntryPoint - Pre-authenticated entry point called. Rejecting access
2026-06-20 10:12:41 [http-nio-8080-exec-10] DEBUG org.springframework.security.web.FilterChainProxy - Securing GET /rewards/status
2026-06-20 10:12:41 [http-nio-8080-exec-5] DEBUG org.springframework.security.web.FilterChainProxy - Securing OPTIONS /users/getbyvpa?vpaId=deepchan0498401@mts
2026-06-20 10:12:41 [http-nio-8080-exec-6] DEBUG org.springframework.security.web.FilterChainProxy - Securing GET /users/getbyvpa?vpaId=deepchan0498401@mts
2026-06-20 10:12:42 [http-nio-8080-exec-10] DEBUG org.springframework.security.web.FilterChainProxy - Secured GET /rewards/status
2026-06-20 10:12:42 [http-nio-8080-exec-6] DEBUG org.springframework.security.web.FilterChainProxy - Secured GET /users/getbyvpa?vpaId=deepchan0498401@mts
2026-06-20 10:12:42 [http-nio-8080-exec-6] DEBUG org.springframework.security.web.FilterChainProxy - Securing GET /error?vpaId=deepchan0498401@mts
2026-06-20 10:12:42 [http-nio-8080-exec-6] DEBUG org.springframework.security.web.authentication.AnonymousAuthenticationFilter - Set SecurityContextHolder to anonymous SecurityContext
2026-06-20 10:12:42 [http-nio-8080-exec-1] DEBUG org.springframework.security.web.FilterChainProxy - Securing GET /rewards/status
2026-06-20 10:12:42 [http-nio-8080-exec-6] DEBUG org.springframework.security.web.authentication.Http403ForbiddenEntryPoint - Pre-authenticated entry point called. Rejecting access
2026-06-20 10:12:42 [http-nio-8080-exec-7] DEBUG org.springframework.security.web.FilterChainProxy - Securing OPTIONS /users/getbyvpa?vpaId=deepchan0498401@mts
2026-06-20 10:12:42 [http-nio-8080-exec-1] DEBUG org.springframework.security.web.FilterChainProxy - Secured GET /rewards/status
2026-06-20 10:12:42 [http-nio-8080-exec-3] DEBUG org.springframework.security.web.FilterChainProxy - Securing GET /users/getbyvpa?vpaId=deepchan0498401@mts
2026-06-20 10:12:42 [http-nio-8080-exec-8] DEBUG org.springframework.security.web.FilterChainProxy - Securing GET /rewards/status
2026-06-20 10:12:42 [http-nio-8080-exec-3] DEBUG org.springframework.security.web.FilterChainProxy - Secured GET /users/getbyvpa?vpaId=deepchan0498401@mts
2026-06-20 10:12:42 [http-nio-8080-exec-3] DEBUG org.springframework.security.web.FilterChainProxy - Securing GET /error?vpaId=deepchan0498401@mts
2026-06-20 10:12:42 [http-nio-8080-exec-3] DEBUG org.springframework.security.web.authentication.AnonymousAuthenticationFilter - Set SecurityContextHolder to anonymous SecurityContext
2026-06-20 10:12:42 [http-nio-8080-exec-3] DEBUG org.springframework.security.web.authentication.Http403ForbiddenEntryPoint - Pre-authenticated entry point called. Rejecting access
2026-06-20 10:12:42 [http-nio-8080-exec-8] DEBUG org.springframework.security.web.FilterChainProxy - Secured GET /rewards/status
2026-06-20 10:12:42 [http-nio-8080-exec-2] DEBUG org.springframework.security.web.FilterChainProxy - Securing OPTIONS /users/getbyvpa?vpaId=deepchan0498401@mts
2026-06-20 10:12:42 [http-nio-8080-exec-4] DEBUG org.springframework.security.web.FilterChainProxy - Securing GET /users/getbyvpa?vpaId=deepchan0498401@mts
2026-06-20 10:12:42 [http-nio-8080-exec-4] DEBUG org.springframework.security.web.FilterChainProxy - Secured GET /users/getbyvpa?vpaId=deepchan0498401@mts
2026-06-20 10:12:42 [http-nio-8080-exec-4] DEBUG org.springframework.security.web.FilterChainProxy - Securing GET /error?vpaId=deepchan0498401@mts
2026-06-20 10:12:42 [http-nio-8080-exec-4] DEBUG org.springframework.security.web.authentication.AnonymousAuthenticationFilter - Set SecurityContextHolder to anonymous SecurityContext
2026-06-20 10:12:42 [http-nio-8080-exec-4] DEBUG org.springframework.security.web.authentication.Http403ForbiddenEntryPoint - Pre-authenticated entry point called. Rejecting access
2026-06-20 10:14:44 [http-nio-8080-exec-3] DEBUG org.springframework.security.web.FilterChainProxy - Securing OPTIONS /rewards/status
2026-06-20 10:14:44 [http-nio-8080-exec-2] DEBUG org.springframework.security.web.FilterChainProxy - Securing GET /rewards/status
2026-06-20 10:14:44 [http-nio-8080-exec-2] DEBUG org.springframework.security.web.FilterChainProxy - Secured GET /rewards/status
2026-06-20 10:14:44 [http-nio-8080-exec-8] DEBUG org.springframework.security.web.FilterChainProxy - Securing OPTIONS /rewards/status
2026-06-20 10:14:44 [http-nio-8080-exec-4] DEBUG org.springframework.security.web.FilterChainProxy - Securing OPTIONS /transactions/gettranslog?vpaId=sowjenmeher1290902@mts
2026-06-20 10:14:44 [http-nio-8080-exec-9] DEBUG org.springframework.security.web.FilterChainProxy - Securing OPTIONS /rewards/status
2026-06-20 10:14:44 [http-nio-8080-exec-10] DEBUG org.springframework.security.web.FilterChainProxy - Securing GET /rewards/status
2026-06-20 10:14:44 [http-nio-8080-exec-5] DEBUG org.springframework.security.web.FilterChainProxy - Securing GET /transactions/gettranslog?vpaId=sowjenmeher1290902@mts
2026-06-20 10:14:44 [http-nio-8080-exec-10] DEBUG org.springframework.security.web.FilterChainProxy - Secured GET /rewards/status
2026-06-20 10:14:44 [http-nio-8080-exec-5] DEBUG org.springframework.security.web.FilterChainProxy - Secured GET /transactions/gettranslog?vpaId=sowjenmeher1290902@mts
2026-06-20 10:14:44 [http-nio-8080-exec-5] INFO  com.training.mts.aop.LoggingAspect - Entering method: TransactionServiceImpl.getTransactionHistory(..) with arguments: [sowjenmeher1290902@mts]
2026-06-20 10:14:44 [http-nio-8080-exec-6] DEBUG org.springframework.security.web.FilterChainProxy - Securing GET /rewards/status
2026-06-20 10:14:44 [http-nio-8080-exec-6] DEBUG org.springframework.security.web.FilterChainProxy - Secured GET /rewards/status
2026-06-20 10:14:44 [http-nio-8080-exec-5] INFO  com.training.mts.aop.LoggingAspect - Method executed successfully: TransactionServiceImpl.getTransactionHistory(..) | Returned: com.training.mts.dto.TransactionHistoryResponse@74f9f365
2026-06-20 10:14:44 [http-nio-8080-exec-7] DEBUG org.springframework.security.web.FilterChainProxy - Securing OPTIONS /users/getbyvpa?vpaId=deepchan0498401@mts
2026-06-20 10:14:44 [http-nio-8080-exec-1] DEBUG org.springframework.security.web.FilterChainProxy - Securing GET /users/getbyvpa?vpaId=deepchan0498401@mts
2026-06-20 10:14:44 [http-nio-8080-exec-1] DEBUG org.springframework.security.web.FilterChainProxy - Secured GET /users/getbyvpa?vpaId=deepchan0498401@mts
2026-06-20 10:14:44 [http-nio-8080-exec-1] DEBUG org.springframework.security.web.FilterChainProxy - Securing GET /error?vpaId=deepchan0498401@mts
2026-06-20 10:14:44 [http-nio-8080-exec-1] DEBUG org.springframework.security.web.authentication.AnonymousAuthenticationFilter - Set SecurityContextHolder to anonymous SecurityContext
2026-06-20 10:14:44 [http-nio-8080-exec-1] DEBUG org.springframework.security.web.authentication.Http403ForbiddenEntryPoint - Pre-authenticated entry point called. Rejecting access
2026-06-20 10:14:44 [http-nio-8080-exec-3] DEBUG org.springframework.security.web.FilterChainProxy - Securing OPTIONS /users/getbyvpa?vpaId=deepchan0498401@mts
2026-06-20 10:14:44 [http-nio-8080-exec-2] DEBUG org.springframework.security.web.FilterChainProxy - Securing GET /users/getbyvpa?vpaId=deepchan0498401@mts
2026-06-20 10:14:44 [http-nio-8080-exec-2] DEBUG org.springframework.security.web.FilterChainProxy - Secured GET /users/getbyvpa?vpaId=deepchan0498401@mts
2026-06-20 10:14:44 [http-nio-8080-exec-2] DEBUG org.springframework.security.web.FilterChainProxy - Securing GET /error?vpaId=deepchan0498401@mts
2026-06-20 10:14:44 [http-nio-8080-exec-2] DEBUG org.springframework.security.web.authentication.AnonymousAuthenticationFilter - Set SecurityContextHolder to anonymous SecurityContext
2026-06-20 10:14:44 [http-nio-8080-exec-2] DEBUG org.springframework.security.web.authentication.Http403ForbiddenEntryPoint - Pre-authenticated entry point called. Rejecting access
2026-06-20 10:14:44 [http-nio-8080-exec-8] DEBUG org.springframework.security.web.FilterChainProxy - Securing OPTIONS /users/getbyvpa?vpaId=deepchan0498401@mts
2026-06-20 10:14:44 [http-nio-8080-exec-4] DEBUG org.springframework.security.web.FilterChainProxy - Securing GET /users/getbyvpa?vpaId=deepchan0498401@mts
2026-06-20 10:14:44 [http-nio-8080-exec-4] DEBUG org.springframework.security.web.FilterChainProxy - Secured GET /users/getbyvpa?vpaId=deepchan0498401@mts
2026-06-20 10:14:44 [http-nio-8080-exec-4] DEBUG org.springframework.security.web.FilterChainProxy - Securing GET /error?vpaId=deepchan0498401@mts
2026-06-20 10:14:44 [http-nio-8080-exec-4] DEBUG org.springframework.security.web.authentication.AnonymousAuthenticationFilter - Set SecurityContextHolder to anonymous SecurityContext
2026-06-20 10:14:44 [http-nio-8080-exec-4] DEBUG org.springframework.security.web.authentication.Http403ForbiddenEntryPoint - Pre-authenticated entry point called. Rejecting access
2026-06-20 10:14:44 [http-nio-8080-exec-9] DEBUG org.springframework.security.web.FilterChainProxy - Securing OPTIONS /users/getbyvpa?vpaId=deepchan0498401@mts
2026-06-20 10:14:44 [http-nio-8080-exec-10] DEBUG org.springframework.security.web.FilterChainProxy - Securing GET /users/getbyvpa?vpaId=deepchan0498401@mts
2026-06-20 10:14:44 [http-nio-8080-exec-10] DEBUG org.springframework.security.web.FilterChainProxy - Secured GET /users/getbyvpa?vpaId=deepchan0498401@mts
2026-06-20 10:14:44 [http-nio-8080-exec-10] DEBUG org.springframework.security.web.FilterChainProxy - Securing GET /error?vpaId=deepchan0498401@mts
2026-06-20 10:14:44 [http-nio-8080-exec-10] DEBUG org.springframework.security.web.authentication.AnonymousAuthenticationFilter - Set SecurityContextHolder to anonymous SecurityContext
2026-06-20 10:14:44 [http-nio-8080-exec-10] DEBUG org.springframework.security.web.authentication.Http403ForbiddenEntryPoint - Pre-authenticated entry point called. Rejecting access
2026-06-20 10:14:44 [http-nio-8080-exec-5] DEBUG org.springframework.security.web.FilterChainProxy - Securing OPTIONS /users/getbyvpa?vpaId=deepchan0498401@mts
2026-06-20 10:14:44 [http-nio-8080-exec-6] DEBUG org.springframework.security.web.FilterChainProxy - Securing GET /users/getbyvpa?vpaId=deepchan0498401@mts
2026-06-20 10:14:44 [http-nio-8080-exec-6] DEBUG org.springframework.security.web.FilterChainProxy - Secured GET /users/getbyvpa?vpaId=deepchan0498401@mts
2026-06-20 10:14:44 [http-nio-8080-exec-6] DEBUG org.springframework.security.web.FilterChainProxy - Securing GET /error?vpaId=deepchan0498401@mts
2026-06-20 10:14:44 [http-nio-8080-exec-6] DEBUG org.springframework.security.web.authentication.AnonymousAuthenticationFilter - Set SecurityContextHolder to anonymous SecurityContext
2026-06-20 10:14:44 [http-nio-8080-exec-6] DEBUG org.springframework.security.web.authentication.Http403ForbiddenEntryPoint - Pre-authenticated entry point called. Rejecting access
2026-06-20 10:14:46 [http-nio-8080-exec-1] DEBUG org.springframework.security.web.FilterChainProxy - Securing OPTIONS /rewards/status
2026-06-20 10:14:46 [http-nio-8080-exec-3] DEBUG org.springframework.security.web.FilterChainProxy - Securing OPTIONS /rewards/status
2026-06-20 10:14:46 [http-nio-8080-exec-7] DEBUG org.springframework.security.web.FilterChainProxy - Securing OPTIONS /rewards/status
2026-06-20 10:14:46 [http-nio-8080-exec-2] DEBUG org.springframework.security.web.FilterChainProxy - Securing OPTIONS /transactions/gettranslog?vpaId=sowjenmeher1290902@mts
2026-06-20 10:14:46 [http-nio-8080-exec-8] DEBUG org.springframework.security.web.FilterChainProxy - Securing OPTIONS /rewards/status
2026-06-20 10:14:46 [http-nio-8080-exec-4] DEBUG org.springframework.security.web.FilterChainProxy - Securing GET /rewards/status
2026-06-20 10:14:46 [http-nio-8080-exec-9] DEBUG org.springframework.security.web.FilterChainProxy - Securing GET /transactions/gettranslog?vpaId=sowjenmeher1290902@mts
2026-06-20 10:14:46 [http-nio-8080-exec-4] DEBUG org.springframework.security.web.FilterChainProxy - Secured GET /rewards/status
2026-06-20 10:14:46 [http-nio-8080-exec-10] DEBUG org.springframework.security.web.FilterChainProxy - Securing GET /rewards/status
2026-06-20 10:14:46 [http-nio-8080-exec-9] DEBUG org.springframework.security.web.FilterChainProxy - Secured GET /transactions/gettranslog?vpaId=sowjenmeher1290902@mts
2026-06-20 10:14:46 [http-nio-8080-exec-9] INFO  com.training.mts.aop.LoggingAspect - Entering method: TransactionServiceImpl.getTransactionHistory(..) with arguments: [sowjenmeher1290902@mts]
2026-06-20 10:14:46 [http-nio-8080-exec-10] DEBUG org.springframework.security.web.FilterChainProxy - Secured GET /rewards/status
2026-06-20 10:14:46 [http-nio-8080-exec-10] DEBUG org.springframework.security.web.FilterChainProxy - Securing GET /rewards/status
2026-06-20 10:14:46 [http-nio-8080-exec-9] INFO  com.training.mts.aop.LoggingAspect - Method executed successfully: TransactionServiceImpl.getTransactionHistory(..) | Returned: com.training.mts.dto.TransactionHistoryResponse@1d33e569
2026-06-20 10:14:46 [http-nio-8080-exec-6] DEBUG org.springframework.security.web.FilterChainProxy - Securing OPTIONS /users/getbyvpa?vpaId=deepchan0498401@mts
2026-06-20 10:14:46 [http-nio-8080-exec-3] DEBUG org.springframework.security.web.FilterChainProxy - Securing GET /users/getbyvpa?vpaId=deepchan0498401@mts
2026-06-20 10:14:47 [http-nio-8080-exec-10] DEBUG org.springframework.security.web.FilterChainProxy - Secured GET /rewards/status
2026-06-20 10:14:47 [http-nio-8080-exec-3] DEBUG org.springframework.security.web.FilterChainProxy - Secured GET /users/getbyvpa?vpaId=deepchan0498401@mts
2026-06-20 10:14:47 [http-nio-8080-exec-3] DEBUG org.springframework.security.web.FilterChainProxy - Securing GET /error?vpaId=deepchan0498401@mts
2026-06-20 10:14:47 [http-nio-8080-exec-3] DEBUG org.springframework.security.web.authentication.AnonymousAuthenticationFilter - Set SecurityContextHolder to anonymous SecurityContext
2026-06-20 10:14:47 [http-nio-8080-exec-3] DEBUG org.springframework.security.web.authentication.Http403ForbiddenEntryPoint - Pre-authenticated entry point called. Rejecting access
2026-06-20 10:14:47 [http-nio-8080-exec-1] DEBUG org.springframework.security.web.FilterChainProxy - Securing GET /rewards/status
2026-06-20 10:14:47 [http-nio-8080-exec-1] DEBUG org.springframework.security.web.FilterChainProxy - Secured GET /rewards/status
2026-06-20 10:29:57 [http-nio-8080-exec-9] DEBUG org.springframework.security.web.FilterChainProxy - Securing OPTIONS /transactions/gettranslog?vpaId=sowjenmeher1290902@mts
2026-06-20 10:29:57 [http-nio-8080-exec-5] DEBUG org.springframework.security.web.FilterChainProxy - Securing OPTIONS /rewards/status
2026-06-20 10:29:57 [http-nio-8080-exec-10] DEBUG org.springframework.security.web.FilterChainProxy - Securing OPTIONS /rewards/status
2026-06-20 10:29:57 [http-nio-8080-exec-6] DEBUG org.springframework.security.web.FilterChainProxy - Securing OPTIONS /rewards/status
2026-06-20 10:29:57 [http-nio-8080-exec-3] DEBUG org.springframework.security.web.FilterChainProxy - Securing GET /rewards/status
2026-06-20 10:29:57 [http-nio-8080-exec-1] DEBUG org.springframework.security.web.FilterChainProxy - Securing GET /transactions/gettranslog?vpaId=sowjenmeher1290902@mts
2026-06-20 10:29:58 [http-nio-8080-exec-1] DEBUG org.springframework.security.web.FilterChainProxy - Secured GET /transactions/gettranslog?vpaId=sowjenmeher1290902@mts
2026-06-20 10:29:58 [http-nio-8080-exec-3] DEBUG org.springframework.security.web.FilterChainProxy - Secured GET /rewards/status
2026-06-20 10:29:58 [http-nio-8080-exec-1] INFO  com.training.mts.aop.LoggingAspect - Entering method: TransactionServiceImpl.getTransactionHistory(..) with arguments: [sowjenmeher1290902@mts]
2026-06-20 10:29:58 [http-nio-8080-exec-7] DEBUG org.springframework.security.web.FilterChainProxy - Securing GET /rewards/status
2026-06-20 10:29:58 [http-nio-8080-exec-7] DEBUG org.springframework.security.web.FilterChainProxy - Secured GET /rewards/status
2026-06-20 10:29:58 [http-nio-8080-exec-2] DEBUG org.springframework.security.web.FilterChainProxy - Securing GET /rewards/status
2026-06-20 10:29:58 [http-nio-8080-exec-2] DEBUG org.springframework.security.web.FilterChainProxy - Secured GET /rewards/status
2026-06-20 10:29:58 [http-nio-8080-exec-1] INFO  com.training.mts.aop.LoggingAspect - Method executed successfully: TransactionServiceImpl.getTransactionHistory(..) | Returned: com.training.mts.dto.TransactionHistoryResponse@7dfd33b7
2026-06-20 10:30:38 [http-nio-8080-exec-8] DEBUG org.springframework.security.web.FilterChainProxy - Securing OPTIONS /rewards/status
2026-06-20 10:30:38 [http-nio-8080-exec-9] DEBUG org.springframework.security.web.FilterChainProxy - Securing OPTIONS /transactions/gettranslog?vpaId=sowjenmeher1290902@mts
2026-06-20 10:30:38 [http-nio-8080-exec-10] DEBUG org.springframework.security.web.FilterChainProxy - Securing OPTIONS /rewards/status
2026-06-20 10:30:38 [http-nio-8080-exec-4] DEBUG org.springframework.security.web.FilterChainProxy - Securing OPTIONS /rewards/status
2026-06-20 10:30:38 [http-nio-8080-exec-6] DEBUG org.springframework.security.web.FilterChainProxy - Securing GET /rewards/status
2026-06-20 10:30:38 [http-nio-8080-exec-5] DEBUG org.springframework.security.web.FilterChainProxy - Securing GET /transactions/gettranslog?vpaId=sowjenmeher1290902@mts
2026-06-20 10:30:38 [http-nio-8080-exec-5] DEBUG org.springframework.security.web.FilterChainProxy - Secured GET /transactions/gettranslog?vpaId=sowjenmeher1290902@mts
2026-06-20 10:30:38 [http-nio-8080-exec-5] INFO  com.training.mts.aop.LoggingAspect - Entering method: TransactionServiceImpl.getTransactionHistory(..) with arguments: [sowjenmeher1290902@mts]
2026-06-20 10:30:38 [http-nio-8080-exec-6] DEBUG org.springframework.security.web.FilterChainProxy - Secured GET /rewards/status
2026-06-20 10:30:38 [http-nio-8080-exec-3] DEBUG org.springframework.security.web.FilterChainProxy - Securing GET /rewards/status
2026-06-20 10:30:38 [http-nio-8080-exec-5] INFO  com.training.mts.aop.LoggingAspect - Method executed successfully: TransactionServiceImpl.getTransactionHistory(..) | Returned: com.training.mts.dto.TransactionHistoryResponse@1f1e650b
2026-06-20 10:30:38 [http-nio-8080-exec-3] DEBUG org.springframework.security.web.FilterChainProxy - Secured GET /rewards/status
2026-06-20 10:30:38 [http-nio-8080-exec-7] DEBUG org.springframework.security.web.FilterChainProxy - Securing GET /rewards/status
2026-06-20 10:30:38 [http-nio-8080-exec-7] DEBUG org.springframework.security.web.FilterChainProxy - Secured GET /rewards/status
2026-06-20 10:31:21 [http-nio-8080-exec-2] DEBUG org.springframework.security.web.FilterChainProxy - Securing OPTIONS /rewards/status
2026-06-20 10:31:21 [http-nio-8080-exec-1] DEBUG org.springframework.security.web.FilterChainProxy - Securing OPTIONS /rewards/status
2026-06-20 10:31:21 [http-nio-8080-exec-9] DEBUG org.springframework.security.web.FilterChainProxy - Securing OPTIONS /rewards/status
2026-06-20 10:31:21 [http-nio-8080-exec-8] DEBUG org.springframework.security.web.FilterChainProxy - Securing OPTIONS /transactions/gettranslog?vpaId=sowjenmeher1290902@mts
2026-06-20 10:31:21 [http-nio-8080-exec-4] DEBUG org.springframework.security.web.FilterChainProxy - Securing GET /rewards/status
2026-06-20 10:31:21 [http-nio-8080-exec-10] DEBUG org.springframework.security.web.FilterChainProxy - Securing GET /transactions/gettranslog?vpaId=sowjenmeher1290902@mts
2026-06-20 10:31:22 [http-nio-8080-exec-10] DEBUG org.springframework.security.web.FilterChainProxy - Secured GET /transactions/gettranslog?vpaId=sowjenmeher1290902@mts
2026-06-20 10:31:22 [http-nio-8080-exec-10] INFO  com.training.mts.aop.LoggingAspect - Entering method: TransactionServiceImpl.getTransactionHistory(..) with arguments: [sowjenmeher1290902@mts]
2026-06-20 10:31:22 [http-nio-8080-exec-4] DEBUG org.springframework.security.web.FilterChainProxy - Secured GET /rewards/status
2026-06-20 10:31:22 [http-nio-8080-exec-6] DEBUG org.springframework.security.web.FilterChainProxy - Securing GET /rewards/status
2026-06-20 10:31:22 [http-nio-8080-exec-10] INFO  com.training.mts.aop.LoggingAspect - Method executed successfully: TransactionServiceImpl.getTransactionHistory(..) | Returned: com.training.mts.dto.TransactionHistoryResponse@3a88a262
2026-06-20 10:31:22 [http-nio-8080-exec-6] DEBUG org.springframework.security.web.FilterChainProxy - Secured GET /rewards/status
2026-06-20 10:31:22 [http-nio-8080-exec-5] DEBUG org.springframework.security.web.FilterChainProxy - Securing GET /rewards/status
2026-06-20 10:31:22 [http-nio-8080-exec-5] DEBUG org.springframework.security.web.FilterChainProxy - Secured GET /rewards/status
2026-06-20 10:31:23 [http-nio-8080-exec-3] DEBUG org.springframework.security.web.FilterChainProxy - Securing OPTIONS /rewards/status
2026-06-20 10:31:23 [http-nio-8080-exec-7] DEBUG org.springframework.security.web.FilterChainProxy - Securing OPTIONS /rewards/status
2026-06-20 10:31:23 [http-nio-8080-exec-9] DEBUG org.springframework.security.web.FilterChainProxy - Securing OPTIONS /transactions/gettranslog?vpaId=sowjenmeher1290902@mts
2026-06-20 10:31:23 [http-nio-8080-exec-8] DEBUG org.springframework.security.web.FilterChainProxy - Securing OPTIONS /rewards/status
2026-06-20 10:31:23 [http-nio-8080-exec-2] DEBUG org.springframework.security.web.FilterChainProxy - Securing GET /transactions/gettranslog?vpaId=sowjenmeher1290902@mts
2026-06-20 10:31:23 [http-nio-8080-exec-8] DEBUG org.springframework.security.web.FilterChainProxy - Securing GET /rewards/status
2026-06-20 10:31:23 [http-nio-8080-exec-8] DEBUG org.springframework.security.web.FilterChainProxy - Secured GET /rewards/status
2026-06-20 10:31:23 [http-nio-8080-exec-2] DEBUG org.springframework.security.web.FilterChainProxy - Secured GET /transactions/gettranslog?vpaId=sowjenmeher1290902@mts
2026-06-20 10:31:23 [http-nio-8080-exec-2] INFO  com.training.mts.aop.LoggingAspect - Entering method: TransactionServiceImpl.getTransactionHistory(..) with arguments: [sowjenmeher1290902@mts]
2026-06-20 10:31:23 [http-nio-8080-exec-1] DEBUG org.springframework.security.web.FilterChainProxy - Securing GET /rewards/status
2026-06-20 10:31:23 [http-nio-8080-exec-2] INFO  com.training.mts.aop.LoggingAspect - Method executed successfully: TransactionServiceImpl.getTransactionHistory(..) | Returned: com.training.mts.dto.TransactionHistoryResponse@235a0149
2026-06-20 10:31:23 [http-nio-8080-exec-1] DEBUG org.springframework.security.web.FilterChainProxy - Secured GET /rewards/status
2026-06-20 10:31:24 [http-nio-8080-exec-4] DEBUG org.springframework.security.web.FilterChainProxy - Securing GET /rewards/status
2026-06-20 10:31:24 [http-nio-8080-exec-4] DEBUG org.springframework.security.web.FilterChainProxy - Secured GET /rewards/status
2026-06-20 10:31:28 [http-nio-8080-exec-10] DEBUG org.springframework.security.web.FilterChainProxy - Securing OPTIONS /rewards/status
2026-06-20 10:31:28 [http-nio-8080-exec-6] DEBUG org.springframework.security.web.FilterChainProxy - Securing OPTIONS /rewards/status
2026-06-20 10:31:28 [http-nio-8080-exec-9] DEBUG org.springframework.security.web.FilterChainProxy - Securing OPTIONS /rewards/status
2026-06-20 10:31:29 [http-nio-8080-exec-5] DEBUG org.springframework.security.web.FilterChainProxy - Securing OPTIONS /transactions/gettranslog?vpaId=sowjenmeher1290902@mts
2026-06-20 10:31:29 [http-nio-8080-exec-7] DEBUG org.springframework.security.web.FilterChainProxy - Securing GET /transactions/gettranslog?vpaId=sowjenmeher1290902@mts
2026-06-20 10:31:29 [http-nio-8080-exec-3] DEBUG org.springframework.security.web.FilterChainProxy - Securing GET /rewards/status
2026-06-20 10:31:29 [http-nio-8080-exec-3] DEBUG org.springframework.security.web.FilterChainProxy - Secured GET /rewards/status
2026-06-20 10:31:29 [http-nio-8080-exec-7] DEBUG org.springframework.security.web.FilterChainProxy - Secured GET /transactions/gettranslog?vpaId=sowjenmeher1290902@mts
2026-06-20 10:31:29 [http-nio-8080-exec-7] INFO  com.training.mts.aop.LoggingAspect - Entering method: TransactionServiceImpl.getTransactionHistory(..) with arguments: [sowjenmeher1290902@mts]
2026-06-20 10:31:29 [http-nio-8080-exec-8] DEBUG org.springframework.security.web.FilterChainProxy - Securing GET /rewards/status
2026-06-20 10:31:29 [http-nio-8080-exec-7] INFO  com.training.mts.aop.LoggingAspect - Method executed successfully: TransactionServiceImpl.getTransactionHistory(..) | Returned: com.training.mts.dto.TransactionHistoryResponse@3ecae588
2026-06-20 10:31:29 [http-nio-8080-exec-8] DEBUG org.springframework.security.web.FilterChainProxy - Secured GET /rewards/status
2026-06-20 10:31:29 [http-nio-8080-exec-2] DEBUG org.springframework.security.web.FilterChainProxy - Securing GET /rewards/status
2026-06-20 10:31:29 [http-nio-8080-exec-2] DEBUG org.springframework.security.web.FilterChainProxy - Secured GET /rewards/status
2026-06-20 10:31:47 [http-nio-8080-exec-1] DEBUG org.springframework.security.web.FilterChainProxy - Securing OPTIONS /rewards/status
2026-06-20 10:31:47 [http-nio-8080-exec-4] DEBUG org.springframework.security.web.FilterChainProxy - Securing OPTIONS /rewards/status
2026-06-20 10:31:47 [http-nio-8080-exec-5] DEBUG org.springframework.security.web.FilterChainProxy - Securing OPTIONS /rewards/status
2026-06-20 10:31:47 [http-nio-8080-exec-10] DEBUG org.springframework.security.web.FilterChainProxy - Securing OPTIONS /transactions/gettranslog?vpaId=sowjenmeher1290902@mts
2026-06-20 10:31:47 [http-nio-8080-exec-9] DEBUG org.springframework.security.web.FilterChainProxy - Securing GET /rewards/status
2026-06-20 10:31:47 [http-nio-8080-exec-6] DEBUG org.springframework.security.web.FilterChainProxy - Securing GET /transactions/gettranslog?vpaId=sowjenmeher1290902@mts
2026-06-20 10:31:47 [http-nio-8080-exec-6] DEBUG org.springframework.security.web.FilterChainProxy - Secured GET /transactions/gettranslog?vpaId=sowjenmeher1290902@mts
2026-06-20 10:31:47 [http-nio-8080-exec-6] INFO  com.training.mts.aop.LoggingAspect - Entering method: TransactionServiceImpl.getTransactionHistory(..) with arguments: [sowjenmeher1290902@mts]
2026-06-20 10:31:47 [http-nio-8080-exec-9] DEBUG org.springframework.security.web.FilterChainProxy - Secured GET /rewards/status
2026-06-20 10:31:47 [http-nio-8080-exec-6] INFO  com.training.mts.aop.LoggingAspect - Method executed successfully: TransactionServiceImpl.getTransactionHistory(..) | Returned: com.training.mts.dto.TransactionHistoryResponse@72808907
2026-06-20 10:31:47 [http-nio-8080-exec-3] DEBUG org.springframework.security.web.FilterChainProxy - Securing GET /rewards/status
2026-06-20 10:31:48 [http-nio-8080-exec-3] DEBUG org.springframework.security.web.FilterChainProxy - Secured GET /rewards/status
2026-06-20 10:31:48 [http-nio-8080-exec-7] DEBUG org.springframework.security.web.FilterChainProxy - Securing OPTIONS /rewards/status
2026-06-20 10:31:48 [http-nio-8080-exec-1] DEBUG org.springframework.security.web.FilterChainProxy - Securing OPTIONS /rewards/status
2026-06-20 10:31:48 [http-nio-8080-exec-8] DEBUG org.springframework.security.web.FilterChainProxy - Securing OPTIONS /rewards/status
2026-06-20 10:31:48 [http-nio-8080-exec-2] DEBUG org.springframework.security.web.FilterChainProxy - Securing OPTIONS /transactions/gettranslog?vpaId=sowjenmeher1290902@mts
2026-06-20 10:31:49 [http-nio-8080-exec-2] DEBUG org.springframework.security.web.FilterChainProxy - Securing GET /transactions/gettranslog?vpaId=sowjenmeher1290902@mts
2026-06-20 10:31:49 [http-nio-8080-exec-10] DEBUG org.springframework.security.web.FilterChainProxy - Securing GET /rewards/status
2026-06-20 10:31:49 [http-nio-8080-exec-10] DEBUG org.springframework.security.web.FilterChainProxy - Secured GET /rewards/status
2026-06-20 10:31:49 [http-nio-8080-exec-4] DEBUG org.springframework.security.web.FilterChainProxy - Securing GET /rewards/status
2026-06-20 10:31:49 [http-nio-8080-exec-4] DEBUG org.springframework.security.web.FilterChainProxy - Secured GET /rewards/status
2026-06-20 10:31:49 [http-nio-8080-exec-2] DEBUG org.springframework.security.web.FilterChainProxy - Secured GET /transactions/gettranslog?vpaId=sowjenmeher1290902@mts
2026-06-20 10:31:49 [http-nio-8080-exec-5] DEBUG org.springframework.security.web.FilterChainProxy - Securing GET /rewards/status
2026-06-20 10:31:49 [http-nio-8080-exec-2] INFO  com.training.mts.aop.LoggingAspect - Entering method: TransactionServiceImpl.getTransactionHistory(..) with arguments: [sowjenmeher1290902@mts]
2026-06-20 10:31:49 [http-nio-8080-exec-2] INFO  com.training.mts.aop.LoggingAspect - Method executed successfully: TransactionServiceImpl.getTransactionHistory(..) | Returned: com.training.mts.dto.TransactionHistoryResponse@6e391d8d
2026-06-20 10:31:49 [http-nio-8080-exec-5] DEBUG org.springframework.security.web.FilterChainProxy - Secured GET /rewards/status
2026-06-20 10:31:50 [http-nio-8080-exec-6] DEBUG org.springframework.security.web.FilterChainProxy - Securing OPTIONS /rewards/status
2026-06-20 10:31:50 [http-nio-8080-exec-9] DEBUG org.springframework.security.web.FilterChainProxy - Securing OPTIONS /rewards/status
2026-06-20 10:31:50 [http-nio-8080-exec-3] DEBUG org.springframework.security.web.FilterChainProxy - Securing OPTIONS /rewards/status
2026-06-20 10:31:50 [http-nio-8080-exec-1] DEBUG org.springframework.security.web.FilterChainProxy - Securing OPTIONS /rewards/status
2026-06-20 10:31:50 [http-nio-8080-exec-7] DEBUG org.springframework.security.web.FilterChainProxy - Securing OPTIONS /rewards/status
2026-06-20 10:31:50 [http-nio-8080-exec-7] DEBUG org.springframework.security.web.FilterChainProxy - Securing GET /rewards/status
2026-06-20 10:31:50 [http-nio-8080-exec-7] DEBUG org.springframework.security.web.FilterChainProxy - Secured GET /rewards/status
2026-06-20 10:31:50 [http-nio-8080-exec-8] DEBUG org.springframework.security.web.FilterChainProxy - Securing GET /rewards/status
2026-06-20 10:31:50 [http-nio-8080-exec-10] DEBUG org.springframework.security.web.FilterChainProxy - Securing OPTIONS /rewards/list
2026-06-20 10:31:50 [http-nio-8080-exec-4] DEBUG org.springframework.security.web.FilterChainProxy - Securing GET /rewards/list
2026-06-20 10:31:51 [http-nio-8080-exec-4] DEBUG org.springframework.security.web.FilterChainProxy - Secured GET /rewards/list
2026-06-20 10:31:51 [http-nio-8080-exec-8] DEBUG org.springframework.security.web.FilterChainProxy - Secured GET /rewards/status
2026-06-20 10:31:51 [http-nio-8080-exec-2] DEBUG org.springframework.security.web.FilterChainProxy - Securing GET /rewards/status
2026-06-20 10:31:51 [http-nio-8080-exec-2] DEBUG org.springframework.security.web.FilterChainProxy - Secured GET /rewards/status
2026-06-20 10:31:51 [http-nio-8080-exec-4] INFO  com.training.mts.aop.LoggingAspect - Entering method: RewardServiceImpl.getUserScratchCards(..) with arguments: [User{id=2, name='Sowjen Meher', vpa=com.training.mts.model.VPA@6b1acab3}]
2026-06-20 10:31:51 [http-nio-8080-exec-5] DEBUG org.springframework.security.web.FilterChainProxy - Securing GET /rewards/status
2026-06-20 10:31:51 [http-nio-8080-exec-5] DEBUG org.springframework.security.web.FilterChainProxy - Secured GET /rewards/status
2026-06-20 10:31:51 [http-nio-8080-exec-9] DEBUG org.springframework.security.web.FilterChainProxy - Securing GET /rewards/status
2026-06-20 10:31:51 [http-nio-8080-exec-9] DEBUG org.springframework.security.web.FilterChainProxy - Secured GET /rewards/status
2026-06-20 10:31:51 [http-nio-8080-exec-4] INFO  com.training.mts.aop.LoggingAspect - Method executed successfully: RewardServiceImpl.getUserScratchCards(..) | Returned: []
2026-06-20 10:33:02 [http-nio-8080-exec-2] DEBUG org.springframework.security.web.FilterChainProxy - Securing OPTIONS /rewards/status
2026-06-20 10:33:02 [http-nio-8080-exec-9] DEBUG org.springframework.security.web.FilterChainProxy - Securing OPTIONS /rewards/status
2026-06-20 10:33:02 [http-nio-8080-exec-5] DEBUG org.springframework.security.web.FilterChainProxy - Securing OPTIONS /rewards/status
2026-06-20 10:33:02 [http-nio-8080-exec-4] DEBUG org.springframework.security.web.FilterChainProxy - Securing GET /rewards/status
2026-06-20 10:33:02 [http-nio-8080-exec-8] DEBUG org.springframework.security.web.FilterChainProxy - Securing OPTIONS /rewards/status
2026-06-20 10:33:02 [http-nio-8080-exec-4] DEBUG org.springframework.security.web.FilterChainProxy - Secured GET /rewards/status
2026-06-20 10:33:03 [http-nio-8080-exec-3] DEBUG org.springframework.security.web.FilterChainProxy - Securing GET /rewards/status
2026-06-20 10:33:03 [http-nio-8080-exec-3] DEBUG org.springframework.security.web.FilterChainProxy - Secured GET /rewards/status
2026-06-20 10:33:03 [http-nio-8080-exec-6] DEBUG org.springframework.security.web.FilterChainProxy - Securing GET /rewards/status
2026-06-20 10:33:03 [http-nio-8080-exec-1] DEBUG org.springframework.security.web.FilterChainProxy - Securing OPTIONS /rewards/list
2026-06-20 10:33:03 [http-nio-8080-exec-6] DEBUG org.springframework.security.web.FilterChainProxy - Secured GET /rewards/status
2026-06-20 10:33:03 [http-nio-8080-exec-7] DEBUG org.springframework.security.web.FilterChainProxy - Securing GET /rewards/list
2026-06-20 10:33:04 [http-nio-8080-exec-10] DEBUG org.springframework.security.web.FilterChainProxy - Securing GET /rewards/status
2026-06-20 10:33:04 [http-nio-8080-exec-7] DEBUG org.springframework.security.web.FilterChainProxy - Secured GET /rewards/list
2026-06-20 10:33:05 [http-nio-8080-exec-7] INFO  com.training.mts.aop.LoggingAspect - Entering method: RewardServiceImpl.getUserScratchCards(..) with arguments: [User{id=2, name='Sowjen Meher', vpa=com.training.mts.model.VPA@19ff0d91}]
2026-06-20 10:33:05 [http-nio-8080-exec-10] DEBUG org.springframework.security.web.FilterChainProxy - Secured GET /rewards/status
2026-06-20 10:33:05 [http-nio-8080-exec-7] INFO  com.training.mts.aop.LoggingAspect - Method executed successfully: RewardServiceImpl.getUserScratchCards(..) | Returned: []
2026-06-20 10:33:07 [http-nio-8080-exec-2] DEBUG org.springframework.security.web.FilterChainProxy - Securing OPTIONS /rewards/status
2026-06-20 10:33:07 [http-nio-8080-exec-9] DEBUG org.springframework.security.web.FilterChainProxy - Securing OPTIONS /rewards/status
2026-06-20 10:33:07 [http-nio-8080-exec-5] DEBUG org.springframework.security.web.FilterChainProxy - Securing OPTIONS /rewards/status
2026-06-20 10:33:07 [http-nio-8080-exec-8] DEBUG org.springframework.security.web.FilterChainProxy - Securing OPTIONS /transactions/gettranslog?vpaId=sowjenmeher1290902@mts
2026-06-20 10:33:07 [http-nio-8080-exec-4] DEBUG org.springframework.security.web.FilterChainProxy - Securing OPTIONS /rewards/status
2026-06-20 10:33:07 [http-nio-8080-exec-3] DEBUG org.springframework.security.web.FilterChainProxy - Securing GET /rewards/status
2026-06-20 10:33:07 [http-nio-8080-exec-1] DEBUG org.springframework.security.web.FilterChainProxy - Securing GET /transactions/gettranslog?vpaId=sowjenmeher1290902@mts
2026-06-20 10:33:07 [http-nio-8080-exec-1] DEBUG org.springframework.security.web.FilterChainProxy - Secured GET /transactions/gettranslog?vpaId=sowjenmeher1290902@mts
2026-06-20 10:33:07 [http-nio-8080-exec-3] DEBUG org.springframework.security.web.FilterChainProxy - Secured GET /rewards/status
2026-06-20 10:33:07 [http-nio-8080-exec-1] INFO  com.training.mts.aop.LoggingAspect - Entering method: TransactionServiceImpl.getTransactionHistory(..) with arguments: [sowjenmeher1290902@mts]
2026-06-20 10:33:07 [http-nio-8080-exec-6] DEBUG org.springframework.security.web.FilterChainProxy - Securing GET /rewards/status
2026-06-20 10:33:07 [http-nio-8080-exec-1] INFO  com.training.mts.aop.LoggingAspect - Method executed successfully: TransactionServiceImpl.getTransactionHistory(..) | Returned: com.training.mts.dto.TransactionHistoryResponse@4a2b46ea
2026-06-20 10:33:07 [http-nio-8080-exec-6] DEBUG org.springframework.security.web.FilterChainProxy - Secured GET /rewards/status
2026-06-20 10:33:07 [http-nio-8080-exec-10] DEBUG org.springframework.security.web.FilterChainProxy - Securing GET /rewards/status
2026-06-20 10:33:07 [http-nio-8080-exec-10] DEBUG org.springframework.security.web.FilterChainProxy - Secured GET /rewards/status
2026-06-20 10:33:07 [http-nio-8080-exec-7] DEBUG org.springframework.security.web.FilterChainProxy - Securing GET /rewards/status
2026-06-20 10:33:07 [http-nio-8080-exec-7] DEBUG org.springframework.security.web.FilterChainProxy - Secured GET /rewards/status
2026-06-20 10:33:10 [http-nio-8080-exec-5] DEBUG org.springframework.security.web.FilterChainProxy - Securing OPTIONS /rewards/status
2026-06-20 10:33:11 [http-nio-8080-exec-4] DEBUG org.springframework.security.web.FilterChainProxy - Securing OPTIONS /rewards/status
2026-06-20 10:33:11 [http-nio-8080-exec-9] DEBUG org.springframework.security.web.FilterChainProxy - Securing OPTIONS /rewards/status
2026-06-20 10:33:11 [http-nio-8080-exec-8] DEBUG org.springframework.security.web.FilterChainProxy - Securing OPTIONS /transactions/gettranslog?vpaId=sowjenmeher1290902@mts
2026-06-20 10:33:11 [http-nio-8080-exec-2] DEBUG org.springframework.security.web.FilterChainProxy - Securing GET /rewards/status
2026-06-20 10:33:11 [http-nio-8080-exec-3] DEBUG org.springframework.security.web.FilterChainProxy - Securing GET /transactions/gettranslog?vpaId=sowjenmeher1290902@mts
2026-06-20 10:33:11 [http-nio-8080-exec-2] DEBUG org.springframework.security.web.FilterChainProxy - Secured GET /rewards/status
2026-06-20 10:33:11 [http-nio-8080-exec-3] DEBUG org.springframework.security.web.FilterChainProxy - Secured GET /transactions/gettranslog?vpaId=sowjenmeher1290902@mts
2026-06-20 10:33:11 [http-nio-8080-exec-3] INFO  com.training.mts.aop.LoggingAspect - Entering method: TransactionServiceImpl.getTransactionHistory(..) with arguments: [sowjenmeher1290902@mts]
2026-06-20 10:33:11 [http-nio-8080-exec-1] DEBUG org.springframework.security.web.FilterChainProxy - Securing GET /rewards/status
2026-06-20 10:33:11 [http-nio-8080-exec-1] DEBUG org.springframework.security.web.FilterChainProxy - Secured GET /rewards/status
2026-06-20 10:33:11 [http-nio-8080-exec-6] DEBUG org.springframework.security.web.FilterChainProxy - Securing GET /rewards/status
2026-06-20 10:33:11 [http-nio-8080-exec-3] INFO  com.training.mts.aop.LoggingAspect - Method executed successfully: TransactionServiceImpl.getTransactionHistory(..) | Returned: com.training.mts.dto.TransactionHistoryResponse@1ba7e2fa
2026-06-20 10:33:11 [http-nio-8080-exec-6] DEBUG org.springframework.security.web.FilterChainProxy - Secured GET /rewards/status
2026-06-20 10:33:11 [http-nio-8080-exec-10] DEBUG org.springframework.security.web.FilterChainProxy - Securing OPTIONS /rewards/status
2026-06-20 10:33:11 [http-nio-8080-exec-7] DEBUG org.springframework.security.web.FilterChainProxy - Securing OPTIONS /rewards/status
2026-06-20 10:33:11 [http-nio-8080-exec-4] DEBUG org.springframework.security.web.FilterChainProxy - Securing OPTIONS /rewards/status
2026-06-20 10:33:11 [http-nio-8080-exec-5] DEBUG org.springframework.security.web.FilterChainProxy - Securing OPTIONS /transactions/gettranslog?vpaId=sowjenmeher1290902@mts
2026-06-20 10:33:11 [http-nio-8080-exec-9] DEBUG org.springframework.security.web.FilterChainProxy - Securing GET /rewards/status
2026-06-20 10:33:11 [http-nio-8080-exec-8] DEBUG org.springframework.security.web.FilterChainProxy - Securing GET /transactions/gettranslog?vpaId=sowjenmeher1290902@mts
2026-06-20 10:33:11 [http-nio-8080-exec-9] DEBUG org.springframework.security.web.FilterChainProxy - Secured GET /rewards/status
2026-06-20 10:33:11 [http-nio-8080-exec-8] DEBUG org.springframework.security.web.FilterChainProxy - Secured GET /transactions/gettranslog?vpaId=sowjenmeher1290902@mts
2026-06-20 10:33:11 [http-nio-8080-exec-2] DEBUG org.springframework.security.web.FilterChainProxy - Securing GET /rewards/status
2026-06-20 10:33:11 [http-nio-8080-exec-8] INFO  com.training.mts.aop.LoggingAspect - Entering method: TransactionServiceImpl.getTransactionHistory(..) with arguments: [sowjenmeher1290902@mts]
2026-06-20 10:33:11 [http-nio-8080-exec-2] DEBUG org.springframework.security.web.FilterChainProxy - Secured GET /rewards/status
2026-06-20 10:33:11 [http-nio-8080-exec-8] INFO  com.training.mts.aop.LoggingAspect - Method executed successfully: TransactionServiceImpl.getTransactionHistory(..) | Returned: com.training.mts.dto.TransactionHistoryResponse@1e8629d7
2026-06-20 10:33:11 [http-nio-8080-exec-1] DEBUG org.springframework.security.web.FilterChainProxy - Securing GET /rewards/status
2026-06-20 10:33:11 [http-nio-8080-exec-1] DEBUG org.springframework.security.web.FilterChainProxy - Secured GET /rewards/status
2026-06-20 10:33:51 [http-nio-8080-exec-3] DEBUG org.springframework.security.web.FilterChainProxy - Securing OPTIONS /rewards/status
2026-06-20 10:33:51 [http-nio-8080-exec-6] DEBUG org.springframework.security.web.FilterChainProxy - Securing OPTIONS /rewards/status
2026-06-20 10:33:51 [http-nio-8080-exec-10] DEBUG org.springframework.security.web.FilterChainProxy - Securing OPTIONS /transactions/gettranslog?vpaId=sowjenmeher1290902@mts
2026-06-20 10:33:51 [http-nio-8080-exec-10] DEBUG org.springframework.security.web.FilterChainProxy - Securing OPTIONS /rewards/status
2026-06-20 10:33:51 [http-nio-8080-exec-7] DEBUG org.springframework.security.web.FilterChainProxy - Securing GET /rewards/status
2026-06-20 10:33:51 [http-nio-8080-exec-5] DEBUG org.springframework.security.web.FilterChainProxy - Securing GET /transactions/gettranslog?vpaId=sowjenmeher1290902@mts
2026-06-20 10:33:51 [http-nio-8080-exec-5] DEBUG org.springframework.security.web.FilterChainProxy - Secured GET /transactions/gettranslog?vpaId=sowjenmeher1290902@mts
2026-06-20 10:33:51 [http-nio-8080-exec-5] INFO  com.training.mts.aop.LoggingAspect - Entering method: TransactionServiceImpl.getTransactionHistory(..) with arguments: [sowjenmeher1290902@mts]
2026-06-20 10:33:51 [http-nio-8080-exec-7] DEBUG org.springframework.security.web.FilterChainProxy - Secured GET /rewards/status
2026-06-20 10:33:51 [http-nio-8080-exec-9] DEBUG org.springframework.security.web.FilterChainProxy - Securing GET /rewards/status
2026-06-20 10:33:52 [http-nio-8080-exec-5] INFO  com.training.mts.aop.LoggingAspect - Method executed successfully: TransactionServiceImpl.getTransactionHistory(..) | Returned: com.training.mts.dto.TransactionHistoryResponse@17c21105
2026-06-20 10:33:52 [http-nio-8080-exec-9] DEBUG org.springframework.security.web.FilterChainProxy - Secured GET /rewards/status
2026-06-20 10:33:52 [http-nio-8080-exec-5] DEBUG org.springframework.security.web.FilterChainProxy - Securing GET /rewards/status
2026-06-20 10:33:52 [http-nio-8080-exec-5] DEBUG org.springframework.security.web.FilterChainProxy - Secured GET /rewards/status
2026-06-20 10:34:38 [http-nio-8080-exec-8] DEBUG org.springframework.security.web.FilterChainProxy - Securing OPTIONS /auth/login
2026-06-20 10:34:38 [http-nio-8080-exec-1] DEBUG org.springframework.security.web.FilterChainProxy - Securing POST /auth/login
2026-06-20 10:34:38 [http-nio-8080-exec-1] DEBUG org.springframework.security.web.authentication.AnonymousAuthenticationFilter - Set SecurityContextHolder to anonymous SecurityContext
2026-06-20 10:34:38 [http-nio-8080-exec-1] DEBUG org.springframework.security.web.FilterChainProxy - Secured POST /auth/login
2026-06-20 10:34:39 [http-nio-8080-exec-1] DEBUG org.springframework.security.authentication.dao.DaoAuthenticationProvider - Authenticated user
2026-06-20 10:34:39 [http-nio-8080-exec-4] DEBUG org.springframework.security.web.FilterChainProxy - Securing OPTIONS /users/findByPhone?phoneNumber=9090909090
2026-06-20 10:34:39 [http-nio-8080-exec-3] DEBUG org.springframework.security.web.FilterChainProxy - Securing GET /users/findByPhone?phoneNumber=9090909090
2026-06-20 10:34:39 [http-nio-8080-exec-3] DEBUG org.springframework.security.web.FilterChainProxy - Secured GET /users/findByPhone?phoneNumber=9090909090
2026-06-20 10:34:39 [http-nio-8080-exec-3] INFO  com.training.mts.aop.LoggingAspect - Entering method: UserServiceImpl.getUserByPhoneNumber(..) with arguments: [9090909090]
2026-06-20 10:34:39 [http-nio-8080-exec-3] INFO  com.training.mts.aop.LoggingAspect - Method executed successfully: UserServiceImpl.getUserByPhoneNumber(..) | Returned: User{id=2, name='Sowjen Meher', vpa=com.training.mts.model.VPA@3c86b3d8}
2026-06-20 10:34:39 [http-nio-8080-exec-6] DEBUG org.springframework.security.web.FilterChainProxy - Securing OPTIONS /rewards/status
2026-06-20 10:34:39 [http-nio-8080-exec-7] DEBUG org.springframework.security.web.FilterChainProxy - Securing OPTIONS /rewards/status
2026-06-20 10:34:39 [http-nio-8080-exec-7] DEBUG org.springframework.security.web.FilterChainProxy - Securing OPTIONS /rewards/status
2026-06-20 10:34:39 [http-nio-8080-exec-7] DEBUG org.springframework.security.web.FilterChainProxy - Securing OPTIONS /transactions/gettranslog?vpaId=sowjenmeher1290902@mts
2026-06-20 10:34:39 [http-nio-8080-exec-10] DEBUG org.springframework.security.web.FilterChainProxy - Securing OPTIONS /rewards/status
2026-06-20 10:34:39 [http-nio-8080-exec-9] DEBUG org.springframework.security.web.FilterChainProxy - Securing GET /rewards/status
2026-06-20 10:34:39 [http-nio-8080-exec-10] DEBUG org.springframework.security.web.FilterChainProxy - Securing GET /transactions/gettranslog?vpaId=sowjenmeher1290902@mts
2026-06-20 10:34:39 [http-nio-8080-exec-9] DEBUG org.springframework.security.web.FilterChainProxy - Secured GET /rewards/status
2026-06-20 10:34:39 [http-nio-8080-exec-10] DEBUG org.springframework.security.web.FilterChainProxy - Secured GET /transactions/gettranslog?vpaId=sowjenmeher1290902@mts
2026-06-20 10:34:39 [http-nio-8080-exec-1] DEBUG org.springframework.security.web.FilterChainProxy - Securing GET /rewards/status
2026-06-20 10:34:39 [http-nio-8080-exec-10] INFO  com.training.mts.aop.LoggingAspect - Entering method: TransactionServiceImpl.getTransactionHistory(..) with arguments: [sowjenmeher1290902@mts]
2026-06-20 10:34:39 [http-nio-8080-exec-1] DEBUG org.springframework.security.web.FilterChainProxy - Secured GET /rewards/status
2026-06-20 10:34:39 [http-nio-8080-exec-10] INFO  com.training.mts.aop.LoggingAspect - Method executed successfully: TransactionServiceImpl.getTransactionHistory(..) | Returned: com.training.mts.dto.TransactionHistoryResponse@2f37b6f0
2026-06-20 10:34:39 [http-nio-8080-exec-4] DEBUG org.springframework.security.web.FilterChainProxy - Securing GET /rewards/status
2026-06-20 10:34:39 [http-nio-8080-exec-4] DEBUG org.springframework.security.web.FilterChainProxy - Secured GET /rewards/status
2026-06-20 10:34:39 [http-nio-8080-exec-3] DEBUG org.springframework.security.web.FilterChainProxy - Securing GET /rewards/status
2026-06-20 10:34:39 [http-nio-8080-exec-3] DEBUG org.springframework.security.web.FilterChainProxy - Secured GET /rewards/status
2026-06-20 10:34:46 [http-nio-8080-exec-7] DEBUG org.springframework.security.web.FilterChainProxy - Securing GET /rewards/status
2026-06-20 10:34:46 [http-nio-8080-exec-7] DEBUG org.springframework.security.web.FilterChainProxy - Secured GET /rewards/status
2026-06-20 10:34:46 [http-nio-8080-exec-5] DEBUG org.springframework.security.web.FilterChainProxy - Securing GET /rewards/status
2026-06-20 10:34:46 [http-nio-8080-exec-5] DEBUG org.springframework.security.web.FilterChainProxy - Secured GET /rewards/status
2026-06-20 10:34:46 [http-nio-8080-exec-2] DEBUG org.springframework.security.web.FilterChainProxy - Securing GET /rewards/status
2026-06-20 10:34:46 [http-nio-8080-exec-2] DEBUG org.springframework.security.web.FilterChainProxy - Secured GET /rewards/status
2026-06-20 10:34:46 [http-nio-8080-exec-2] DEBUG org.springframework.security.web.FilterChainProxy - Securing GET /rewards/status
2026-06-20 10:34:46 [http-nio-8080-exec-2] DEBUG org.springframework.security.web.FilterChainProxy - Secured GET /rewards/status
2026-06-20 10:34:46 [http-nio-8080-exec-6] DEBUG org.springframework.security.web.FilterChainProxy - Securing GET /rewards/status
2026-06-20 10:34:46 [http-nio-8080-exec-6] DEBUG org.springframework.security.web.FilterChainProxy - Secured GET /rewards/status
2026-06-20 10:34:47 [http-nio-8080-exec-9] DEBUG org.springframework.security.web.FilterChainProxy - Securing GET /rewards/status
2026-06-20 10:34:47 [http-nio-8080-exec-10] DEBUG org.springframework.security.web.FilterChainProxy - Securing GET /transactions/gettranslog?vpaId=sowjenmeher1290902@mts
2026-06-20 10:34:47 [http-nio-8080-exec-9] DEBUG org.springframework.security.web.FilterChainProxy - Secured GET /rewards/status
2026-06-20 10:34:47 [http-nio-8080-exec-10] DEBUG org.springframework.security.web.FilterChainProxy - Secured GET /transactions/gettranslog?vpaId=sowjenmeher1290902@mts
2026-06-20 10:34:47 [http-nio-8080-exec-10] INFO  com.training.mts.aop.LoggingAspect - Entering method: TransactionServiceImpl.getTransactionHistory(..) with arguments: [sowjenmeher1290902@mts]
2026-06-20 10:34:47 [http-nio-8080-exec-9] DEBUG org.springframework.security.web.FilterChainProxy - Securing GET /rewards/status
2026-06-20 10:34:47 [http-nio-8080-exec-9] DEBUG org.springframework.security.web.FilterChainProxy - Secured GET /rewards/status
2026-06-20 10:34:47 [http-nio-8080-exec-10] INFO  com.training.mts.aop.LoggingAspect - Method executed successfully: TransactionServiceImpl.getTransactionHistory(..) | Returned: com.training.mts.dto.TransactionHistoryResponse@514defbe
2026-06-20 10:34:47 [http-nio-8080-exec-4] DEBUG org.springframework.security.web.FilterChainProxy - Securing GET /rewards/status
2026-06-20 10:34:47 [http-nio-8080-exec-4] DEBUG org.springframework.security.web.FilterChainProxy - Secured GET /rewards/status
2026-06-20 10:34:47 [http-nio-8080-exec-4] DEBUG org.springframework.security.web.FilterChainProxy - Securing GET /rewards/status
2026-06-20 10:34:47 [http-nio-8080-exec-4] DEBUG org.springframework.security.web.FilterChainProxy - Secured GET /rewards/status
2026-06-20 10:34:47 [http-nio-8080-exec-4] DEBUG org.springframework.security.web.FilterChainProxy - Securing GET /rewards/status
2026-06-20 10:34:47 [http-nio-8080-exec-4] DEBUG org.springframework.security.web.FilterChainProxy - Secured GET /rewards/status
2026-06-20 10:34:47 [http-nio-8080-exec-5] DEBUG org.springframework.security.web.FilterChainProxy - Securing GET /rewards/status
2026-06-20 10:34:47 [http-nio-8080-exec-5] DEBUG org.springframework.security.web.FilterChainProxy - Secured GET /rewards/status
2026-06-20 10:34:57 [http-nio-8080-exec-10] DEBUG org.springframework.security.web.FilterChainProxy - Securing GET /rewards/status
2026-06-20 10:34:57 [http-nio-8080-exec-9] DEBUG org.springframework.security.web.FilterChainProxy - Securing GET /transactions/gettranslog?vpaId=sowjenmeher1290902@mts
2026-06-20 10:34:57 [http-nio-8080-exec-10] DEBUG org.springframework.security.web.FilterChainProxy - Secured GET /rewards/status
2026-06-20 10:34:57 [http-nio-8080-exec-9] DEBUG org.springframework.security.web.FilterChainProxy - Secured GET /transactions/gettranslog?vpaId=sowjenmeher1290902@mts
2026-06-20 10:34:57 [http-nio-8080-exec-9] INFO  com.training.mts.aop.LoggingAspect - Entering method: TransactionServiceImpl.getTransactionHistory(..) with arguments: [sowjenmeher1290902@mts]
2026-06-20 10:34:57 [http-nio-8080-exec-3] DEBUG org.springframework.security.web.FilterChainProxy - Securing GET /rewards/status
2026-06-20 10:34:57 [http-nio-8080-exec-9] INFO  com.training.mts.aop.LoggingAspect - Method executed successfully: TransactionServiceImpl.getTransactionHistory(..) | Returned: com.training.mts.dto.TransactionHistoryResponse@20bc0e84
2026-06-20 10:34:57 [http-nio-8080-exec-3] DEBUG org.springframework.security.web.FilterChainProxy - Secured GET /rewards/status
2026-06-20 10:34:57 [http-nio-8080-exec-7] DEBUG org.springframework.security.web.FilterChainProxy - Securing GET /rewards/status
2026-06-20 10:34:57 [http-nio-8080-exec-7] DEBUG org.springframework.security.web.FilterChainProxy - Secured GET /rewards/status
2026-06-20 10:34:58 [http-nio-8080-exec-4] DEBUG org.springframework.security.web.FilterChainProxy - Securing GET /rewards/status
2026-06-20 10:34:58 [http-nio-8080-exec-5] DEBUG org.springframework.security.web.FilterChainProxy - Securing GET /transactions/gettranslog?vpaId=sowjenmeher1290902@mts
2026-06-20 10:34:58 [http-nio-8080-exec-4] DEBUG org.springframework.security.web.FilterChainProxy - Secured GET /rewards/status
2026-06-20 10:34:58 [http-nio-8080-exec-5] DEBUG org.springframework.security.web.FilterChainProxy - Secured GET /transactions/gettranslog?vpaId=sowjenmeher1290902@mts
2026-06-20 10:34:58 [http-nio-8080-exec-5] INFO  com.training.mts.aop.LoggingAspect - Entering method: TransactionServiceImpl.getTransactionHistory(..) with arguments: [sowjenmeher1290902@mts]
2026-06-20 10:34:58 [http-nio-8080-exec-8] DEBUG org.springframework.security.web.FilterChainProxy - Securing GET /rewards/status
2026-06-20 10:34:58 [http-nio-8080-exec-5] INFO  com.training.mts.aop.LoggingAspect - Method executed successfully: TransactionServiceImpl.getTransactionHistory(..) | Returned: com.training.mts.dto.TransactionHistoryResponse@7a47cc28
2026-06-20 10:34:58 [http-nio-8080-exec-8] DEBUG org.springframework.security.web.FilterChainProxy - Secured GET /rewards/status
2026-06-20 10:34:58 [http-nio-8080-exec-1] DEBUG org.springframework.security.web.FilterChainProxy - Securing GET /rewards/status
2026-06-20 10:34:58 [http-nio-8080-exec-1] DEBUG org.springframework.security.web.FilterChainProxy - Secured GET /rewards/status
2026-06-20 10:34:59 [http-nio-8080-exec-2] DEBUG org.springframework.security.web.FilterChainProxy - Securing GET /rewards/status
2026-06-20 10:34:59 [http-nio-8080-exec-6] DEBUG org.springframework.security.web.FilterChainProxy - Securing GET /transactions/gettranslog?vpaId=sowjenmeher1290902@mts
2026-06-20 10:34:59 [http-nio-8080-exec-2] DEBUG org.springframework.security.web.FilterChainProxy - Secured GET /rewards/status
2026-06-20 10:34:59 [http-nio-8080-exec-6] DEBUG org.springframework.security.web.FilterChainProxy - Secured GET /transactions/gettranslog?vpaId=sowjenmeher1290902@mts
2026-06-20 10:34:59 [http-nio-8080-exec-6] INFO  com.training.mts.aop.LoggingAspect - Entering method: TransactionServiceImpl.getTransactionHistory(..) with arguments: [sowjenmeher1290902@mts]
2026-06-20 10:34:59 [http-nio-8080-exec-10] DEBUG org.springframework.security.web.FilterChainProxy - Securing GET /rewards/status
2026-06-20 10:34:59 [http-nio-8080-exec-6] INFO  com.training.mts.aop.LoggingAspect - Method executed successfully: TransactionServiceImpl.getTransactionHistory(..) | Returned: com.training.mts.dto.TransactionHistoryResponse@37b1159f
2026-06-20 10:34:59 [http-nio-8080-exec-10] DEBUG org.springframework.security.web.FilterChainProxy - Secured GET /rewards/status
2026-06-20 10:34:59 [http-nio-8080-exec-9] DEBUG org.springframework.security.web.FilterChainProxy - Securing GET /rewards/status
2026-06-20 10:34:59 [http-nio-8080-exec-9] DEBUG org.springframework.security.web.FilterChainProxy - Secured GET /rewards/status
2026-06-20 10:34:59 [http-nio-8080-exec-3] DEBUG org.springframework.security.web.FilterChainProxy - Securing GET /rewards/status
2026-06-20 10:34:59 [http-nio-8080-exec-7] DEBUG org.springframework.security.web.FilterChainProxy - Securing GET /transactions/gettranslog?vpaId=sowjenmeher1290902@mts
2026-06-20 10:35:00 [http-nio-8080-exec-3] DEBUG org.springframework.security.web.FilterChainProxy - Secured GET /rewards/status
2026-06-20 10:35:00 [http-nio-8080-exec-7] DEBUG org.springframework.security.web.FilterChainProxy - Secured GET /transactions/gettranslog?vpaId=sowjenmeher1290902@mts
2026-06-20 10:35:00 [http-nio-8080-exec-4] DEBUG org.springframework.security.web.FilterChainProxy - Securing GET /rewards/status
2026-06-20 10:35:00 [http-nio-8080-exec-7] INFO  com.training.mts.aop.LoggingAspect - Entering method: TransactionServiceImpl.getTransactionHistory(..) with arguments: [sowjenmeher1290902@mts]
2026-06-20 10:35:00 [http-nio-8080-exec-4] DEBUG org.springframework.security.web.FilterChainProxy - Secured GET /rewards/status
2026-06-20 10:35:00 [http-nio-8080-exec-5] DEBUG org.springframework.security.web.FilterChainProxy - Securing GET /rewards/status
2026-06-20 10:35:00 [http-nio-8080-exec-7] INFO  com.training.mts.aop.LoggingAspect - Method executed successfully: TransactionServiceImpl.getTransactionHistory(..) | Returned: com.training.mts.dto.TransactionHistoryResponse@6cb8a32c
2026-06-20 10:35:00 [http-nio-8080-exec-5] DEBUG org.springframework.security.web.FilterChainProxy - Secured GET /rewards/status
2026-06-20 10:35:00 [http-nio-8080-exec-8] DEBUG org.springframework.security.web.FilterChainProxy - Securing GET /rewards/status
2026-06-20 10:35:00 [http-nio-8080-exec-1] DEBUG org.springframework.security.web.FilterChainProxy - Securing GET /transactions/gettranslog?vpaId=sowjenmeher1290902@mts
2026-06-20 10:35:00 [http-nio-8080-exec-8] DEBUG org.springframework.security.web.FilterChainProxy - Secured GET /rewards/status
2026-06-20 10:35:00 [http-nio-8080-exec-1] DEBUG org.springframework.security.web.FilterChainProxy - Secured GET /transactions/gettranslog?vpaId=sowjenmeher1290902@mts
2026-06-20 10:35:00 [http-nio-8080-exec-1] INFO  com.training.mts.aop.LoggingAspect - Entering method: TransactionServiceImpl.getTransactionHistory(..) with arguments: [sowjenmeher1290902@mts]
2026-06-20 10:35:00 [http-nio-8080-exec-2] DEBUG org.springframework.security.web.FilterChainProxy - Securing GET /rewards/status
2026-06-20 10:35:00 [http-nio-8080-exec-2] DEBUG org.springframework.security.web.FilterChainProxy - Secured GET /rewards/status
2026-06-20 10:35:00 [http-nio-8080-exec-1] INFO  com.training.mts.aop.LoggingAspect - Method executed successfully: TransactionServiceImpl.getTransactionHistory(..) | Returned: com.training.mts.dto.TransactionHistoryResponse@76f5de21
2026-06-20 10:35:00 [http-nio-8080-exec-6] DEBUG org.springframework.security.web.FilterChainProxy - Securing GET /rewards/status
2026-06-20 10:35:01 [http-nio-8080-exec-6] DEBUG org.springframework.security.web.FilterChainProxy - Secured GET /rewards/status
2026-06-20 10:35:10 [http-nio-8080-exec-10] DEBUG org.springframework.security.web.FilterChainProxy - Securing GET /rewards/status
2026-06-20 10:35:10 [http-nio-8080-exec-9] DEBUG org.springframework.security.web.FilterChainProxy - Securing GET /transactions/gettranslog?vpaId=sowjenmeher1290902@mts
2026-06-20 10:35:10 [http-nio-8080-exec-10] DEBUG org.springframework.security.web.FilterChainProxy - Secured GET /rewards/status
2026-06-20 10:35:10 [http-nio-8080-exec-9] DEBUG org.springframework.security.web.FilterChainProxy - Secured GET /transactions/gettranslog?vpaId=sowjenmeher1290902@mts
2026-06-20 10:35:10 [http-nio-8080-exec-9] INFO  com.training.mts.aop.LoggingAspect - Entering method: TransactionServiceImpl.getTransactionHistory(..) with arguments: [sowjenmeher1290902@mts]
2026-06-20 10:35:10 [http-nio-8080-exec-3] DEBUG org.springframework.security.web.FilterChainProxy - Securing GET /rewards/status
2026-06-20 10:35:10 [http-nio-8080-exec-3] DEBUG org.springframework.security.web.FilterChainProxy - Secured GET /rewards/status
2026-06-20 10:35:10 [http-nio-8080-exec-7] DEBUG org.springframework.security.web.FilterChainProxy - Securing GET /rewards/status
2026-06-20 10:35:10 [http-nio-8080-exec-7] DEBUG org.springframework.security.web.FilterChainProxy - Secured GET /rewards/status
2026-06-20 10:35:10 [http-nio-8080-exec-9] INFO  com.training.mts.aop.LoggingAspect - Method executed successfully: TransactionServiceImpl.getTransactionHistory(..) | Returned: com.training.mts.dto.TransactionHistoryResponse@467d54ca
2026-06-20 10:35:22 [http-nio-8080-exec-4] DEBUG org.springframework.security.web.FilterChainProxy - Securing GET /rewards/status
2026-06-20 10:35:22 [http-nio-8080-exec-5] DEBUG org.springframework.security.web.FilterChainProxy - Securing GET /transactions/gettranslog?vpaId=sowjenmeher1290902@mts
2026-06-20 10:35:22 [http-nio-8080-exec-4] DEBUG org.springframework.security.web.FilterChainProxy - Secured GET /rewards/status
2026-06-20 10:35:22 [http-nio-8080-exec-5] DEBUG org.springframework.security.web.FilterChainProxy - Secured GET /transactions/gettranslog?vpaId=sowjenmeher1290902@mts
2026-06-20 10:35:22 [http-nio-8080-exec-5] INFO  com.training.mts.aop.LoggingAspect - Entering method: TransactionServiceImpl.getTransactionHistory(..) with arguments: [sowjenmeher1290902@mts]
2026-06-20 10:35:22 [http-nio-8080-exec-8] DEBUG org.springframework.security.web.FilterChainProxy - Securing GET /rewards/status
2026-06-20 10:35:22 [http-nio-8080-exec-8] DEBUG org.springframework.security.web.FilterChainProxy - Secured GET /rewards/status
2026-06-20 10:35:22 [http-nio-8080-exec-5] INFO  com.training.mts.aop.LoggingAspect - Method executed successfully: TransactionServiceImpl.getTransactionHistory(..) | Returned: com.training.mts.dto.TransactionHistoryResponse@1104c3f7
2026-06-20 10:35:22 [http-nio-8080-exec-5] DEBUG org.springframework.security.web.FilterChainProxy - Securing GET /rewards/status
2026-06-20 10:35:22 [http-nio-8080-exec-5] DEBUG org.springframework.security.web.FilterChainProxy - Secured GET /rewards/status
2026-06-20 10:35:23 [http-nio-8080-exec-2] DEBUG org.springframework.security.web.FilterChainProxy - Securing GET /rewards/status
2026-06-20 10:35:23 [http-nio-8080-exec-2] DEBUG org.springframework.security.web.FilterChainProxy - Secured GET /rewards/status
2026-06-20 10:35:23 [http-nio-8080-exec-6] DEBUG org.springframework.security.web.FilterChainProxy - Securing GET /rewards/status
2026-06-20 10:35:23 [http-nio-8080-exec-6] DEBUG org.springframework.security.web.FilterChainProxy - Secured GET /rewards/status
2026-06-20 10:35:23 [http-nio-8080-exec-6] DEBUG org.springframework.security.web.FilterChainProxy - Securing GET /rewards/status
2026-06-20 10:35:23 [http-nio-8080-exec-6] DEBUG org.springframework.security.web.FilterChainProxy - Secured GET /rewards/status
2026-06-20 10:35:23 [http-nio-8080-exec-3] DEBUG org.springframework.security.web.FilterChainProxy - Securing GET /rewards/status
2026-06-20 10:35:23 [http-nio-8080-exec-3] DEBUG org.springframework.security.web.FilterChainProxy - Secured GET /rewards/status
2026-06-20 10:35:23 [http-nio-8080-exec-7] DEBUG org.springframework.security.web.FilterChainProxy - Securing GET /rewards/status
2026-06-20 10:35:23 [http-nio-8080-exec-3] DEBUG org.springframework.security.web.FilterChainProxy - Securing OPTIONS /rewards/list
2026-06-20 10:35:23 [http-nio-8080-exec-9] DEBUG org.springframework.security.web.FilterChainProxy - Securing GET /rewards/list
2026-06-20 10:35:23 [http-nio-8080-exec-9] DEBUG org.springframework.security.web.FilterChainProxy - Secured GET /rewards/list
2026-06-20 10:35:23 [http-nio-8080-exec-7] DEBUG org.springframework.security.web.FilterChainProxy - Secured GET /rewards/status
2026-06-20 10:35:23 [http-nio-8080-exec-9] INFO  com.training.mts.aop.LoggingAspect - Entering method: RewardServiceImpl.getUserScratchCards(..) with arguments: [User{id=2, name='Sowjen Meher', vpa=com.training.mts.model.VPA@3035147a}]
2026-06-20 10:35:23 [http-nio-8080-exec-9] INFO  com.training.mts.aop.LoggingAspect - Method executed successfully: RewardServiceImpl.getUserScratchCards(..) | Returned: []
2026-06-20 10:35:24 [http-nio-8080-exec-4] DEBUG org.springframework.security.web.FilterChainProxy - Securing GET /rewards/status
2026-06-20 10:35:24 [http-nio-8080-exec-4] DEBUG org.springframework.security.web.FilterChainProxy - Secured GET /rewards/status
2026-06-20 10:35:24 [http-nio-8080-exec-8] DEBUG org.springframework.security.web.FilterChainProxy - Securing GET /transactions/gettranslog?vpaId=sowjenmeher1290902@mts
2026-06-20 10:35:24 [http-nio-8080-exec-4] DEBUG org.springframework.security.web.FilterChainProxy - Securing GET /rewards/status
2026-06-20 10:35:24 [http-nio-8080-exec-8] DEBUG org.springframework.security.web.FilterChainProxy - Secured GET /transactions/gettranslog?vpaId=sowjenmeher1290902@mts
2026-06-20 10:35:24 [http-nio-8080-exec-8] INFO  com.training.mts.aop.LoggingAspect - Entering method: TransactionServiceImpl.getTransactionHistory(..) with arguments: [sowjenmeher1290902@mts]
2026-06-20 10:35:24 [http-nio-8080-exec-4] DEBUG org.springframework.security.web.FilterChainProxy - Secured GET /rewards/status
2026-06-20 10:35:24 [http-nio-8080-exec-5] DEBUG org.springframework.security.web.FilterChainProxy - Securing GET /rewards/status
2026-06-20 10:35:24 [http-nio-8080-exec-8] INFO  com.training.mts.aop.LoggingAspect - Method executed successfully: TransactionServiceImpl.getTransactionHistory(..) | Returned: com.training.mts.dto.TransactionHistoryResponse@208a57fc
2026-06-20 10:35:24 [http-nio-8080-exec-5] DEBUG org.springframework.security.web.FilterChainProxy - Secured GET /rewards/status
2026-06-20 10:35:24 [http-nio-8080-exec-2] DEBUG org.springframework.security.web.FilterChainProxy - Securing GET /rewards/status
2026-06-20 10:35:24 [http-nio-8080-exec-2] DEBUG org.springframework.security.web.FilterChainProxy - Secured GET /rewards/status
2026-06-20 10:35:24 [http-nio-8080-exec-10] DEBUG org.springframework.security.web.FilterChainProxy - Securing GET /rewards/status
2026-06-20 10:35:24 [http-nio-8080-exec-10] DEBUG org.springframework.security.web.FilterChainProxy - Secured GET /rewards/status
2026-06-20 10:35:25 [http-nio-8080-exec-6] DEBUG org.springframework.security.web.FilterChainProxy - Securing GET /rewards/status
2026-06-20 10:35:25 [http-nio-8080-exec-6] DEBUG org.springframework.security.web.FilterChainProxy - Secured GET /rewards/status
2026-06-20 10:35:25 [http-nio-8080-exec-3] DEBUG org.springframework.security.web.FilterChainProxy - Securing GET /rewards/status
2026-06-20 10:35:25 [http-nio-8080-exec-3] DEBUG org.springframework.security.web.FilterChainProxy - Secured GET /rewards/status
2026-06-20 10:35:25 [http-nio-8080-exec-3] DEBUG org.springframework.security.web.FilterChainProxy - Securing GET /rewards/status
2026-06-20 10:35:25 [http-nio-8080-exec-3] DEBUG org.springframework.security.web.FilterChainProxy - Secured GET /rewards/status
2026-06-20 10:35:25 [http-nio-8080-exec-7] DEBUG org.springframework.security.web.FilterChainProxy - Securing GET /rewards/status
2026-06-20 10:35:25 [http-nio-8080-exec-7] DEBUG org.springframework.security.web.FilterChainProxy - Secured GET /rewards/status
2026-06-20 10:35:25 [http-nio-8080-exec-1] DEBUG org.springframework.security.web.FilterChainProxy - Securing GET /rewards/status
2026-06-20 10:35:25 [http-nio-8080-exec-1] DEBUG org.springframework.security.web.FilterChainProxy - Secured GET /rewards/status
2026-06-20 10:35:25 [http-nio-8080-exec-4] DEBUG org.springframework.security.web.FilterChainProxy - Securing GET /rewards/status
2026-06-20 10:35:25 [http-nio-8080-exec-4] DEBUG org.springframework.security.web.FilterChainProxy - Secured GET /rewards/status
2026-06-20 10:35:25 [http-nio-8080-exec-8] DEBUG org.springframework.security.web.FilterChainProxy - Securing GET /rewards/status
2026-06-20 10:35:25 [http-nio-8080-exec-5] DEBUG org.springframework.security.web.FilterChainProxy - Securing GET /rewards/list
2026-06-20 10:35:25 [http-nio-8080-exec-8] DEBUG org.springframework.security.web.FilterChainProxy - Secured GET /rewards/status
2026-06-20 10:35:25 [http-nio-8080-exec-5] DEBUG org.springframework.security.web.FilterChainProxy - Secured GET /rewards/list
2026-06-20 10:35:25 [http-nio-8080-exec-5] INFO  com.training.mts.aop.LoggingAspect - Entering method: RewardServiceImpl.getUserScratchCards(..) with arguments: [User{id=2, name='Sowjen Meher', vpa=com.training.mts.model.VPA@58384da6}]
2026-06-20 10:35:25 [http-nio-8080-exec-5] INFO  com.training.mts.aop.LoggingAspect - Method executed successfully: RewardServiceImpl.getUserScratchCards(..) | Returned: []
2026-06-20 10:35:26 [http-nio-8080-exec-2] DEBUG org.springframework.security.web.FilterChainProxy - Securing GET /rewards/status
2026-06-20 10:35:26 [http-nio-8080-exec-10] DEBUG org.springframework.security.web.FilterChainProxy - Securing GET /transactions/gettranslog?vpaId=sowjenmeher1290902@mts
2026-06-20 10:35:26 [http-nio-8080-exec-2] DEBUG org.springframework.security.web.FilterChainProxy - Secured GET /rewards/status
2026-06-20 10:35:26 [http-nio-8080-exec-6] DEBUG org.springframework.security.web.FilterChainProxy - Securing GET /rewards/status
2026-06-20 10:35:26 [http-nio-8080-exec-10] DEBUG org.springframework.security.web.FilterChainProxy - Secured GET /transactions/gettranslog?vpaId=sowjenmeher1290902@mts
2026-06-20 10:35:26 [http-nio-8080-exec-10] INFO  com.training.mts.aop.LoggingAspect - Entering method: TransactionServiceImpl.getTransactionHistory(..) with arguments: [sowjenmeher1290902@mts]
2026-06-20 10:35:26 [http-nio-8080-exec-6] DEBUG org.springframework.security.web.FilterChainProxy - Secured GET /rewards/status
2026-06-20 10:35:26 [http-nio-8080-exec-10] INFO  com.training.mts.aop.LoggingAspect - Method executed successfully: TransactionServiceImpl.getTransactionHistory(..) | Returned: com.training.mts.dto.TransactionHistoryResponse@6738f855
2026-06-20 10:35:26 [http-nio-8080-exec-9] DEBUG org.springframework.security.web.FilterChainProxy - Securing GET /rewards/status
2026-06-20 10:35:26 [http-nio-8080-exec-9] DEBUG org.springframework.security.web.FilterChainProxy - Secured GET /rewards/status
2026-06-20 10:35:26 [http-nio-8080-exec-9] DEBUG org.springframework.security.web.FilterChainProxy - Securing GET /rewards/status
2026-06-20 10:35:26 [http-nio-8080-exec-9] DEBUG org.springframework.security.web.FilterChainProxy - Secured GET /rewards/status
2026-06-20 10:35:26 [http-nio-8080-exec-7] DEBUG org.springframework.security.web.FilterChainProxy - Securing GET /rewards/status
2026-06-20 10:35:26 [http-nio-8080-exec-7] DEBUG org.springframework.security.web.FilterChainProxy - Secured GET /rewards/status
2026-06-20 10:35:26 [http-nio-8080-exec-1] DEBUG org.springframework.security.web.FilterChainProxy - Securing GET /rewards/status
2026-06-20 10:35:26 [http-nio-8080-exec-1] DEBUG org.springframework.security.web.FilterChainProxy - Secured GET /rewards/status
2026-06-20 10:35:26 [http-nio-8080-exec-4] DEBUG org.springframework.security.web.FilterChainProxy - Securing GET /rewards/status
2026-06-20 10:35:26 [http-nio-8080-exec-4] DEBUG org.springframework.security.web.FilterChainProxy - Secured GET /rewards/status
2026-06-20 10:35:47 [http-nio-8080-exec-8] DEBUG org.springframework.security.web.FilterChainProxy - Securing GET /rewards/status
2026-06-20 10:35:47 [http-nio-8080-exec-8] DEBUG org.springframework.security.web.FilterChainProxy - Secured GET /rewards/status
2026-06-20 10:35:47 [http-nio-8080-exec-5] DEBUG org.springframework.security.web.FilterChainProxy - Securing GET /transactions/gettranslog?vpaId=sowjenmeher1290902@mts
2026-06-20 10:35:47 [http-nio-8080-exec-2] DEBUG org.springframework.security.web.FilterChainProxy - Securing GET /rewards/status
2026-06-20 10:35:47 [http-nio-8080-exec-5] DEBUG org.springframework.security.web.FilterChainProxy - Secured GET /transactions/gettranslog?vpaId=sowjenmeher1290902@mts
2026-06-20 10:35:47 [http-nio-8080-exec-5] INFO  com.training.mts.aop.LoggingAspect - Entering method: TransactionServiceImpl.getTransactionHistory(..) with arguments: [sowjenmeher1290902@mts]
2026-06-20 10:35:47 [http-nio-8080-exec-2] DEBUG org.springframework.security.web.FilterChainProxy - Secured GET /rewards/status
2026-06-20 10:35:47 [http-nio-8080-exec-5] INFO  com.training.mts.aop.LoggingAspect - Method executed successfully: TransactionServiceImpl.getTransactionHistory(..) | Returned: com.training.mts.dto.TransactionHistoryResponse@336ce0f
2026-06-20 10:35:47 [http-nio-8080-exec-6] DEBUG org.springframework.security.web.FilterChainProxy - Securing GET /rewards/status
2026-06-20 10:35:47 [http-nio-8080-exec-6] DEBUG org.springframework.security.web.FilterChainProxy - Secured GET /rewards/status
2026-06-20 10:35:51 [http-nio-8080-exec-10] DEBUG org.springframework.security.web.FilterChainProxy - Securing GET /rewards/status
2026-06-20 10:35:51 [http-nio-8080-exec-3] DEBUG org.springframework.security.web.FilterChainProxy - Securing GET /transactions/gettranslog?vpaId=sowjenmeher1290902@mts
2026-06-20 10:35:51 [http-nio-8080-exec-10] DEBUG org.springframework.security.web.FilterChainProxy - Secured GET /rewards/status
2026-06-20 10:35:51 [http-nio-8080-exec-3] DEBUG org.springframework.security.web.FilterChainProxy - Secured GET /transactions/gettranslog?vpaId=sowjenmeher1290902@mts
2026-06-20 10:35:51 [http-nio-8080-exec-3] INFO  com.training.mts.aop.LoggingAspect - Entering method: TransactionServiceImpl.getTransactionHistory(..) with arguments: [sowjenmeher1290902@mts]
2026-06-20 10:35:51 [http-nio-8080-exec-9] DEBUG org.springframework.security.web.FilterChainProxy - Securing GET /rewards/status
2026-06-20 10:35:51 [http-nio-8080-exec-3] INFO  com.training.mts.aop.LoggingAspect - Method executed successfully: TransactionServiceImpl.getTransactionHistory(..) | Returned: com.training.mts.dto.TransactionHistoryResponse@2a04d32e
2026-06-20 10:35:51 [http-nio-8080-exec-9] DEBUG org.springframework.security.web.FilterChainProxy - Secured GET /rewards/status
2026-06-20 10:35:51 [http-nio-8080-exec-7] DEBUG org.springframework.security.web.FilterChainProxy - Securing GET /rewards/status
2026-06-20 10:35:51 [http-nio-8080-exec-7] DEBUG org.springframework.security.web.FilterChainProxy - Secured GET /rewards/status
2026-06-20 10:35:52 [http-nio-8080-exec-1] DEBUG org.springframework.security.web.FilterChainProxy - Securing GET /rewards/status
2026-06-20 10:35:52 [http-nio-8080-exec-4] DEBUG org.springframework.security.web.FilterChainProxy - Securing GET /transactions/gettranslog?vpaId=sowjenmeher1290902@mts
2026-06-20 10:35:52 [http-nio-8080-exec-1] DEBUG org.springframework.security.web.FilterChainProxy - Secured GET /rewards/status
2026-06-20 10:35:52 [http-nio-8080-exec-4] DEBUG org.springframework.security.web.FilterChainProxy - Secured GET /transactions/gettranslog?vpaId=sowjenmeher1290902@mts
2026-06-20 10:35:52 [http-nio-8080-exec-4] INFO  com.training.mts.aop.LoggingAspect - Entering method: TransactionServiceImpl.getTransactionHistory(..) with arguments: [sowjenmeher1290902@mts]
2026-06-20 10:35:52 [http-nio-8080-exec-8] DEBUG org.springframework.security.web.FilterChainProxy - Securing GET /rewards/status
2026-06-20 10:35:52 [http-nio-8080-exec-8] DEBUG org.springframework.security.web.FilterChainProxy - Secured GET /rewards/status
2026-06-20 10:35:52 [http-nio-8080-exec-4] INFO  com.training.mts.aop.LoggingAspect - Method executed successfully: TransactionServiceImpl.getTransactionHistory(..) | Returned: com.training.mts.dto.TransactionHistoryResponse@4536591d
2026-06-20 10:35:52 [http-nio-8080-exec-2] DEBUG org.springframework.security.web.FilterChainProxy - Securing GET /rewards/status
2026-06-20 10:35:53 [http-nio-8080-exec-2] DEBUG org.springframework.security.web.FilterChainProxy - Secured GET /rewards/status
2026-06-20 10:36:11 [http-nio-8080-exec-5] DEBUG org.springframework.security.web.FilterChainProxy - Securing GET /rewards/status
2026-06-20 10:36:11 [http-nio-8080-exec-5] DEBUG org.springframework.security.web.FilterChainProxy - Secured GET /rewards/status
2026-06-20 10:36:11 [http-nio-8080-exec-6] DEBUG org.springframework.security.web.FilterChainProxy - Securing GET /transactions/gettranslog?vpaId=sowjenmeher1290902@mts
2026-06-20 10:36:11 [http-nio-8080-exec-10] DEBUG org.springframework.security.web.FilterChainProxy - Securing GET /rewards/status
2026-06-20 10:36:11 [http-nio-8080-exec-10] DEBUG org.springframework.security.web.FilterChainProxy - Secured GET /rewards/status
2026-06-20 10:36:11 [http-nio-8080-exec-3] DEBUG org.springframework.security.web.FilterChainProxy - Securing GET /rewards/status
2026-06-20 10:36:11 [http-nio-8080-exec-6] DEBUG org.springframework.security.web.FilterChainProxy - Secured GET /transactions/gettranslog?vpaId=sowjenmeher1290902@mts
2026-06-20 10:36:11 [http-nio-8080-exec-6] INFO  com.training.mts.aop.LoggingAspect - Entering method: TransactionServiceImpl.getTransactionHistory(..) with arguments: [sowjenmeher1290902@mts]
2026-06-20 10:36:11 [http-nio-8080-exec-6] INFO  com.training.mts.aop.LoggingAspect - Method executed successfully: TransactionServiceImpl.getTransactionHistory(..) | Returned: com.training.mts.dto.TransactionHistoryResponse@11548b8
2026-06-20 10:36:11 [http-nio-8080-exec-3] DEBUG org.springframework.security.web.FilterChainProxy - Secured GET /rewards/status
2026-06-20 10:36:14 [http-nio-8080-exec-9] DEBUG org.springframework.security.web.FilterChainProxy - Securing GET /rewards/status
2026-06-20 10:36:14 [http-nio-8080-exec-7] DEBUG org.springframework.security.web.FilterChainProxy - Securing GET /transactions/gettranslog?vpaId=sowjenmeher1290902@mts
2026-06-20 10:36:14 [http-nio-8080-exec-9] DEBUG org.springframework.security.web.FilterChainProxy - Secured GET /rewards/status
2026-06-20 10:36:14 [http-nio-8080-exec-7] DEBUG org.springframework.security.web.FilterChainProxy - Secured GET /transactions/gettranslog?vpaId=sowjenmeher1290902@mts
2026-06-20 10:36:14 [http-nio-8080-exec-7] INFO  com.training.mts.aop.LoggingAspect - Entering method: TransactionServiceImpl.getTransactionHistory(..) with arguments: [sowjenmeher1290902@mts]
2026-06-20 10:36:14 [http-nio-8080-exec-7] INFO  com.training.mts.aop.LoggingAspect - Method executed successfully: TransactionServiceImpl.getTransactionHistory(..) | Returned: com.training.mts.dto.TransactionHistoryResponse@5956cb39
2026-06-20 10:36:14 [http-nio-8080-exec-1] DEBUG org.springframework.security.web.FilterChainProxy - Securing GET /rewards/status
2026-06-20 10:36:14 [http-nio-8080-exec-1] DEBUG org.springframework.security.web.FilterChainProxy - Secured GET /rewards/status
2026-06-20 10:36:14 [http-nio-8080-exec-4] DEBUG org.springframework.security.web.FilterChainProxy - Securing GET /rewards/status
2026-06-20 10:36:14 [http-nio-8080-exec-4] DEBUG org.springframework.security.web.FilterChainProxy - Secured GET /rewards/status
2026-06-20 10:36:19 [http-nio-8080-exec-8] DEBUG org.springframework.security.web.FilterChainProxy - Securing GET /rewards/status
2026-06-20 10:36:19 [http-nio-8080-exec-2] DEBUG org.springframework.security.web.FilterChainProxy - Securing GET /transactions/gettranslog?vpaId=sowjenmeher1290902@mts
2026-06-20 10:36:19 [http-nio-8080-exec-8] DEBUG org.springframework.security.web.FilterChainProxy - Secured GET /rewards/status
2026-06-20 10:36:19 [http-nio-8080-exec-2] DEBUG org.springframework.security.web.FilterChainProxy - Secured GET /transactions/gettranslog?vpaId=sowjenmeher1290902@mts
2026-06-20 10:36:19 [http-nio-8080-exec-2] INFO  com.training.mts.aop.LoggingAspect - Entering method: TransactionServiceImpl.getTransactionHistory(..) with arguments: [sowjenmeher1290902@mts]
2026-06-20 10:36:19 [http-nio-8080-exec-5] DEBUG org.springframework.security.web.FilterChainProxy - Securing GET /rewards/status
2026-06-20 10:36:19 [http-nio-8080-exec-2] INFO  com.training.mts.aop.LoggingAspect - Method executed successfully: TransactionServiceImpl.getTransactionHistory(..) | Returned: com.training.mts.dto.TransactionHistoryResponse@4a3790c
2026-06-20 10:36:19 [http-nio-8080-exec-5] DEBUG org.springframework.security.web.FilterChainProxy - Secured GET /rewards/status
2026-06-20 10:36:20 [http-nio-8080-exec-10] DEBUG org.springframework.security.web.FilterChainProxy - Securing GET /rewards/status
2026-06-20 10:36:20 [http-nio-8080-exec-10] DEBUG org.springframework.security.web.FilterChainProxy - Secured GET /rewards/status
2026-06-20 10:36:43 [http-nio-8080-exec-3] DEBUG org.springframework.security.web.FilterChainProxy - Securing GET /rewards/status
2026-06-20 10:36:43 [http-nio-8080-exec-6] DEBUG org.springframework.security.web.FilterChainProxy - Securing GET /transactions/gettranslog?vpaId=sowjenmeher1290902@mts
2026-06-20 10:36:43 [http-nio-8080-exec-3] DEBUG org.springframework.security.web.FilterChainProxy - Secured GET /rewards/status
2026-06-20 10:36:43 [http-nio-8080-exec-9] DEBUG org.springframework.security.web.FilterChainProxy - Securing GET /rewards/status
2026-06-20 10:36:43 [http-nio-8080-exec-6] DEBUG org.springframework.security.web.FilterChainProxy - Secured GET /transactions/gettranslog?vpaId=sowjenmeher1290902@mts
2026-06-20 10:36:43 [http-nio-8080-exec-6] INFO  com.training.mts.aop.LoggingAspect - Entering method: TransactionServiceImpl.getTransactionHistory(..) with arguments: [sowjenmeher1290902@mts]
2026-06-20 10:36:43 [http-nio-8080-exec-9] DEBUG org.springframework.security.web.FilterChainProxy - Secured GET /rewards/status
2026-06-20 10:36:43 [http-nio-8080-exec-9] DEBUG org.springframework.security.web.FilterChainProxy - Securing GET /rewards/status
2026-06-20 10:36:43 [http-nio-8080-exec-6] INFO  com.training.mts.aop.LoggingAspect - Method executed successfully: TransactionServiceImpl.getTransactionHistory(..) | Returned: com.training.mts.dto.TransactionHistoryResponse@1e368edf
2026-06-20 10:36:43 [http-nio-8080-exec-9] DEBUG org.springframework.security.web.FilterChainProxy - Secured GET /rewards/status
2026-06-20 10:36:44 [http-nio-8080-exec-1] DEBUG org.springframework.security.web.FilterChainProxy - Securing GET /rewards/status
2026-06-20 10:36:44 [http-nio-8080-exec-4] DEBUG org.springframework.security.web.FilterChainProxy - Securing GET /transactions/gettranslog?vpaId=sowjenmeher1290902@mts
2026-06-20 10:36:44 [http-nio-8080-exec-1] DEBUG org.springframework.security.web.FilterChainProxy - Secured GET /rewards/status
2026-06-20 10:36:44 [http-nio-8080-exec-4] DEBUG org.springframework.security.web.FilterChainProxy - Secured GET /transactions/gettranslog?vpaId=sowjenmeher1290902@mts
2026-06-20 10:36:44 [http-nio-8080-exec-4] INFO  com.training.mts.aop.LoggingAspect - Entering method: TransactionServiceImpl.getTransactionHistory(..) with arguments: [sowjenmeher1290902@mts]
2026-06-20 10:36:44 [http-nio-8080-exec-8] DEBUG org.springframework.security.web.FilterChainProxy - Securing GET /rewards/status
2026-06-20 10:36:44 [http-nio-8080-exec-8] DEBUG org.springframework.security.web.FilterChainProxy - Secured GET /rewards/status
2026-06-20 10:36:44 [http-nio-8080-exec-4] INFO  com.training.mts.aop.LoggingAspect - Method executed successfully: TransactionServiceImpl.getTransactionHistory(..) | Returned: com.training.mts.dto.TransactionHistoryResponse@57a3dfff
2026-06-20 10:36:44 [http-nio-8080-exec-2] DEBUG org.springframework.security.web.FilterChainProxy - Securing GET /rewards/status
2026-06-20 10:36:44 [http-nio-8080-exec-2] DEBUG org.springframework.security.web.FilterChainProxy - Secured GET /rewards/status
2026-06-20 10:37:26 [http-nio-8080-exec-5] DEBUG org.springframework.security.web.FilterChainProxy - Securing GET /rewards/status
2026-06-20 10:37:26 [http-nio-8080-exec-10] DEBUG org.springframework.security.web.FilterChainProxy - Securing GET /transactions/gettranslog?vpaId=sowjenmeher1290902@mts
2026-06-20 10:37:26 [http-nio-8080-exec-10] DEBUG org.springframework.security.web.FilterChainProxy - Secured GET /transactions/gettranslog?vpaId=sowjenmeher1290902@mts
2026-06-20 10:37:26 [http-nio-8080-exec-10] INFO  com.training.mts.aop.LoggingAspect - Entering method: TransactionServiceImpl.getTransactionHistory(..) with arguments: [sowjenmeher1290902@mts]
2026-06-20 10:37:26 [http-nio-8080-exec-10] INFO  com.training.mts.aop.LoggingAspect - Method executed successfully: TransactionServiceImpl.getTransactionHistory(..) | Returned: com.training.mts.dto.TransactionHistoryResponse@66f53e2e
2026-06-20 10:37:26 [http-nio-8080-exec-5] DEBUG org.springframework.security.web.FilterChainProxy - Secured GET /rewards/status
2026-06-20 10:37:26 [http-nio-8080-exec-3] DEBUG org.springframework.security.web.FilterChainProxy - Securing GET /rewards/status
2026-06-20 10:37:26 [http-nio-8080-exec-3] DEBUG org.springframework.security.web.FilterChainProxy - Secured GET /rewards/status
2026-06-20 10:37:28 [http-nio-8080-exec-7] DEBUG org.springframework.security.web.FilterChainProxy - Securing GET /rewards/status
2026-06-20 10:37:28 [http-nio-8080-exec-7] DEBUG org.springframework.security.web.FilterChainProxy - Secured GET /rewards/status
2026-06-20 10:37:30 [http-nio-8080-exec-6] DEBUG org.springframework.security.web.FilterChainProxy - Securing GET /rewards/status
2026-06-20 10:37:30 [http-nio-8080-exec-9] DEBUG org.springframework.security.web.FilterChainProxy - Securing GET /transactions/gettranslog?vpaId=sowjenmeher1290902@mts
2026-06-20 10:37:30 [http-nio-8080-exec-9] DEBUG org.springframework.security.web.FilterChainProxy - Secured GET /transactions/gettranslog?vpaId=sowjenmeher1290902@mts
2026-06-20 10:37:30 [http-nio-8080-exec-9] INFO  com.training.mts.aop.LoggingAspect - Entering method: TransactionServiceImpl.getTransactionHistory(..) with arguments: [sowjenmeher1290902@mts]
2026-06-20 10:37:30 [http-nio-8080-exec-6] DEBUG org.springframework.security.web.FilterChainProxy - Secured GET /rewards/status
2026-06-20 10:37:30 [http-nio-8080-exec-9] INFO  com.training.mts.aop.LoggingAspect - Method executed successfully: TransactionServiceImpl.getTransactionHistory(..) | Returned: com.training.mts.dto.TransactionHistoryResponse@fdade7a
2026-06-20 10:37:30 [http-nio-8080-exec-1] DEBUG org.springframework.security.web.FilterChainProxy - Securing GET /rewards/status
2026-06-20 10:37:30 [http-nio-8080-exec-1] DEBUG org.springframework.security.web.FilterChainProxy - Secured GET /rewards/status
2026-06-20 10:37:30 [http-nio-8080-exec-4] DEBUG org.springframework.security.web.FilterChainProxy - Securing GET /rewards/status
2026-06-20 10:37:30 [http-nio-8080-exec-4] DEBUG org.springframework.security.web.FilterChainProxy - Secured GET /rewards/status
2026-06-20 10:37:33 [http-nio-8080-exec-8] DEBUG org.springframework.security.web.FilterChainProxy - Securing GET /rewards/status
2026-06-20 10:37:33 [http-nio-8080-exec-2] DEBUG org.springframework.security.web.FilterChainProxy - Securing GET /transactions/gettranslog?vpaId=sowjenmeher1290902@mts
2026-06-20 10:37:33 [http-nio-8080-exec-8] DEBUG org.springframework.security.web.FilterChainProxy - Secured GET /rewards/status
2026-06-20 10:37:33 [http-nio-8080-exec-10] DEBUG org.springframework.security.web.FilterChainProxy - Securing GET /rewards/status
2026-06-20 10:37:33 [http-nio-8080-exec-2] DEBUG org.springframework.security.web.FilterChainProxy - Secured GET /transactions/gettranslog?vpaId=sowjenmeher1290902@mts
2026-06-20 10:37:33 [http-nio-8080-exec-2] INFO  com.training.mts.aop.LoggingAspect - Entering method: TransactionServiceImpl.getTransactionHistory(..) with arguments: [sowjenmeher1290902@mts]
2026-06-20 10:37:33 [http-nio-8080-exec-10] DEBUG org.springframework.security.web.FilterChainProxy - Secured GET /rewards/status
2026-06-20 10:37:33 [http-nio-8080-exec-2] INFO  com.training.mts.aop.LoggingAspect - Method executed successfully: TransactionServiceImpl.getTransactionHistory(..) | Returned: com.training.mts.dto.TransactionHistoryResponse@1a41718e
2026-06-20 10:37:33 [http-nio-8080-exec-5] DEBUG org.springframework.security.web.FilterChainProxy - Securing GET /rewards/status
2026-06-20 10:37:33 [http-nio-8080-exec-5] DEBUG org.springframework.security.web.FilterChainProxy - Secured GET /rewards/status
2026-06-20 10:38:03 [http-nio-8080-exec-3] DEBUG org.springframework.security.web.FilterChainProxy - Securing GET /rewards/status
2026-06-20 10:38:03 [http-nio-8080-exec-7] DEBUG org.springframework.security.web.FilterChainProxy - Securing GET /transactions/gettranslog?vpaId=sowjenmeher1290902@mts
2026-06-20 10:38:04 [http-nio-8080-exec-3] DEBUG org.springframework.security.web.FilterChainProxy - Secured GET /rewards/status
2026-06-20 10:38:04 [http-nio-8080-exec-7] DEBUG org.springframework.security.web.FilterChainProxy - Secured GET /transactions/gettranslog?vpaId=sowjenmeher1290902@mts
2026-06-20 10:38:04 [http-nio-8080-exec-7] INFO  com.training.mts.aop.LoggingAspect - Entering method: TransactionServiceImpl.getTransactionHistory(..) with arguments: [sowjenmeher1290902@mts]
2026-06-20 10:38:04 [http-nio-8080-exec-9] DEBUG org.springframework.security.web.FilterChainProxy - Securing GET /rewards/status
2026-06-20 10:38:04 [http-nio-8080-exec-9] DEBUG org.springframework.security.web.FilterChainProxy - Secured GET /rewards/status
2026-06-20 10:38:04 [http-nio-8080-exec-7] INFO  com.training.mts.aop.LoggingAspect - Method executed successfully: TransactionServiceImpl.getTransactionHistory(..) | Returned: com.training.mts.dto.TransactionHistoryResponse@7c2daf6
2026-06-20 10:38:04 [http-nio-8080-exec-6] DEBUG org.springframework.security.web.FilterChainProxy - Securing GET /rewards/status
2026-06-20 10:38:04 [http-nio-8080-exec-1] DEBUG org.springframework.security.web.FilterChainProxy - Securing OPTIONS /users/getbyvpa?vpaId=deepchan0498401@mts
2026-06-20 10:38:04 [http-nio-8080-exec-4] DEBUG org.springframework.security.web.FilterChainProxy - Securing GET /users/getbyvpa?vpaId=deepchan0498401@mts
2026-06-20 10:38:04 [http-nio-8080-exec-6] DEBUG org.springframework.security.web.FilterChainProxy - Secured GET /rewards/status
2026-06-20 10:38:04 [http-nio-8080-exec-4] DEBUG org.springframework.security.web.FilterChainProxy - Secured GET /users/getbyvpa?vpaId=deepchan0498401@mts
2026-06-20 10:38:04 [http-nio-8080-exec-4] DEBUG org.springframework.security.web.FilterChainProxy - Securing GET /error?vpaId=deepchan0498401@mts
2026-06-20 10:38:04 [http-nio-8080-exec-4] DEBUG org.springframework.security.web.authentication.AnonymousAuthenticationFilter - Set SecurityContextHolder to anonymous SecurityContext
2026-06-20 10:38:04 [http-nio-8080-exec-4] DEBUG org.springframework.security.web.authentication.Http403ForbiddenEntryPoint - Pre-authenticated entry point called. Rejecting access
2026-06-20 10:38:06 [http-nio-8080-exec-8] DEBUG org.springframework.security.web.FilterChainProxy - Securing GET /rewards/status
2026-06-20 10:38:06 [http-nio-8080-exec-2] DEBUG org.springframework.security.web.FilterChainProxy - Securing GET /transactions/gettranslog?vpaId=sowjenmeher1290902@mts
2026-06-20 10:38:06 [http-nio-8080-exec-8] DEBUG org.springframework.security.web.FilterChainProxy - Secured GET /rewards/status
2026-06-20 10:38:06 [http-nio-8080-exec-10] DEBUG org.springframework.security.web.FilterChainProxy - Securing GET /rewards/status
2026-06-20 10:38:06 [http-nio-8080-exec-2] DEBUG org.springframework.security.web.FilterChainProxy - Secured GET /transactions/gettranslog?vpaId=sowjenmeher1290902@mts
2026-06-20 10:38:06 [http-nio-8080-exec-2] INFO  com.training.mts.aop.LoggingAspect - Entering method: TransactionServiceImpl.getTransactionHistory(..) with arguments: [sowjenmeher1290902@mts]
2026-06-20 10:38:06 [http-nio-8080-exec-10] DEBUG org.springframework.security.web.FilterChainProxy - Secured GET /rewards/status
2026-06-20 10:38:06 [http-nio-8080-exec-2] INFO  com.training.mts.aop.LoggingAspect - Method executed successfully: TransactionServiceImpl.getTransactionHistory(..) | Returned: com.training.mts.dto.TransactionHistoryResponse@614ae303
2026-06-20 10:38:06 [http-nio-8080-exec-5] DEBUG org.springframework.security.web.FilterChainProxy - Securing GET /rewards/status
2026-06-20 10:38:06 [http-nio-8080-exec-3] DEBUG org.springframework.security.web.FilterChainProxy - Securing GET /users/getbyvpa?vpaId=deepchan0498401@mts
2026-06-20 10:38:06 [http-nio-8080-exec-5] DEBUG org.springframework.security.web.FilterChainProxy - Secured GET /rewards/status
2026-06-20 10:38:06 [http-nio-8080-exec-3] DEBUG org.springframework.security.web.FilterChainProxy - Secured GET /users/getbyvpa?vpaId=deepchan0498401@mts
2026-06-20 10:38:06 [http-nio-8080-exec-3] DEBUG org.springframework.security.web.FilterChainProxy - Securing GET /error?vpaId=deepchan0498401@mts
2026-06-20 10:38:06 [http-nio-8080-exec-3] DEBUG org.springframework.security.web.authentication.AnonymousAuthenticationFilter - Set SecurityContextHolder to anonymous SecurityContext
2026-06-20 10:38:06 [http-nio-8080-exec-3] DEBUG org.springframework.security.web.authentication.Http403ForbiddenEntryPoint - Pre-authenticated entry point called. Rejecting access
2026-06-20 10:38:39 [http-nio-8080-exec-7] DEBUG org.springframework.security.web.FilterChainProxy - Securing GET /rewards/status
2026-06-20 10:38:39 [http-nio-8080-exec-9] DEBUG org.springframework.security.web.FilterChainProxy - Securing GET /transactions/gettranslog?vpaId=sowjenmeher1290902@mts
2026-06-20 10:38:39 [http-nio-8080-exec-7] DEBUG org.springframework.security.web.FilterChainProxy - Secured GET /rewards/status
2026-06-20 10:38:39 [http-nio-8080-exec-1] DEBUG org.springframework.security.web.FilterChainProxy - Securing GET /rewards/status
2026-06-20 10:38:39 [http-nio-8080-exec-9] DEBUG org.springframework.security.web.FilterChainProxy - Secured GET /transactions/gettranslog?vpaId=sowjenmeher1290902@mts
2026-06-20 10:38:39 [http-nio-8080-exec-9] INFO  com.training.mts.aop.LoggingAspect - Entering method: TransactionServiceImpl.getTransactionHistory(..) with arguments: [sowjenmeher1290902@mts]
2026-06-20 10:38:40 [http-nio-8080-exec-1] DEBUG org.springframework.security.web.FilterChainProxy - Secured GET /rewards/status
2026-06-20 10:38:40 [http-nio-8080-exec-9] INFO  com.training.mts.aop.LoggingAspect - Method executed successfully: TransactionServiceImpl.getTransactionHistory(..) | Returned: com.training.mts.dto.TransactionHistoryResponse@465cd456
2026-06-20 10:38:40 [http-nio-8080-exec-6] DEBUG org.springframework.security.web.FilterChainProxy - Securing GET /rewards/status
2026-06-20 10:38:40 [http-nio-8080-exec-4] DEBUG org.springframework.security.web.FilterChainProxy - Securing GET /users/getbyvpa?vpaId=deepchan0498401@mts
2026-06-20 10:38:40 [http-nio-8080-exec-6] DEBUG org.springframework.security.web.FilterChainProxy - Secured GET /rewards/status
2026-06-20 10:38:40 [http-nio-8080-exec-4] DEBUG org.springframework.security.web.FilterChainProxy - Secured GET /users/getbyvpa?vpaId=deepchan0498401@mts
2026-06-20 10:38:40 [http-nio-8080-exec-4] DEBUG org.springframework.security.web.FilterChainProxy - Securing GET /error?vpaId=deepchan0498401@mts
2026-06-20 10:38:40 [http-nio-8080-exec-4] DEBUG org.springframework.security.web.authentication.AnonymousAuthenticationFilter - Set SecurityContextHolder to anonymous SecurityContext
2026-06-20 10:38:40 [http-nio-8080-exec-4] DEBUG org.springframework.security.web.authentication.Http403ForbiddenEntryPoint - Pre-authenticated entry point called. Rejecting access
2026-06-20 10:39:41 [http-nio-8080-exec-3] DEBUG org.springframework.security.web.FilterChainProxy - Securing GET /rewards/status
2026-06-20 10:39:41 [http-nio-8080-exec-5] DEBUG org.springframework.security.web.FilterChainProxy - Securing GET /transactions/gettranslog?vpaId=sowjenmeher1290902@mts
2026-06-20 10:39:41 [http-nio-8080-exec-3] DEBUG org.springframework.security.web.FilterChainProxy - Secured GET /rewards/status
2026-06-20 10:39:41 [http-nio-8080-exec-5] DEBUG org.springframework.security.web.FilterChainProxy - Secured GET /transactions/gettranslog?vpaId=sowjenmeher1290902@mts
2026-06-20 10:39:41 [http-nio-8080-exec-5] INFO  com.training.mts.aop.LoggingAspect - Entering method: TransactionServiceImpl.getTransactionHistory(..) with arguments: [sowjenmeher1290902@mts]
2026-06-20 10:39:41 [http-nio-8080-exec-7] DEBUG org.springframework.security.web.FilterChainProxy - Securing GET /rewards/status
2026-06-20 10:39:41 [http-nio-8080-exec-5] INFO  com.training.mts.aop.LoggingAspect - Method executed successfully: TransactionServiceImpl.getTransactionHistory(..) | Returned: com.training.mts.dto.TransactionHistoryResponse@604173a5
2026-06-20 10:39:41 [http-nio-8080-exec-7] DEBUG org.springframework.security.web.FilterChainProxy - Secured GET /rewards/status
2026-06-20 10:39:41 [http-nio-8080-exec-1] DEBUG org.springframework.security.web.FilterChainProxy - Securing GET /rewards/status
2026-06-20 10:39:41 [http-nio-8080-exec-1] DEBUG org.springframework.security.web.FilterChainProxy - Secured GET /rewards/status
2026-06-20 10:39:43 [http-nio-8080-exec-9] DEBUG org.springframework.security.web.FilterChainProxy - Securing GET /users/getbyvpa?vpaId=deepchan0498401@mts
2026-06-20 10:39:43 [http-nio-8080-exec-9] DEBUG org.springframework.security.web.FilterChainProxy - Secured GET /users/getbyvpa?vpaId=deepchan0498401@mts
2026-06-20 10:39:43 [http-nio-8080-exec-9] DEBUG org.springframework.security.web.FilterChainProxy - Securing GET /error?vpaId=deepchan0498401@mts
2026-06-20 10:39:43 [http-nio-8080-exec-9] DEBUG org.springframework.security.web.authentication.AnonymousAuthenticationFilter - Set SecurityContextHolder to anonymous SecurityContext
2026-06-20 10:39:43 [http-nio-8080-exec-9] DEBUG org.springframework.security.web.authentication.Http403ForbiddenEntryPoint - Pre-authenticated entry point called. Rejecting access
2026-06-20 10:39:47 [http-nio-8080-exec-6] DEBUG org.springframework.security.web.FilterChainProxy - Securing GET /rewards/status
2026-06-20 10:39:47 [http-nio-8080-exec-4] DEBUG org.springframework.security.web.FilterChainProxy - Securing GET /transactions/gettranslog?vpaId=sowjenmeher1290902@mts
2026-06-20 10:39:47 [http-nio-8080-exec-4] DEBUG org.springframework.security.web.FilterChainProxy - Secured GET /transactions/gettranslog?vpaId=sowjenmeher1290902@mts
2026-06-20 10:39:47 [http-nio-8080-exec-4] INFO  com.training.mts.aop.LoggingAspect - Entering method: TransactionServiceImpl.getTransactionHistory(..) with arguments: [sowjenmeher1290902@mts]
2026-06-20 10:39:47 [http-nio-8080-exec-4] INFO  com.training.mts.aop.LoggingAspect - Method executed successfully: TransactionServiceImpl.getTransactionHistory(..) | Returned: com.training.mts.dto.TransactionHistoryResponse@1cb26e8
2026-06-20 10:39:47 [http-nio-8080-exec-6] DEBUG org.springframework.security.web.FilterChainProxy - Secured GET /rewards/status
2026-06-20 10:39:47 [http-nio-8080-exec-8] DEBUG org.springframework.security.web.FilterChainProxy - Securing GET /rewards/status
2026-06-20 10:39:47 [http-nio-8080-exec-8] DEBUG org.springframework.security.web.FilterChainProxy - Secured GET /rewards/status
2026-06-20 10:39:47 [http-nio-8080-exec-2] DEBUG org.springframework.security.web.FilterChainProxy - Securing GET /rewards/status
2026-06-20 10:39:47 [http-nio-8080-exec-2] DEBUG org.springframework.security.web.FilterChainProxy - Secured GET /rewards/status
2026-06-20 10:39:47 [http-nio-8080-exec-10] DEBUG org.springframework.security.web.FilterChainProxy - Securing GET /users/getbyvpa?vpaId=deepchan0498401@mts
2026-06-20 10:39:47 [http-nio-8080-exec-10] DEBUG org.springframework.security.web.FilterChainProxy - Secured GET /users/getbyvpa?vpaId=deepchan0498401@mts
2026-06-20 10:39:47 [http-nio-8080-exec-10] DEBUG org.springframework.security.web.FilterChainProxy - Securing GET /error?vpaId=deepchan0498401@mts
2026-06-20 10:39:47 [http-nio-8080-exec-10] DEBUG org.springframework.security.web.authentication.AnonymousAuthenticationFilter - Set SecurityContextHolder to anonymous SecurityContext
2026-06-20 10:39:47 [http-nio-8080-exec-10] DEBUG org.springframework.security.web.authentication.Http403ForbiddenEntryPoint - Pre-authenticated entry point called. Rejecting access
2026-06-20 10:40:20 [http-nio-8080-exec-3] DEBUG org.springframework.security.web.FilterChainProxy - Securing GET /rewards/status
2026-06-20 10:40:20 [http-nio-8080-exec-5] DEBUG org.springframework.security.web.FilterChainProxy - Securing GET /transactions/gettranslog?vpaId=sowjenmeher1290902@mts
2026-06-20 10:40:20 [http-nio-8080-exec-3] DEBUG org.springframework.security.web.FilterChainProxy - Secured GET /rewards/status
2026-06-20 10:40:20 [http-nio-8080-exec-5] DEBUG org.springframework.security.web.FilterChainProxy - Secured GET /transactions/gettranslog?vpaId=sowjenmeher1290902@mts
2026-06-20 10:40:20 [http-nio-8080-exec-5] INFO  com.training.mts.aop.LoggingAspect - Entering method: TransactionServiceImpl.getTransactionHistory(..) with arguments: [sowjenmeher1290902@mts]
2026-06-20 10:40:20 [http-nio-8080-exec-7] DEBUG org.springframework.security.web.FilterChainProxy - Securing GET /rewards/status
2026-06-20 10:40:20 [http-nio-8080-exec-5] INFO  com.training.mts.aop.LoggingAspect - Method executed successfully: TransactionServiceImpl.getTransactionHistory(..) | Returned: com.training.mts.dto.TransactionHistoryResponse@34806ab8
2026-06-20 10:40:20 [http-nio-8080-exec-7] DEBUG org.springframework.security.web.FilterChainProxy - Secured GET /rewards/status
2026-06-20 10:40:20 [http-nio-8080-exec-1] DEBUG org.springframework.security.web.FilterChainProxy - Securing GET /rewards/status
2026-06-20 10:40:20 [http-nio-8080-exec-9] DEBUG org.springframework.security.web.FilterChainProxy - Securing GET /users/getbyvpa?vpaId=deepchan0498401@mts
2026-06-20 10:40:20 [http-nio-8080-exec-1] DEBUG org.springframework.security.web.FilterChainProxy - Secured GET /rewards/status
2026-06-20 10:40:20 [http-nio-8080-exec-9] DEBUG org.springframework.security.web.FilterChainProxy - Secured GET /users/getbyvpa?vpaId=deepchan0498401@mts
2026-06-20 10:40:20 [http-nio-8080-exec-9] DEBUG org.springframework.security.web.FilterChainProxy - Securing GET /error?vpaId=deepchan0498401@mts
2026-06-20 10:40:20 [http-nio-8080-exec-9] DEBUG org.springframework.security.web.authentication.AnonymousAuthenticationFilter - Set SecurityContextHolder to anonymous SecurityContext
2026-06-20 10:40:20 [http-nio-8080-exec-9] DEBUG org.springframework.security.web.authentication.Http403ForbiddenEntryPoint - Pre-authenticated entry point called. Rejecting access
2026-06-20 10:40:24 [http-nio-8080-exec-4] DEBUG org.springframework.security.web.FilterChainProxy - Securing GET /rewards/status
2026-06-20 10:40:24 [http-nio-8080-exec-4] DEBUG org.springframework.security.web.FilterChainProxy - Secured GET /rewards/status
2026-06-20 10:40:24 [http-nio-8080-exec-6] DEBUG org.springframework.security.web.FilterChainProxy - Securing GET /rewards/status
2026-06-20 10:40:24 [http-nio-8080-exec-6] DEBUG org.springframework.security.web.FilterChainProxy - Secured GET /rewards/status
2026-06-20 10:40:24 [http-nio-8080-exec-8] DEBUG org.springframework.security.web.FilterChainProxy - Securing GET /rewards/status
2026-06-20 10:40:24 [http-nio-8080-exec-8] DEBUG org.springframework.security.web.FilterChainProxy - Secured GET /rewards/status
2026-06-20 10:40:24 [http-nio-8080-exec-2] DEBUG org.springframework.security.web.FilterChainProxy - Securing GET /rewards/status
2026-06-20 10:40:24 [http-nio-8080-exec-2] DEBUG org.springframework.security.web.FilterChainProxy - Secured GET /rewards/status
2026-06-20 10:40:24 [http-nio-8080-exec-10] DEBUG org.springframework.security.web.FilterChainProxy - Securing GET /rewards/status
2026-06-20 10:40:24 [http-nio-8080-exec-3] DEBUG org.springframework.security.web.FilterChainProxy - Securing GET /rewards/list
2026-06-20 10:40:24 [http-nio-8080-exec-10] DEBUG org.springframework.security.web.FilterChainProxy - Secured GET /rewards/status
2026-06-20 10:40:24 [http-nio-8080-exec-3] DEBUG org.springframework.security.web.FilterChainProxy - Secured GET /rewards/list
2026-06-20 10:40:24 [http-nio-8080-exec-3] INFO  com.training.mts.aop.LoggingAspect - Entering method: RewardServiceImpl.getUserScratchCards(..) with arguments: [User{id=2, name='Sowjen Meher', vpa=com.training.mts.model.VPA@5ea953f8}]
2026-06-20 10:40:24 [http-nio-8080-exec-3] INFO  com.training.mts.aop.LoggingAspect - Method executed successfully: RewardServiceImpl.getUserScratchCards(..) | Returned: []
2026-06-20 10:40:24 [http-nio-8080-exec-7] DEBUG org.springframework.security.web.FilterChainProxy - Securing GET /rewards/status
2026-06-20 10:40:25 [http-nio-8080-exec-5] DEBUG org.springframework.security.web.FilterChainProxy - Securing GET /transactions/gettranslog?vpaId=sowjenmeher1290902@mts
2026-06-20 10:40:25 [http-nio-8080-exec-7] DEBUG org.springframework.security.web.FilterChainProxy - Secured GET /rewards/status
2026-06-20 10:40:25 [http-nio-8080-exec-5] DEBUG org.springframework.security.web.FilterChainProxy - Secured GET /transactions/gettranslog?vpaId=sowjenmeher1290902@mts
2026-06-20 10:40:25 [http-nio-8080-exec-5] INFO  com.training.mts.aop.LoggingAspect - Entering method: TransactionServiceImpl.getTransactionHistory(..) with arguments: [sowjenmeher1290902@mts]
2026-06-20 10:40:25 [http-nio-8080-exec-1] DEBUG org.springframework.security.web.FilterChainProxy - Securing GET /rewards/status
2026-06-20 10:40:25 [http-nio-8080-exec-1] DEBUG org.springframework.security.web.FilterChainProxy - Secured GET /rewards/status
2026-06-20 10:40:25 [http-nio-8080-exec-5] INFO  com.training.mts.aop.LoggingAspect - Method executed successfully: TransactionServiceImpl.getTransactionHistory(..) | Returned: com.training.mts.dto.TransactionHistoryResponse@1cf89273
2026-06-20 10:40:25 [http-nio-8080-exec-5] DEBUG org.springframework.security.web.FilterChainProxy - Securing GET /users/getbyvpa?vpaId=deepchan0498401@mts
2026-06-20 10:40:25 [http-nio-8080-exec-9] DEBUG org.springframework.security.web.FilterChainProxy - Securing GET /rewards/status
2026-06-20 10:40:25 [http-nio-8080-exec-5] DEBUG org.springframework.security.web.FilterChainProxy - Secured GET /users/getbyvpa?vpaId=deepchan0498401@mts
2026-06-20 10:40:25 [http-nio-8080-exec-9] DEBUG org.springframework.security.web.FilterChainProxy - Secured GET /rewards/status
2026-06-20 10:40:25 [http-nio-8080-exec-5] DEBUG org.springframework.security.web.FilterChainProxy - Securing GET /error?vpaId=deepchan0498401@mts
2026-06-20 10:40:25 [http-nio-8080-exec-5] DEBUG org.springframework.security.web.authentication.AnonymousAuthenticationFilter - Set SecurityContextHolder to anonymous SecurityContext
2026-06-20 10:40:25 [http-nio-8080-exec-5] DEBUG org.springframework.security.web.authentication.Http403ForbiddenEntryPoint - Pre-authenticated entry point called. Rejecting access
2026-06-20 10:40:25 [http-nio-8080-exec-4] DEBUG org.springframework.security.web.FilterChainProxy - Securing GET /rewards/status
2026-06-20 10:40:25 [http-nio-8080-exec-4] DEBUG org.springframework.security.web.FilterChainProxy - Secured GET /rewards/status
2026-06-20 10:40:25 [http-nio-8080-exec-6] DEBUG org.springframework.security.web.FilterChainProxy - Securing GET /rewards/status
2026-06-20 10:40:25 [http-nio-8080-exec-6] DEBUG org.springframework.security.web.FilterChainProxy - Secured GET /rewards/status
2026-06-20 10:40:36 [http-nio-8080-exec-8] DEBUG org.springframework.security.web.FilterChainProxy - Securing GET /rewards/status
2026-06-20 10:40:36 [http-nio-8080-exec-2] DEBUG org.springframework.security.web.FilterChainProxy - Securing GET /transactions/gettranslog?vpaId=sowjenmeher1290902@mts
2026-06-20 10:40:36 [http-nio-8080-exec-8] DEBUG org.springframework.security.web.FilterChainProxy - Secured GET /rewards/status
2026-06-20 10:40:36 [http-nio-8080-exec-2] DEBUG org.springframework.security.web.FilterChainProxy - Secured GET /transactions/gettranslog?vpaId=sowjenmeher1290902@mts
2026-06-20 10:40:36 [http-nio-8080-exec-2] INFO  com.training.mts.aop.LoggingAspect - Entering method: TransactionServiceImpl.getTransactionHistory(..) with arguments: [sowjenmeher1290902@mts]
2026-06-20 10:40:36 [http-nio-8080-exec-10] DEBUG org.springframework.security.web.FilterChainProxy - Securing GET /rewards/status
2026-06-20 10:40:36 [http-nio-8080-exec-2] INFO  com.training.mts.aop.LoggingAspect - Method executed successfully: TransactionServiceImpl.getTransactionHistory(..) | Returned: com.training.mts.dto.TransactionHistoryResponse@6a11e36f
2026-06-20 10:40:36 [http-nio-8080-exec-10] DEBUG org.springframework.security.web.FilterChainProxy - Secured GET /rewards/status
2026-06-20 10:40:36 [http-nio-8080-exec-3] DEBUG org.springframework.security.web.FilterChainProxy - Securing GET /rewards/status
2026-06-20 10:40:36 [http-nio-8080-exec-3] DEBUG org.springframework.security.web.FilterChainProxy - Secured GET /rewards/status
2026-06-20 10:40:36 [http-nio-8080-exec-7] DEBUG org.springframework.security.web.FilterChainProxy - Securing GET /users/getbyvpa?vpaId=deepchan0498401@mts
2026-06-20 10:40:36 [http-nio-8080-exec-7] DEBUG org.springframework.security.web.FilterChainProxy - Secured GET /users/getbyvpa?vpaId=deepchan0498401@mts
2026-06-20 10:40:36 [http-nio-8080-exec-7] DEBUG org.springframework.security.web.FilterChainProxy - Securing GET /error?vpaId=deepchan0498401@mts
2026-06-20 10:40:36 [http-nio-8080-exec-7] DEBUG org.springframework.security.web.authentication.AnonymousAuthenticationFilter - Set SecurityContextHolder to anonymous SecurityContext
2026-06-20 10:40:36 [http-nio-8080-exec-7] DEBUG org.springframework.security.web.authentication.Http403ForbiddenEntryPoint - Pre-authenticated entry point called. Rejecting access
2026-06-20 10:45:20 [http-nio-8080-exec-4] DEBUG org.springframework.security.web.FilterChainProxy - Securing GET /rewards/status
2026-06-20 10:45:20 [http-nio-8080-exec-6] DEBUG org.springframework.security.web.FilterChainProxy - Securing GET /transactions/gettranslog?vpaId=sowjenmeher1290902@mts
2026-06-20 10:45:20 [http-nio-8080-exec-4] DEBUG org.springframework.security.web.FilterChainProxy - Secured GET /rewards/status
2026-06-20 10:45:20 [http-nio-8080-exec-6] DEBUG org.springframework.security.web.FilterChainProxy - Secured GET /transactions/gettranslog?vpaId=sowjenmeher1290902@mts
2026-06-20 10:45:20 [http-nio-8080-exec-6] INFO  com.training.mts.aop.LoggingAspect - Entering method: TransactionServiceImpl.getTransactionHistory(..) with arguments: [sowjenmeher1290902@mts]
2026-06-20 10:45:20 [http-nio-8080-exec-8] DEBUG org.springframework.security.web.FilterChainProxy - Securing GET /rewards/status
2026-06-20 10:45:20 [http-nio-8080-exec-8] DEBUG org.springframework.security.web.FilterChainProxy - Secured GET /rewards/status
2026-06-20 10:45:20 [http-nio-8080-exec-2] DEBUG org.springframework.security.web.FilterChainProxy - Securing GET /rewards/status
2026-06-20 10:45:20 [http-nio-8080-exec-6] INFO  com.training.mts.aop.LoggingAspect - Method executed successfully: TransactionServiceImpl.getTransactionHistory(..) | Returned: com.training.mts.dto.TransactionHistoryResponse@2868da7e
2026-06-20 10:45:20 [http-nio-8080-exec-2] DEBUG org.springframework.security.web.FilterChainProxy - Secured GET /rewards/status
2026-06-20 10:45:28 [http-nio-8080-exec-10] DEBUG org.springframework.security.web.FilterChainProxy - Securing GET /rewards/status
2026-06-20 10:45:28 [http-nio-8080-exec-3] DEBUG org.springframework.security.web.FilterChainProxy - Securing GET /transactions/gettranslog?vpaId=sowjenmeher1290902@mts
2026-06-20 10:45:28 [http-nio-8080-exec-10] DEBUG org.springframework.security.web.FilterChainProxy - Secured GET /rewards/status
2026-06-20 10:45:28 [http-nio-8080-exec-3] DEBUG org.springframework.security.web.FilterChainProxy - Secured GET /transactions/gettranslog?vpaId=sowjenmeher1290902@mts
2026-06-20 10:45:28 [http-nio-8080-exec-3] INFO  com.training.mts.aop.LoggingAspect - Entering method: TransactionServiceImpl.getTransactionHistory(..) with arguments: [sowjenmeher1290902@mts]
2026-06-20 10:45:28 [http-nio-8080-exec-10] DEBUG org.springframework.security.web.FilterChainProxy - Securing GET /rewards/status
2026-06-20 10:45:28 [http-nio-8080-exec-10] DEBUG org.springframework.security.web.FilterChainProxy - Secured GET /rewards/status
2026-06-20 10:45:28 [http-nio-8080-exec-3] INFO  com.training.mts.aop.LoggingAspect - Method executed successfully: TransactionServiceImpl.getTransactionHistory(..) | Returned: com.training.mts.dto.TransactionHistoryResponse@53f2dd19
2026-06-20 10:45:28 [http-nio-8080-exec-1] DEBUG org.springframework.security.web.FilterChainProxy - Securing GET /rewards/status
2026-06-20 10:45:28 [http-nio-8080-exec-1] DEBUG org.springframework.security.web.FilterChainProxy - Secured GET /rewards/status
2026-06-20 10:45:44 [http-nio-8080-exec-5] DEBUG org.springframework.security.web.FilterChainProxy - Securing GET /rewards/status
2026-06-20 10:45:44 [http-nio-8080-exec-5] DEBUG org.springframework.security.web.FilterChainProxy - Secured GET /rewards/status
2026-06-20 10:45:44 [http-nio-8080-exec-9] DEBUG org.springframework.security.web.FilterChainProxy - Securing GET /transactions/gettranslog?vpaId=sowjenmeher1290902@mts
2026-06-20 10:45:44 [http-nio-8080-exec-4] DEBUG org.springframework.security.web.FilterChainProxy - Securing GET /rewards/status
2026-06-20 10:45:44 [http-nio-8080-exec-9] DEBUG org.springframework.security.web.FilterChainProxy - Secured GET /transactions/gettranslog?vpaId=sowjenmeher1290902@mts
2026-06-20 10:45:44 [http-nio-8080-exec-9] INFO  com.training.mts.aop.LoggingAspect - Entering method: TransactionServiceImpl.getTransactionHistory(..) with arguments: [sowjenmeher1290902@mts]
2026-06-20 10:45:44 [http-nio-8080-exec-4] DEBUG org.springframework.security.web.FilterChainProxy - Secured GET /rewards/status
2026-06-20 10:45:44 [http-nio-8080-exec-8] DEBUG org.springframework.security.web.FilterChainProxy - Securing GET /rewards/status
2026-06-20 10:45:44 [http-nio-8080-exec-9] INFO  com.training.mts.aop.LoggingAspect - Method executed successfully: TransactionServiceImpl.getTransactionHistory(..) | Returned: com.training.mts.dto.TransactionHistoryResponse@66f1dfe8
2026-06-20 10:45:44 [http-nio-8080-exec-8] DEBUG org.springframework.security.web.FilterChainProxy - Secured GET /rewards/status
2026-06-20 10:47:05 [http-nio-8080-exec-3] DEBUG org.springframework.security.web.FilterChainProxy - Securing GET /rewards/status
2026-06-20 10:47:05 [http-nio-8080-exec-3] DEBUG org.springframework.security.web.FilterChainProxy - Secured GET /rewards/status
2026-06-20 10:47:05 [http-nio-8080-exec-10] DEBUG org.springframework.security.web.FilterChainProxy - Securing GET /rewards/status
2026-06-20 10:47:05 [http-nio-8080-exec-1] DEBUG org.springframework.security.web.FilterChainProxy - Securing GET /transactions/gettranslog?vpaId=sowjenmeher1290902@mts
2026-06-20 10:47:05 [http-nio-8080-exec-10] DEBUG org.springframework.security.web.FilterChainProxy - Secured GET /rewards/status
2026-06-20 10:47:05 [http-nio-8080-exec-1] DEBUG org.springframework.security.web.FilterChainProxy - Secured GET /transactions/gettranslog?vpaId=sowjenmeher1290902@mts
2026-06-20 10:47:05 [http-nio-8080-exec-1] INFO  com.training.mts.aop.LoggingAspect - Entering method: TransactionServiceImpl.getTransactionHistory(..) with arguments: [sowjenmeher1290902@mts]
2026-06-20 10:47:05 [http-nio-8080-exec-5] DEBUG org.springframework.security.web.FilterChainProxy - Securing GET /rewards/status
2026-06-20 10:47:05 [http-nio-8080-exec-5] DEBUG org.springframework.security.web.FilterChainProxy - Secured GET /rewards/status
2026-06-20 10:47:05 [http-nio-8080-exec-4] DEBUG org.springframework.security.web.FilterChainProxy - Securing GET /rewards/status
2026-06-20 10:47:05 [http-nio-8080-exec-1] INFO  com.training.mts.aop.LoggingAspect - Method executed successfully: TransactionServiceImpl.getTransactionHistory(..) | Returned: com.training.mts.dto.TransactionHistoryResponse@5128b5eb
2026-06-20 10:47:05 [http-nio-8080-exec-9] DEBUG org.springframework.security.web.FilterChainProxy - Securing GET /users/getbyvpa?vpaId=deepchan0498401@mts
2026-06-20 10:47:05 [http-nio-8080-exec-4] DEBUG org.springframework.security.web.FilterChainProxy - Secured GET /rewards/status
2026-06-20 10:47:05 [http-nio-8080-exec-9] DEBUG org.springframework.security.web.FilterChainProxy - Secured GET /users/getbyvpa?vpaId=deepchan0498401@mts
2026-06-20 10:47:05 [http-nio-8080-exec-9] DEBUG org.springframework.security.web.FilterChainProxy - Securing GET /error?vpaId=deepchan0498401@mts
2026-06-20 10:47:05 [http-nio-8080-exec-9] DEBUG org.springframework.security.web.authentication.AnonymousAuthenticationFilter - Set SecurityContextHolder to anonymous SecurityContext
2026-06-20 10:47:05 [http-nio-8080-exec-9] DEBUG org.springframework.security.web.authentication.Http403ForbiddenEntryPoint - Pre-authenticated entry point called. Rejecting access
2026-06-20 10:47:05 [http-nio-8080-exec-8] DEBUG org.springframework.security.web.FilterChainProxy - Securing GET /users/getbyvpa?vpaId=deepchan0498401@mts
2026-06-20 10:47:05 [http-nio-8080-exec-8] DEBUG org.springframework.security.web.FilterChainProxy - Secured GET /users/getbyvpa?vpaId=deepchan0498401@mts
2026-06-20 10:47:06 [http-nio-8080-exec-8] DEBUG org.springframework.security.web.FilterChainProxy - Securing GET /error?vpaId=deepchan0498401@mts
2026-06-20 10:47:06 [http-nio-8080-exec-8] DEBUG org.springframework.security.web.authentication.AnonymousAuthenticationFilter - Set SecurityContextHolder to anonymous SecurityContext
2026-06-20 10:47:06 [http-nio-8080-exec-8] DEBUG org.springframework.security.web.authentication.Http403ForbiddenEntryPoint - Pre-authenticated entry point called. Rejecting access
2026-06-20 10:47:06 [http-nio-8080-exec-6] DEBUG org.springframework.security.web.FilterChainProxy - Securing GET /users/getbyvpa?vpaId=deepchan0498401@mts
2026-06-20 10:47:06 [http-nio-8080-exec-6] DEBUG org.springframework.security.web.FilterChainProxy - Secured GET /users/getbyvpa?vpaId=deepchan0498401@mts
2026-06-20 10:47:06 [http-nio-8080-exec-6] DEBUG org.springframework.security.web.FilterChainProxy - Securing GET /error?vpaId=deepchan0498401@mts
2026-06-20 10:47:06 [http-nio-8080-exec-6] DEBUG org.springframework.security.web.authentication.AnonymousAuthenticationFilter - Set SecurityContextHolder to anonymous SecurityContext
2026-06-20 10:47:06 [http-nio-8080-exec-6] DEBUG org.springframework.security.web.authentication.Http403ForbiddenEntryPoint - Pre-authenticated entry point called. Rejecting access
2026-06-20 10:47:06 [http-nio-8080-exec-2] DEBUG org.springframework.security.web.FilterChainProxy - Securing GET /users/getbyvpa?vpaId=deepchan0498401@mts
2026-06-20 10:47:06 [http-nio-8080-exec-2] DEBUG org.springframework.security.web.FilterChainProxy - Secured GET /users/getbyvpa?vpaId=deepchan0498401@mts
2026-06-20 10:47:06 [http-nio-8080-exec-2] DEBUG org.springframework.security.web.FilterChainProxy - Securing GET /error?vpaId=deepchan0498401@mts
2026-06-20 10:47:06 [http-nio-8080-exec-2] DEBUG org.springframework.security.web.authentication.AnonymousAuthenticationFilter - Set SecurityContextHolder to anonymous SecurityContext
2026-06-20 10:47:06 [http-nio-8080-exec-2] DEBUG org.springframework.security.web.authentication.Http403ForbiddenEntryPoint - Pre-authenticated entry point called. Rejecting access
2026-06-20 10:47:06 [http-nio-8080-exec-7] DEBUG org.springframework.security.web.FilterChainProxy - Securing GET /users/getbyvpa?vpaId=deepchan0498401@mts
2026-06-20 10:47:06 [http-nio-8080-exec-7] DEBUG org.springframework.security.web.FilterChainProxy - Secured GET /users/getbyvpa?vpaId=deepchan0498401@mts
2026-06-20 10:47:06 [http-nio-8080-exec-7] DEBUG org.springframework.security.web.FilterChainProxy - Securing GET /error?vpaId=deepchan0498401@mts
2026-06-20 10:47:06 [http-nio-8080-exec-7] DEBUG org.springframework.security.web.authentication.AnonymousAuthenticationFilter - Set SecurityContextHolder to anonymous SecurityContext
2026-06-20 10:47:06 [http-nio-8080-exec-7] DEBUG org.springframework.security.web.authentication.Http403ForbiddenEntryPoint - Pre-authenticated entry point called. Rejecting access
2026-06-20 10:48:22 [http-nio-8080-exec-5] DEBUG org.springframework.security.web.FilterChainProxy - Securing GET /rewards/status
2026-06-20 10:48:22 [http-nio-8080-exec-5] DEBUG org.springframework.security.web.FilterChainProxy - Secured GET /rewards/status
2026-06-20 10:48:23 [http-nio-8080-exec-9] DEBUG org.springframework.security.web.FilterChainProxy - Securing GET /rewards/status
2026-06-20 10:48:23 [http-nio-8080-exec-4] DEBUG org.springframework.security.web.FilterChainProxy - Securing GET /transactions/gettranslog?vpaId=sowjenmeher1290902@mts
2026-06-20 10:48:23 [http-nio-8080-exec-9] DEBUG org.springframework.security.web.FilterChainProxy - Secured GET /rewards/status
2026-06-20 10:48:23 [http-nio-8080-exec-4] DEBUG org.springframework.security.web.FilterChainProxy - Secured GET /transactions/gettranslog?vpaId=sowjenmeher1290902@mts
2026-06-20 10:48:23 [http-nio-8080-exec-4] INFO  com.training.mts.aop.LoggingAspect - Entering method: TransactionServiceImpl.getTransactionHistory(..) with arguments: [sowjenmeher1290902@mts]
2026-06-20 10:48:23 [http-nio-8080-exec-8] DEBUG org.springframework.security.web.FilterChainProxy - Securing GET /rewards/status
2026-06-20 10:48:23 [http-nio-8080-exec-8] DEBUG org.springframework.security.web.FilterChainProxy - Secured GET /rewards/status
2026-06-20 10:48:23 [http-nio-8080-exec-4] INFO  com.training.mts.aop.LoggingAspect - Method executed successfully: TransactionServiceImpl.getTransactionHistory(..) | Returned: com.training.mts.dto.TransactionHistoryResponse@3f7b0b11
2026-06-20 10:48:23 [http-nio-8080-exec-6] DEBUG org.springframework.security.web.FilterChainProxy - Securing GET /users/getbyvpa?vpaId=deepchan0498401@mts
2026-06-20 10:48:23 [http-nio-8080-exec-6] DEBUG org.springframework.security.web.FilterChainProxy - Secured GET /users/getbyvpa?vpaId=deepchan0498401@mts
2026-06-20 10:48:23 [http-nio-8080-exec-6] DEBUG org.springframework.security.web.FilterChainProxy - Securing GET /error?vpaId=deepchan0498401@mts
2026-06-20 10:48:23 [http-nio-8080-exec-6] DEBUG org.springframework.security.web.authentication.AnonymousAuthenticationFilter - Set SecurityContextHolder to anonymous SecurityContext
2026-06-20 10:48:23 [http-nio-8080-exec-6] DEBUG org.springframework.security.web.authentication.Http403ForbiddenEntryPoint - Pre-authenticated entry point called. Rejecting access
2026-06-20 10:48:23 [http-nio-8080-exec-2] DEBUG org.springframework.security.web.FilterChainProxy - Securing GET /users/getbyvpa?vpaId=deepchan0498401@mts
2026-06-20 10:48:23 [http-nio-8080-exec-2] DEBUG org.springframework.security.web.FilterChainProxy - Secured GET /users/getbyvpa?vpaId=deepchan0498401@mts
2026-06-20 10:48:23 [http-nio-8080-exec-2] DEBUG org.springframework.security.web.FilterChainProxy - Securing GET /error?vpaId=deepchan0498401@mts
2026-06-20 10:48:23 [http-nio-8080-exec-2] DEBUG org.springframework.security.web.authentication.AnonymousAuthenticationFilter - Set SecurityContextHolder to anonymous SecurityContext
2026-06-20 10:48:23 [http-nio-8080-exec-2] DEBUG org.springframework.security.web.authentication.Http403ForbiddenEntryPoint - Pre-authenticated entry point called. Rejecting access
2026-06-20 10:48:23 [http-nio-8080-exec-7] DEBUG org.springframework.security.web.FilterChainProxy - Securing GET /users/getbyvpa?vpaId=deepchan0498401@mts
2026-06-20 10:48:23 [http-nio-8080-exec-7] DEBUG org.springframework.security.web.FilterChainProxy - Secured GET /users/getbyvpa?vpaId=deepchan0498401@mts
2026-06-20 10:48:23 [http-nio-8080-exec-7] DEBUG org.springframework.security.web.FilterChainProxy - Securing GET /error?vpaId=deepchan0498401@mts
2026-06-20 10:48:23 [http-nio-8080-exec-7] DEBUG org.springframework.security.web.authentication.AnonymousAuthenticationFilter - Set SecurityContextHolder to anonymous SecurityContext
2026-06-20 10:48:23 [http-nio-8080-exec-7] DEBUG org.springframework.security.web.authentication.Http403ForbiddenEntryPoint - Pre-authenticated entry point called. Rejecting access
2026-06-20 10:48:23 [http-nio-8080-exec-3] DEBUG org.springframework.security.web.FilterChainProxy - Securing GET /users/getbyvpa?vpaId=deepchan0498401@mts
2026-06-20 10:48:23 [http-nio-8080-exec-3] DEBUG org.springframework.security.web.FilterChainProxy - Secured GET /users/getbyvpa?vpaId=deepchan0498401@mts
2026-06-20 10:48:23 [http-nio-8080-exec-3] DEBUG org.springframework.security.web.FilterChainProxy - Securing GET /error?vpaId=deepchan0498401@mts
2026-06-20 10:48:23 [http-nio-8080-exec-3] DEBUG org.springframework.security.web.authentication.AnonymousAuthenticationFilter - Set SecurityContextHolder to anonymous SecurityContext
2026-06-20 10:48:23 [http-nio-8080-exec-3] DEBUG org.springframework.security.web.authentication.Http403ForbiddenEntryPoint - Pre-authenticated entry point called. Rejecting access
2026-06-20 10:48:23 [http-nio-8080-exec-10] DEBUG org.springframework.security.web.FilterChainProxy - Securing GET /users/getbyvpa?vpaId=deepchan0498401@mts
2026-06-20 10:48:23 [http-nio-8080-exec-10] DEBUG org.springframework.security.web.FilterChainProxy - Secured GET /users/getbyvpa?vpaId=deepchan0498401@mts
2026-06-20 10:48:23 [http-nio-8080-exec-10] DEBUG org.springframework.security.web.FilterChainProxy - Securing GET /error?vpaId=deepchan0498401@mts
2026-06-20 10:48:23 [http-nio-8080-exec-10] DEBUG org.springframework.security.web.authentication.AnonymousAuthenticationFilter - Set SecurityContextHolder to anonymous SecurityContext
2026-06-20 10:48:23 [http-nio-8080-exec-10] DEBUG org.springframework.security.web.authentication.Http403ForbiddenEntryPoint - Pre-authenticated entry point called. Rejecting access
2026-06-20 10:49:51 [http-nio-8080-exec-8] DEBUG org.springframework.security.web.FilterChainProxy - Securing GET /rewards/status
2026-06-20 10:49:51 [http-nio-8080-exec-8] DEBUG org.springframework.security.web.FilterChainProxy - Secured GET /rewards/status
2026-06-20 10:49:51 [http-nio-8080-exec-4] DEBUG org.springframework.security.web.FilterChainProxy - Securing GET /rewards/status
2026-06-20 10:49:51 [http-nio-8080-exec-6] DEBUG org.springframework.security.web.FilterChainProxy - Securing GET /transactions/gettranslog?vpaId=sowjenmeher1290902@mts
2026-06-20 10:49:51 [http-nio-8080-exec-4] DEBUG org.springframework.security.web.FilterChainProxy - Secured GET /rewards/status
2026-06-20 10:49:51 [http-nio-8080-exec-6] DEBUG org.springframework.security.web.FilterChainProxy - Secured GET /transactions/gettranslog?vpaId=sowjenmeher1290902@mts
2026-06-20 10:49:51 [http-nio-8080-exec-6] INFO  com.training.mts.aop.LoggingAspect - Entering method: TransactionServiceImpl.getTransactionHistory(..) with arguments: [sowjenmeher1290902@mts]
2026-06-20 10:49:51 [http-nio-8080-exec-2] DEBUG org.springframework.security.web.FilterChainProxy - Securing GET /rewards/status
2026-06-20 10:49:51 [http-nio-8080-exec-6] INFO  com.training.mts.aop.LoggingAspect - Method executed successfully: TransactionServiceImpl.getTransactionHistory(..) | Returned: com.training.mts.dto.TransactionHistoryResponse@1be9cdb8
2026-06-20 10:49:51 [http-nio-8080-exec-2] DEBUG org.springframework.security.web.FilterChainProxy - Secured GET /rewards/status
2026-06-20 10:50:17 [http-nio-8080-exec-7] DEBUG org.springframework.security.web.FilterChainProxy - Securing GET /rewards/status
2026-06-20 10:50:17 [http-nio-8080-exec-7] DEBUG org.springframework.security.web.FilterChainProxy - Secured GET /rewards/status
2026-06-20 10:50:17 [http-nio-8080-exec-3] DEBUG org.springframework.security.web.FilterChainProxy - Securing GET /rewards/status
2026-06-20 10:50:17 [http-nio-8080-exec-10] DEBUG org.springframework.security.web.FilterChainProxy - Securing GET /transactions/gettranslog?vpaId=sowjenmeher1290902@mts
2026-06-20 10:50:17 [http-nio-8080-exec-3] DEBUG org.springframework.security.web.FilterChainProxy - Secured GET /rewards/status
2026-06-20 10:50:17 [http-nio-8080-exec-10] DEBUG org.springframework.security.web.FilterChainProxy - Secured GET /transactions/gettranslog?vpaId=sowjenmeher1290902@mts
2026-06-20 10:50:17 [http-nio-8080-exec-10] INFO  com.training.mts.aop.LoggingAspect - Entering method: TransactionServiceImpl.getTransactionHistory(..) with arguments: [sowjenmeher1290902@mts]
2026-06-20 10:50:17 [http-nio-8080-exec-1] DEBUG org.springframework.security.web.FilterChainProxy - Securing GET /rewards/status
2026-06-20 10:50:17 [http-nio-8080-exec-1] DEBUG org.springframework.security.web.FilterChainProxy - Secured GET /rewards/status
2026-06-20 10:50:17 [http-nio-8080-exec-10] INFO  com.training.mts.aop.LoggingAspect - Method executed successfully: TransactionServiceImpl.getTransactionHistory(..) | Returned: com.training.mts.dto.TransactionHistoryResponse@44996f7a
2026-06-20 10:50:21 [http-nio-8080-exec-5] DEBUG org.springframework.security.web.FilterChainProxy - Securing GET /rewards/status
2026-06-20 10:50:21 [http-nio-8080-exec-5] DEBUG org.springframework.security.web.FilterChainProxy - Secured GET /rewards/status
2026-06-20 10:50:21 [http-nio-8080-exec-9] DEBUG org.springframework.security.web.FilterChainProxy - Securing GET /rewards/status
2026-06-20 10:50:21 [http-nio-8080-exec-9] DEBUG org.springframework.security.web.FilterChainProxy - Secured GET /rewards/status
2026-06-20 10:50:21 [http-nio-8080-exec-8] DEBUG org.springframework.security.web.FilterChainProxy - Securing GET /rewards/status
2026-06-20 10:50:21 [http-nio-8080-exec-8] DEBUG org.springframework.security.web.FilterChainProxy - Secured GET /rewards/status
2026-06-20 10:50:21 [http-nio-8080-exec-4] DEBUG org.springframework.security.web.FilterChainProxy - Securing GET /rewards/status
2026-06-20 10:50:21 [http-nio-8080-exec-4] DEBUG org.springframework.security.web.FilterChainProxy - Secured GET /rewards/status
2026-06-20 10:50:21 [http-nio-8080-exec-6] DEBUG org.springframework.security.web.FilterChainProxy - Securing GET /rewards/status
2026-06-20 10:50:21 [http-nio-8080-exec-2] DEBUG org.springframework.security.web.FilterChainProxy - Securing GET /rewards/list
2026-06-20 10:50:21 [http-nio-8080-exec-6] DEBUG org.springframework.security.web.FilterChainProxy - Secured GET /rewards/status
2026-06-20 10:50:21 [http-nio-8080-exec-2] DEBUG org.springframework.security.web.FilterChainProxy - Secured GET /rewards/list
2026-06-20 10:50:21 [http-nio-8080-exec-2] INFO  com.training.mts.aop.LoggingAspect - Entering method: RewardServiceImpl.getUserScratchCards(..) with arguments: [User{id=2, name='Sowjen Meher', vpa=com.training.mts.model.VPA@5b9b2cad}]
2026-06-20 10:50:21 [http-nio-8080-exec-2] INFO  com.training.mts.aop.LoggingAspect - Method executed successfully: RewardServiceImpl.getUserScratchCards(..) | Returned: []
2026-06-20 10:50:22 [http-nio-8080-exec-7] DEBUG org.springframework.security.web.FilterChainProxy - Securing GET /rewards/status
2026-06-20 10:50:22 [http-nio-8080-exec-7] DEBUG org.springframework.security.web.FilterChainProxy - Secured GET /rewards/status
2026-06-20 10:50:22 [http-nio-8080-exec-3] DEBUG org.springframework.security.web.FilterChainProxy - Securing GET /rewards/status
2026-06-20 10:50:22 [http-nio-8080-exec-1] DEBUG org.springframework.security.web.FilterChainProxy - Securing GET /transactions/gettranslog?vpaId=sowjenmeher1290902@mts
2026-06-20 10:50:22 [http-nio-8080-exec-3] DEBUG org.springframework.security.web.FilterChainProxy - Secured GET /rewards/status
2026-06-20 10:50:22 [http-nio-8080-exec-1] DEBUG org.springframework.security.web.FilterChainProxy - Secured GET /transactions/gettranslog?vpaId=sowjenmeher1290902@mts
2026-06-20 10:50:22 [http-nio-8080-exec-1] INFO  com.training.mts.aop.LoggingAspect - Entering method: TransactionServiceImpl.getTransactionHistory(..) with arguments: [sowjenmeher1290902@mts]
2026-06-20 10:50:22 [http-nio-8080-exec-10] DEBUG org.springframework.security.web.FilterChainProxy - Securing GET /rewards/status
2026-06-20 10:50:22 [http-nio-8080-exec-10] DEBUG org.springframework.security.web.FilterChainProxy - Secured GET /rewards/status
2026-06-20 10:50:22 [http-nio-8080-exec-1] INFO  com.training.mts.aop.LoggingAspect - Method executed successfully: TransactionServiceImpl.getTransactionHistory(..) | Returned: com.training.mts.dto.TransactionHistoryResponse@39a9e1a9
2026-06-20 10:50:22 [http-nio-8080-exec-5] DEBUG org.springframework.security.web.FilterChainProxy - Securing GET /rewards/status
2026-06-20 10:50:22 [http-nio-8080-exec-5] DEBUG org.springframework.security.web.FilterChainProxy - Secured GET /rewards/status
2026-06-20 10:50:22 [http-nio-8080-exec-9] DEBUG org.springframework.security.web.FilterChainProxy - Securing GET /rewards/status
2026-06-20 10:50:22 [http-nio-8080-exec-9] DEBUG org.springframework.security.web.FilterChainProxy - Secured GET /rewards/status
2026-06-20 10:51:58 [http-nio-8080-exec-2] DEBUG org.springframework.security.web.FilterChainProxy - Securing GET /rewards/status
2026-06-20 10:51:58 [http-nio-8080-exec-7] DEBUG org.springframework.security.web.FilterChainProxy - Securing GET /transactions/gettranslog?vpaId=sowjenmeher1290902@mts
2026-06-20 10:51:58 [http-nio-8080-exec-2] DEBUG org.springframework.security.web.FilterChainProxy - Secured GET /rewards/status
2026-06-20 10:51:58 [http-nio-8080-exec-7] DEBUG org.springframework.security.web.FilterChainProxy - Secured GET /transactions/gettranslog?vpaId=sowjenmeher1290902@mts
2026-06-20 10:51:58 [http-nio-8080-exec-7] INFO  com.training.mts.aop.LoggingAspect - Entering method: TransactionServiceImpl.getTransactionHistory(..) with arguments: [sowjenmeher1290902@mts]
2026-06-20 10:51:58 [http-nio-8080-exec-3] DEBUG org.springframework.security.web.FilterChainProxy - Securing GET /rewards/status
2026-06-20 10:51:58 [http-nio-8080-exec-3] DEBUG org.springframework.security.web.FilterChainProxy - Secured GET /rewards/status
2026-06-20 10:51:58 [http-nio-8080-exec-1] DEBUG org.springframework.security.web.FilterChainProxy - Securing GET /rewards/status
2026-06-20 10:51:58 [http-nio-8080-exec-7] INFO  com.training.mts.aop.LoggingAspect - Method executed successfully: TransactionServiceImpl.getTransactionHistory(..) | Returned: com.training.mts.dto.TransactionHistoryResponse@499dfcd2
2026-06-20 10:51:58 [http-nio-8080-exec-1] DEBUG org.springframework.security.web.FilterChainProxy - Secured GET /rewards/status
2026-06-20 10:51:58 [http-nio-8080-exec-10] DEBUG org.springframework.security.web.FilterChainProxy - Securing GET /rewards/status
2026-06-20 10:51:58 [http-nio-8080-exec-10] DEBUG org.springframework.security.web.FilterChainProxy - Secured GET /rewards/status
2026-06-20 10:51:58 [http-nio-8080-exec-5] DEBUG org.springframework.security.web.FilterChainProxy - Securing GET /rewards/status
2026-06-20 10:51:58 [http-nio-8080-exec-5] DEBUG org.springframework.security.web.FilterChainProxy - Secured GET /rewards/status
2026-06-20 10:51:58 [http-nio-8080-exec-9] DEBUG org.springframework.security.web.FilterChainProxy - Securing GET /rewards/status
2026-06-20 10:51:58 [http-nio-8080-exec-9] DEBUG org.springframework.security.web.FilterChainProxy - Secured GET /rewards/status
2026-06-20 10:52:01 [http-nio-8080-exec-6] DEBUG org.springframework.security.web.FilterChainProxy - Securing GET /rewards/status
2026-06-20 10:52:01 [http-nio-8080-exec-8] DEBUG org.springframework.security.web.FilterChainProxy - Securing GET /transactions/gettranslog?vpaId=sowjenmeher1290902@mts
2026-06-20 10:52:01 [http-nio-8080-exec-6] DEBUG org.springframework.security.web.FilterChainProxy - Secured GET /rewards/status
2026-06-20 10:52:01 [http-nio-8080-exec-8] DEBUG org.springframework.security.web.FilterChainProxy - Secured GET /transactions/gettranslog?vpaId=sowjenmeher1290902@mts
2026-06-20 10:52:01 [http-nio-8080-exec-8] INFO  com.training.mts.aop.LoggingAspect - Entering method: TransactionServiceImpl.getTransactionHistory(..) with arguments: [sowjenmeher1290902@mts]
2026-06-20 10:52:01 [http-nio-8080-exec-4] DEBUG org.springframework.security.web.FilterChainProxy - Securing GET /rewards/status
2026-06-20 10:52:01 [http-nio-8080-exec-4] DEBUG org.springframework.security.web.FilterChainProxy - Secured GET /rewards/status
2026-06-20 10:52:01 [http-nio-8080-exec-8] INFO  com.training.mts.aop.LoggingAspect - Method executed successfully: TransactionServiceImpl.getTransactionHistory(..) | Returned: com.training.mts.dto.TransactionHistoryResponse@34ee7aba
2026-06-20 10:52:01 [http-nio-8080-exec-2] DEBUG org.springframework.security.web.FilterChainProxy - Securing GET /rewards/status
2026-06-20 10:52:01 [http-nio-8080-exec-2] DEBUG org.springframework.security.web.FilterChainProxy - Secured GET /rewards/status
2026-06-20 10:52:01 [http-nio-8080-exec-3] DEBUG org.springframework.security.web.FilterChainProxy - Securing GET /rewards/status
2026-06-20 10:52:01 [http-nio-8080-exec-3] DEBUG org.springframework.security.web.FilterChainProxy - Secured GET /rewards/status
2026-06-20 10:52:01 [http-nio-8080-exec-7] DEBUG org.springframework.security.web.FilterChainProxy - Securing GET /rewards/status
2026-06-20 10:52:01 [http-nio-8080-exec-7] DEBUG org.springframework.security.web.FilterChainProxy - Secured GET /rewards/status
2026-06-20 10:52:01 [http-nio-8080-exec-1] DEBUG org.springframework.security.web.FilterChainProxy - Securing GET /rewards/status
2026-06-20 10:52:01 [http-nio-8080-exec-1] DEBUG org.springframework.security.web.FilterChainProxy - Secured GET /rewards/status
2026-06-20 10:52:01 [http-nio-8080-exec-10] DEBUG org.springframework.security.web.FilterChainProxy - Securing GET /rewards/status
2026-06-20 10:52:01 [http-nio-8080-exec-10] DEBUG org.springframework.security.web.FilterChainProxy - Secured GET /rewards/status
2026-06-20 10:52:14 [http-nio-8080-exec-5] DEBUG org.springframework.security.web.FilterChainProxy - Securing GET /rewards/status
2026-06-20 10:52:14 [http-nio-8080-exec-5] DEBUG org.springframework.security.web.FilterChainProxy - Secured GET /rewards/status
2026-06-20 10:52:14 [http-nio-8080-exec-9] DEBUG org.springframework.security.web.FilterChainProxy - Securing GET /transactions/gettranslog?vpaId=sowjenmeher1290902@mts
2026-06-20 10:52:14 [http-nio-8080-exec-6] DEBUG org.springframework.security.web.FilterChainProxy - Securing GET /rewards/status
2026-06-20 10:52:14 [http-nio-8080-exec-9] DEBUG org.springframework.security.web.FilterChainProxy - Secured GET /transactions/gettranslog?vpaId=sowjenmeher1290902@mts
2026-06-20 10:52:14 [http-nio-8080-exec-9] INFO  com.training.mts.aop.LoggingAspect - Entering method: TransactionServiceImpl.getTransactionHistory(..) with arguments: [sowjenmeher1290902@mts]
2026-06-20 10:52:14 [http-nio-8080-exec-6] DEBUG org.springframework.security.web.FilterChainProxy - Secured GET /rewards/status
2026-06-20 10:52:14 [http-nio-8080-exec-8] DEBUG org.springframework.security.web.FilterChainProxy - Securing GET /rewards/status
2026-06-20 10:52:14 [http-nio-8080-exec-9] INFO  com.training.mts.aop.LoggingAspect - Method executed successfully: TransactionServiceImpl.getTransactionHistory(..) | Returned: com.training.mts.dto.TransactionHistoryResponse@14269624
2026-06-20 10:52:14 [http-nio-8080-exec-8] DEBUG org.springframework.security.web.FilterChainProxy - Secured GET /rewards/status
2026-06-20 10:52:14 [http-nio-8080-exec-4] DEBUG org.springframework.security.web.FilterChainProxy - Securing GET /rewards/status
2026-06-20 10:52:14 [http-nio-8080-exec-4] DEBUG org.springframework.security.web.FilterChainProxy - Secured GET /rewards/status
2026-06-20 10:52:14 [http-nio-8080-exec-2] DEBUG org.springframework.security.web.FilterChainProxy - Securing GET /rewards/status
2026-06-20 10:52:14 [http-nio-8080-exec-2] DEBUG org.springframework.security.web.FilterChainProxy - Secured GET /rewards/status
2026-06-20 10:52:14 [http-nio-8080-exec-3] DEBUG org.springframework.security.web.FilterChainProxy - Securing GET /rewards/status
2026-06-20 10:52:14 [http-nio-8080-exec-3] DEBUG org.springframework.security.web.FilterChainProxy - Secured GET /rewards/status
2026-06-20 10:52:14 [http-nio-8080-exec-7] DEBUG org.springframework.security.web.FilterChainProxy - Securing GET /rewards/status
2026-06-20 10:52:14 [http-nio-8080-exec-7] DEBUG org.springframework.security.web.FilterChainProxy - Secured GET /rewards/status
2026-06-20 10:52:14 [http-nio-8080-exec-1] DEBUG org.springframework.security.web.FilterChainProxy - Securing GET /rewards/status
2026-06-20 10:52:14 [http-nio-8080-exec-1] DEBUG org.springframework.security.web.FilterChainProxy - Secured GET /rewards/status
2026-06-20 10:52:15 [http-nio-8080-exec-10] DEBUG org.springframework.security.web.FilterChainProxy - Securing GET /rewards/status
2026-06-20 10:52:15 [http-nio-8080-exec-5] DEBUG org.springframework.security.web.FilterChainProxy - Securing GET /transactions/gettranslog?vpaId=sowjenmeher1290902@mts
2026-06-20 10:52:15 [http-nio-8080-exec-10] DEBUG org.springframework.security.web.FilterChainProxy - Secured GET /rewards/status
2026-06-20 10:52:15 [http-nio-8080-exec-5] DEBUG org.springframework.security.web.FilterChainProxy - Secured GET /transactions/gettranslog?vpaId=sowjenmeher1290902@mts
2026-06-20 10:52:15 [http-nio-8080-exec-5] INFO  com.training.mts.aop.LoggingAspect - Entering method: TransactionServiceImpl.getTransactionHistory(..) with arguments: [sowjenmeher1290902@mts]
2026-06-20 10:52:15 [http-nio-8080-exec-6] DEBUG org.springframework.security.web.FilterChainProxy - Securing GET /rewards/status
2026-06-20 10:52:15 [http-nio-8080-exec-6] DEBUG org.springframework.security.web.FilterChainProxy - Secured GET /rewards/status
2026-06-20 10:52:15 [http-nio-8080-exec-5] INFO  com.training.mts.aop.LoggingAspect - Method executed successfully: TransactionServiceImpl.getTransactionHistory(..) | Returned: com.training.mts.dto.TransactionHistoryResponse@67affe43
2026-06-20 10:52:15 [http-nio-8080-exec-9] DEBUG org.springframework.security.web.FilterChainProxy - Securing GET /rewards/status
2026-06-20 10:52:15 [http-nio-8080-exec-9] DEBUG org.springframework.security.web.FilterChainProxy - Secured GET /rewards/status
2026-06-20 10:52:15 [http-nio-8080-exec-8] DEBUG org.springframework.security.web.FilterChainProxy - Securing GET /rewards/status
2026-06-20 10:52:15 [http-nio-8080-exec-8] DEBUG org.springframework.security.web.FilterChainProxy - Secured GET /rewards/status
2026-06-20 10:52:15 [http-nio-8080-exec-4] DEBUG org.springframework.security.web.FilterChainProxy - Securing GET /rewards/status
2026-06-20 10:52:15 [http-nio-8080-exec-4] DEBUG org.springframework.security.web.FilterChainProxy - Secured GET /rewards/status
2026-06-20 10:52:15 [http-nio-8080-exec-2] DEBUG org.springframework.security.web.FilterChainProxy - Securing GET /rewards/status
2026-06-20 10:52:15 [http-nio-8080-exec-2] DEBUG org.springframework.security.web.FilterChainProxy - Secured GET /rewards/status
2026-06-20 10:52:15 [http-nio-8080-exec-3] DEBUG org.springframework.security.web.FilterChainProxy - Securing GET /rewards/status
2026-06-20 10:52:15 [http-nio-8080-exec-3] DEBUG org.springframework.security.web.FilterChainProxy - Secured GET /rewards/status
2026-06-20 10:52:15 [http-nio-8080-exec-7] DEBUG org.springframework.security.web.FilterChainProxy - Securing GET /rewards/status
2026-06-20 10:52:15 [http-nio-8080-exec-7] DEBUG org.springframework.security.web.FilterChainProxy - Secured GET /rewards/status
2026-06-20 10:52:15 [http-nio-8080-exec-1] DEBUG org.springframework.security.web.FilterChainProxy - Securing GET /rewards/status
2026-06-20 10:52:15 [http-nio-8080-exec-1] DEBUG org.springframework.security.web.FilterChainProxy - Secured GET /rewards/status
2026-06-20 10:52:25 [http-nio-8080-exec-10] DEBUG org.springframework.security.web.FilterChainProxy - Securing GET /rewards/status
2026-06-20 10:52:25 [http-nio-8080-exec-10] DEBUG org.springframework.security.web.FilterChainProxy - Secured GET /rewards/status
2026-06-20 10:52:25 [http-nio-8080-exec-6] DEBUG org.springframework.security.web.FilterChainProxy - Securing GET /transactions/gettranslog?vpaId=sowjenmeher1290902@mts
2026-06-20 10:52:25 [http-nio-8080-exec-5] DEBUG org.springframework.security.web.FilterChainProxy - Securing GET /rewards/status
2026-06-20 10:52:25 [http-nio-8080-exec-6] DEBUG org.springframework.security.web.FilterChainProxy - Secured GET /transactions/gettranslog?vpaId=sowjenmeher1290902@mts
2026-06-20 10:52:25 [http-nio-8080-exec-6] INFO  com.training.mts.aop.LoggingAspect - Entering method: TransactionServiceImpl.getTransactionHistory(..) with arguments: [sowjenmeher1290902@mts]
2026-06-20 10:52:25 [http-nio-8080-exec-5] DEBUG org.springframework.security.web.FilterChainProxy - Secured GET /rewards/status
2026-06-20 10:52:25 [http-nio-8080-exec-9] DEBUG org.springframework.security.web.FilterChainProxy - Securing GET /rewards/status
2026-06-20 10:52:25 [http-nio-8080-exec-6] INFO  com.training.mts.aop.LoggingAspect - Method executed successfully: TransactionServiceImpl.getTransactionHistory(..) | Returned: com.training.mts.dto.TransactionHistoryResponse@2dfde135
2026-06-20 10:52:25 [http-nio-8080-exec-9] DEBUG org.springframework.security.web.FilterChainProxy - Secured GET /rewards/status
2026-06-20 10:52:25 [http-nio-8080-exec-8] DEBUG org.springframework.security.web.FilterChainProxy - Securing GET /rewards/status
2026-06-20 10:52:25 [http-nio-8080-exec-8] DEBUG org.springframework.security.web.FilterChainProxy - Secured GET /rewards/status
2026-06-20 10:52:26 [http-nio-8080-exec-4] DEBUG org.springframework.security.web.FilterChainProxy - Securing GET /rewards/status
2026-06-20 10:52:26 [http-nio-8080-exec-4] DEBUG org.springframework.security.web.FilterChainProxy - Secured GET /rewards/status
2026-06-20 10:52:26 [http-nio-8080-exec-2] DEBUG org.springframework.security.web.FilterChainProxy - Securing GET /rewards/status
2026-06-20 10:52:26 [http-nio-8080-exec-2] DEBUG org.springframework.security.web.FilterChainProxy - Secured GET /rewards/status
2026-06-20 10:52:26 [http-nio-8080-exec-3] DEBUG org.springframework.security.web.FilterChainProxy - Securing GET /rewards/status
2026-06-20 10:52:26 [http-nio-8080-exec-3] DEBUG org.springframework.security.web.FilterChainProxy - Secured GET /rewards/status
2026-06-20 10:52:26 [http-nio-8080-exec-7] DEBUG org.springframework.security.web.FilterChainProxy - Securing GET /rewards/status
2026-06-20 10:52:26 [http-nio-8080-exec-7] DEBUG org.springframework.security.web.FilterChainProxy - Secured GET /rewards/status
2026-06-20 10:52:26 [http-nio-8080-exec-1] DEBUG org.springframework.security.web.FilterChainProxy - Securing GET /rewards/status
2026-06-20 10:52:26 [http-nio-8080-exec-1] DEBUG org.springframework.security.web.FilterChainProxy - Secured GET /rewards/status
2026-06-20 10:52:26 [http-nio-8080-exec-10] DEBUG org.springframework.security.web.FilterChainProxy - Securing GET /rewards/status
2026-06-20 10:52:26 [http-nio-8080-exec-10] DEBUG org.springframework.security.web.FilterChainProxy - Secured GET /rewards/status
2026-06-20 10:52:27 [http-nio-8080-exec-5] DEBUG org.springframework.security.web.FilterChainProxy - Securing GET /rewards/status
2026-06-20 10:52:27 [http-nio-8080-exec-6] DEBUG org.springframework.security.web.FilterChainProxy - Securing GET /transactions/gettranslog?vpaId=sowjenmeher1290902@mts
2026-06-20 10:52:27 [http-nio-8080-exec-5] DEBUG org.springframework.security.web.FilterChainProxy - Secured GET /rewards/status
2026-06-20 10:52:27 [http-nio-8080-exec-6] DEBUG org.springframework.security.web.FilterChainProxy - Secured GET /transactions/gettranslog?vpaId=sowjenmeher1290902@mts
2026-06-20 10:52:27 [http-nio-8080-exec-6] INFO  com.training.mts.aop.LoggingAspect - Entering method: TransactionServiceImpl.getTransactionHistory(..) with arguments: [sowjenmeher1290902@mts]
2026-06-20 10:52:27 [http-nio-8080-exec-9] DEBUG org.springframework.security.web.FilterChainProxy - Securing GET /rewards/status
2026-06-20 10:52:27 [http-nio-8080-exec-9] DEBUG org.springframework.security.web.FilterChainProxy - Secured GET /rewards/status
2026-06-20 10:52:27 [http-nio-8080-exec-6] INFO  com.training.mts.aop.LoggingAspect - Method executed successfully: TransactionServiceImpl.getTransactionHistory(..) | Returned: com.training.mts.dto.TransactionHistoryResponse@4a9d5fd0
2026-06-20 10:52:27 [http-nio-8080-exec-8] DEBUG org.springframework.security.web.FilterChainProxy - Securing GET /rewards/status
2026-06-20 10:52:27 [http-nio-8080-exec-8] DEBUG org.springframework.security.web.FilterChainProxy - Secured GET /rewards/status
2026-06-20 10:52:27 [http-nio-8080-exec-4] DEBUG org.springframework.security.web.FilterChainProxy - Securing GET /rewards/status
2026-06-20 10:52:27 [http-nio-8080-exec-4] DEBUG org.springframework.security.web.FilterChainProxy - Secured GET /rewards/status
2026-06-20 10:52:27 [http-nio-8080-exec-2] DEBUG org.springframework.security.web.FilterChainProxy - Securing GET /rewards/status
2026-06-20 10:52:27 [http-nio-8080-exec-2] DEBUG org.springframework.security.web.FilterChainProxy - Secured GET /rewards/status
2026-06-20 10:52:27 [http-nio-8080-exec-3] DEBUG org.springframework.security.web.FilterChainProxy - Securing GET /rewards/status
2026-06-20 10:52:27 [http-nio-8080-exec-3] DEBUG org.springframework.security.web.FilterChainProxy - Secured GET /rewards/status
2026-06-20 10:52:27 [http-nio-8080-exec-7] DEBUG org.springframework.security.web.FilterChainProxy - Securing GET /rewards/status
2026-06-20 10:52:27 [http-nio-8080-exec-7] DEBUG org.springframework.security.web.FilterChainProxy - Secured GET /rewards/status
2026-06-20 10:52:27 [http-nio-8080-exec-1] DEBUG org.springframework.security.web.FilterChainProxy - Securing GET /rewards/status
2026-06-20 10:52:27 [http-nio-8080-exec-1] DEBUG org.springframework.security.web.FilterChainProxy - Secured GET /rewards/status
2026-06-20 10:52:27 [http-nio-8080-exec-10] DEBUG org.springframework.security.web.FilterChainProxy - Securing GET /rewards/status
2026-06-20 10:52:27 [http-nio-8080-exec-10] DEBUG org.springframework.security.web.FilterChainProxy - Secured GET /rewards/status
2026-06-20 10:52:27 [http-nio-8080-exec-5] DEBUG org.springframework.security.web.FilterChainProxy - Securing GET /rewards/status
2026-06-20 10:52:27 [http-nio-8080-exec-5] DEBUG org.springframework.security.web.FilterChainProxy - Secured GET /rewards/status
2026-06-20 10:52:27 [http-nio-8080-exec-6] DEBUG org.springframework.security.web.FilterChainProxy - Securing GET /rewards/status
2026-06-20 10:52:27 [http-nio-8080-exec-6] DEBUG org.springframework.security.web.FilterChainProxy - Secured GET /rewards/status
2026-06-20 10:53:13 [http-nio-8080-exec-9] DEBUG org.springframework.security.web.FilterChainProxy - Securing GET /rewards/status
2026-06-20 10:53:13 [http-nio-8080-exec-9] DEBUG org.springframework.security.web.FilterChainProxy - Secured GET /rewards/status
2026-06-20 10:53:13 [http-nio-8080-exec-8] DEBUG org.springframework.security.web.FilterChainProxy - Securing GET /rewards/status
2026-06-20 10:53:13 [http-nio-8080-exec-4] DEBUG org.springframework.security.web.FilterChainProxy - Securing GET /transactions/gettranslog?vpaId=sowjenmeher1290902@mts
2026-06-20 10:53:13 [http-nio-8080-exec-4] DEBUG org.springframework.security.web.FilterChainProxy - Secured GET /transactions/gettranslog?vpaId=sowjenmeher1290902@mts
2026-06-20 10:53:13 [http-nio-8080-exec-8] DEBUG org.springframework.security.web.FilterChainProxy - Secured GET /rewards/status
2026-06-20 10:53:13 [http-nio-8080-exec-4] INFO  com.training.mts.aop.LoggingAspect - Entering method: TransactionServiceImpl.getTransactionHistory(..) with arguments: [sowjenmeher1290902@mts]
2026-06-20 10:53:13 [http-nio-8080-exec-2] DEBUG org.springframework.security.web.FilterChainProxy - Securing GET /rewards/status
2026-06-20 10:53:13 [http-nio-8080-exec-2] DEBUG org.springframework.security.web.FilterChainProxy - Secured GET /rewards/status
2026-06-20 10:53:13 [http-nio-8080-exec-4] INFO  com.training.mts.aop.LoggingAspect - Method executed successfully: TransactionServiceImpl.getTransactionHistory(..) | Returned: com.training.mts.dto.TransactionHistoryResponse@6fecd791
2026-06-20 10:53:13 [http-nio-8080-exec-3] DEBUG org.springframework.security.web.FilterChainProxy - Securing GET /rewards/status
2026-06-20 10:53:13 [http-nio-8080-exec-3] DEBUG org.springframework.security.web.FilterChainProxy - Secured GET /rewards/status
2026-06-20 10:53:13 [http-nio-8080-exec-7] DEBUG org.springframework.security.web.FilterChainProxy - Securing GET /rewards/status
2026-06-20 10:53:13 [http-nio-8080-exec-7] DEBUG org.springframework.security.web.FilterChainProxy - Secured GET /rewards/status
2026-06-20 10:53:13 [http-nio-8080-exec-1] DEBUG org.springframework.security.web.FilterChainProxy - Securing GET /rewards/status
2026-06-20 10:53:13 [http-nio-8080-exec-1] DEBUG org.springframework.security.web.FilterChainProxy - Secured GET /rewards/status
2026-06-20 10:53:13 [http-nio-8080-exec-10] DEBUG org.springframework.security.web.FilterChainProxy - Securing GET /rewards/status
2026-06-20 10:53:13 [http-nio-8080-exec-10] DEBUG org.springframework.security.web.FilterChainProxy - Secured GET /rewards/status
2026-06-20 10:53:13 [http-nio-8080-exec-5] DEBUG org.springframework.security.web.FilterChainProxy - Securing GET /rewards/status
2026-06-20 10:53:13 [http-nio-8080-exec-5] DEBUG org.springframework.security.web.FilterChainProxy - Secured GET /rewards/status
2026-06-20 10:53:13 [http-nio-8080-exec-6] DEBUG org.springframework.security.web.FilterChainProxy - Securing GET /rewards/status
2026-06-20 10:53:13 [http-nio-8080-exec-6] DEBUG org.springframework.security.web.FilterChainProxy - Secured GET /rewards/status
2026-06-20 10:53:13 [http-nio-8080-exec-9] DEBUG org.springframework.security.web.FilterChainProxy - Securing GET /rewards/status
2026-06-20 10:53:13 [http-nio-8080-exec-9] DEBUG org.springframework.security.web.FilterChainProxy - Secured GET /rewards/status
2026-06-20 10:53:13 [http-nio-8080-exec-8] DEBUG org.springframework.security.web.FilterChainProxy - Securing GET /rewards/status
2026-06-20 10:53:13 [http-nio-8080-exec-8] DEBUG org.springframework.security.web.FilterChainProxy - Secured GET /rewards/status
2026-06-20 10:53:13 [http-nio-8080-exec-4] DEBUG org.springframework.security.web.FilterChainProxy - Securing GET /rewards/status
2026-06-20 10:53:13 [http-nio-8080-exec-4] DEBUG org.springframework.security.web.FilterChainProxy - Secured GET /rewards/status
2026-06-20 10:53:15 [http-nio-8080-exec-2] DEBUG org.springframework.security.web.FilterChainProxy - Securing GET /rewards/status
2026-06-20 10:53:15 [http-nio-8080-exec-3] DEBUG org.springframework.security.web.FilterChainProxy - Securing GET /transactions/gettranslog?vpaId=sowjenmeher1290902@mts
2026-06-20 10:53:15 [http-nio-8080-exec-2] DEBUG org.springframework.security.web.FilterChainProxy - Secured GET /rewards/status
2026-06-20 10:53:15 [http-nio-8080-exec-3] DEBUG org.springframework.security.web.FilterChainProxy - Secured GET /transactions/gettranslog?vpaId=sowjenmeher1290902@mts
2026-06-20 10:53:15 [http-nio-8080-exec-3] INFO  com.training.mts.aop.LoggingAspect - Entering method: TransactionServiceImpl.getTransactionHistory(..) with arguments: [sowjenmeher1290902@mts]
2026-06-20 10:53:15 [http-nio-8080-exec-7] DEBUG org.springframework.security.web.FilterChainProxy - Securing GET /rewards/status
2026-06-20 10:53:15 [http-nio-8080-exec-7] DEBUG org.springframework.security.web.FilterChainProxy - Secured GET /rewards/status
2026-06-20 10:53:15 [http-nio-8080-exec-3] INFO  com.training.mts.aop.LoggingAspect - Method executed successfully: TransactionServiceImpl.getTransactionHistory(..) | Returned: com.training.mts.dto.TransactionHistoryResponse@2da889eb
2026-06-20 10:53:15 [http-nio-8080-exec-1] DEBUG org.springframework.security.web.FilterChainProxy - Securing GET /rewards/status
2026-06-20 10:53:15 [http-nio-8080-exec-1] DEBUG org.springframework.security.web.FilterChainProxy - Secured GET /rewards/status
2026-06-20 10:53:15 [http-nio-8080-exec-10] DEBUG org.springframework.security.web.FilterChainProxy - Securing GET /rewards/status
2026-06-20 10:53:15 [http-nio-8080-exec-10] DEBUG org.springframework.security.web.FilterChainProxy - Secured GET /rewards/status
2026-06-20 10:53:15 [http-nio-8080-exec-5] DEBUG org.springframework.security.web.FilterChainProxy - Securing GET /rewards/status
2026-06-20 10:53:15 [http-nio-8080-exec-5] DEBUG org.springframework.security.web.FilterChainProxy - Secured GET /rewards/status
2026-06-20 10:53:15 [http-nio-8080-exec-6] DEBUG org.springframework.security.web.FilterChainProxy - Securing GET /rewards/status
2026-06-20 10:53:15 [http-nio-8080-exec-6] DEBUG org.springframework.security.web.FilterChainProxy - Secured GET /rewards/status
2026-06-20 10:53:15 [http-nio-8080-exec-9] DEBUG org.springframework.security.web.FilterChainProxy - Securing GET /rewards/status
2026-06-20 10:53:15 [http-nio-8080-exec-9] DEBUG org.springframework.security.web.FilterChainProxy - Secured GET /rewards/status
2026-06-20 10:53:15 [http-nio-8080-exec-8] DEBUG org.springframework.security.web.FilterChainProxy - Securing GET /rewards/status
2026-06-20 10:53:15 [http-nio-8080-exec-8] DEBUG org.springframework.security.web.FilterChainProxy - Secured GET /rewards/status
2026-06-20 10:53:15 [http-nio-8080-exec-4] DEBUG org.springframework.security.web.FilterChainProxy - Securing GET /rewards/status
2026-06-20 10:53:15 [http-nio-8080-exec-4] DEBUG org.springframework.security.web.FilterChainProxy - Secured GET /rewards/status
2026-06-20 10:53:15 [http-nio-8080-exec-2] DEBUG org.springframework.security.web.FilterChainProxy - Securing GET /rewards/status
2026-06-20 10:53:15 [http-nio-8080-exec-2] DEBUG org.springframework.security.web.FilterChainProxy - Secured GET /rewards/status
2026-06-20 10:53:15 [http-nio-8080-exec-3] DEBUG org.springframework.security.web.FilterChainProxy - Securing GET /rewards/status
2026-06-20 10:53:15 [http-nio-8080-exec-3] DEBUG org.springframework.security.web.FilterChainProxy - Secured GET /rewards/status
2026-06-20 10:53:15 [http-nio-8080-exec-7] DEBUG org.springframework.security.web.FilterChainProxy - Securing GET /rewards/status
2026-06-20 10:53:15 [http-nio-8080-exec-7] DEBUG org.springframework.security.web.FilterChainProxy - Secured GET /rewards/status
2026-06-20 10:53:15 [http-nio-8080-exec-1] DEBUG org.springframework.security.web.FilterChainProxy - Securing GET /rewards/status
2026-06-20 10:53:15 [http-nio-8080-exec-1] DEBUG org.springframework.security.web.FilterChainProxy - Secured GET /rewards/status
2026-06-20 10:53:19 [http-nio-8080-exec-10] DEBUG org.springframework.security.web.FilterChainProxy - Securing GET /rewards/status
2026-06-20 10:53:19 [http-nio-8080-exec-10] DEBUG org.springframework.security.web.FilterChainProxy - Secured GET /rewards/status
2026-06-20 10:53:19 [http-nio-8080-exec-5] DEBUG org.springframework.security.web.FilterChainProxy - Securing GET /rewards/status
2026-06-20 10:53:19 [http-nio-8080-exec-5] DEBUG org.springframework.security.web.FilterChainProxy - Secured GET /rewards/status
2026-06-20 10:53:19 [http-nio-8080-exec-6] DEBUG org.springframework.security.web.FilterChainProxy - Securing GET /rewards/status
2026-06-20 10:53:19 [http-nio-8080-exec-6] DEBUG org.springframework.security.web.FilterChainProxy - Secured GET /rewards/status
2026-06-20 10:53:19 [http-nio-8080-exec-9] DEBUG org.springframework.security.web.FilterChainProxy - Securing GET /rewards/status
2026-06-20 10:53:19 [http-nio-8080-exec-9] DEBUG org.springframework.security.web.FilterChainProxy - Secured GET /rewards/status
2026-06-20 10:53:19 [http-nio-8080-exec-8] DEBUG org.springframework.security.web.FilterChainProxy - Securing GET /rewards/status
2026-06-20 10:53:19 [http-nio-8080-exec-8] DEBUG org.springframework.security.web.FilterChainProxy - Secured GET /rewards/status
2026-06-20 10:53:19 [http-nio-8080-exec-4] DEBUG org.springframework.security.web.FilterChainProxy - Securing GET /rewards/status
2026-06-20 10:53:19 [http-nio-8080-exec-4] DEBUG org.springframework.security.web.FilterChainProxy - Secured GET /rewards/status
2026-06-20 10:53:19 [http-nio-8080-exec-2] DEBUG org.springframework.security.web.FilterChainProxy - Securing GET /rewards/status
2026-06-20 10:53:19 [http-nio-8080-exec-2] DEBUG org.springframework.security.web.FilterChainProxy - Secured GET /rewards/status
2026-06-20 10:53:19 [http-nio-8080-exec-3] DEBUG org.springframework.security.web.FilterChainProxy - Securing GET /rewards/status
2026-06-20 10:53:19 [http-nio-8080-exec-3] DEBUG org.springframework.security.web.FilterChainProxy - Secured GET /rewards/status
2026-06-20 10:53:19 [http-nio-8080-exec-7] DEBUG org.springframework.security.web.FilterChainProxy - Securing GET /rewards/status
2026-06-20 10:53:19 [http-nio-8080-exec-7] DEBUG org.springframework.security.web.FilterChainProxy - Secured GET /rewards/status
2026-06-20 10:53:19 [http-nio-8080-exec-1] DEBUG org.springframework.security.web.FilterChainProxy - Securing GET /rewards/status
2026-06-20 10:53:19 [http-nio-8080-exec-1] DEBUG org.springframework.security.web.FilterChainProxy - Secured GET /rewards/status
2026-06-20 10:53:19 [http-nio-8080-exec-10] DEBUG org.springframework.security.web.FilterChainProxy - Securing GET /rewards/status
2026-06-20 10:53:19 [http-nio-8080-exec-10] DEBUG org.springframework.security.web.FilterChainProxy - Secured GET /rewards/status
2026-06-20 10:53:19 [http-nio-8080-exec-5] DEBUG org.springframework.security.web.FilterChainProxy - Securing GET /rewards/status
2026-06-20 10:53:19 [http-nio-8080-exec-5] DEBUG org.springframework.security.web.FilterChainProxy - Secured GET /rewards/status
2026-06-20 10:53:19 [http-nio-8080-exec-6] DEBUG org.springframework.security.web.FilterChainProxy - Securing GET /rewards/status
2026-06-20 10:53:19 [http-nio-8080-exec-6] DEBUG org.springframework.security.web.FilterChainProxy - Secured GET /rewards/status
2026-06-20 10:53:19 [http-nio-8080-exec-9] DEBUG org.springframework.security.web.FilterChainProxy - Securing GET /rewards/status
2026-06-20 10:53:19 [http-nio-8080-exec-9] DEBUG org.springframework.security.web.FilterChainProxy - Secured GET /rewards/status
2026-06-20 10:53:35 [http-nio-8080-exec-8] DEBUG org.springframework.security.web.FilterChainProxy - Securing GET /rewards/status
2026-06-20 10:53:35 [http-nio-8080-exec-8] DEBUG org.springframework.security.web.FilterChainProxy - Secured GET /rewards/status
2026-06-20 10:53:35 [http-nio-8080-exec-4] DEBUG org.springframework.security.web.FilterChainProxy - Securing GET /rewards/status
2026-06-20 10:53:35 [http-nio-8080-exec-4] DEBUG org.springframework.security.web.FilterChainProxy - Secured GET /rewards/status
2026-06-20 10:53:35 [http-nio-8080-exec-2] DEBUG org.springframework.security.web.FilterChainProxy - Securing GET /rewards/status
2026-06-20 10:53:35 [http-nio-8080-exec-2] DEBUG org.springframework.security.web.FilterChainProxy - Secured GET /rewards/status
2026-06-20 10:53:43 [http-nio-8080-exec-3] DEBUG org.springframework.security.web.FilterChainProxy - Securing OPTIONS /users/getbalance?vpaId=sowjenmeher1290902@mts&password=Barca2
2026-06-20 10:53:43 [http-nio-8080-exec-7] DEBUG org.springframework.security.web.FilterChainProxy - Securing GET /users/getbalance?vpaId=sowjenmeher1290902@mts&password=Barca2
2026-06-20 10:53:43 [http-nio-8080-exec-7] DEBUG org.springframework.security.web.FilterChainProxy - Secured GET /users/getbalance?vpaId=sowjenmeher1290902@mts&password=Barca2
2026-06-20 10:53:43 [http-nio-8080-exec-7] INFO  com.training.mts.aop.LoggingAspect - Entering method: UserServiceImpl.getBankBalance(..) with arguments: [sowjenmeher1290902@mts, Barca2]
2026-06-20 10:53:43 [http-nio-8080-exec-7] INFO  com.training.mts.aop.LoggingAspect - Method executed successfully: UserServiceImpl.getBankBalance(..) | Returned: 14300.0
2026-06-20 10:57:40 [http-nio-8080-exec-6] DEBUG org.springframework.security.web.FilterChainProxy - Securing GET /rewards/status
2026-06-20 10:57:40 [http-nio-8080-exec-9] DEBUG org.springframework.security.web.FilterChainProxy - Securing GET /transactions/gettranslog?vpaId=sowjenmeher1290902@mts
2026-06-20 10:57:40 [http-nio-8080-exec-6] DEBUG org.springframework.security.web.FilterChainProxy - Secured GET /rewards/status
2026-06-20 10:57:40 [http-nio-8080-exec-9] DEBUG org.springframework.security.web.FilterChainProxy - Secured GET /transactions/gettranslog?vpaId=sowjenmeher1290902@mts
2026-06-20 10:57:40 [http-nio-8080-exec-9] INFO  com.training.mts.aop.LoggingAspect - Entering method: TransactionServiceImpl.getTransactionHistory(..) with arguments: [sowjenmeher1290902@mts]
2026-06-20 10:57:40 [http-nio-8080-exec-8] DEBUG org.springframework.security.web.FilterChainProxy - Securing GET /rewards/status
2026-06-20 10:57:40 [http-nio-8080-exec-9] INFO  com.training.mts.aop.LoggingAspect - Method executed successfully: TransactionServiceImpl.getTransactionHistory(..) | Returned: com.training.mts.dto.TransactionHistoryResponse@2501c88e
2026-06-20 10:57:40 [http-nio-8080-exec-8] DEBUG org.springframework.security.web.FilterChainProxy - Secured GET /rewards/status
2026-06-20 10:57:40 [http-nio-8080-exec-4] DEBUG org.springframework.security.web.FilterChainProxy - Securing GET /rewards/status
2026-06-20 10:57:40 [http-nio-8080-exec-4] DEBUG org.springframework.security.web.FilterChainProxy - Secured GET /rewards/status
2026-06-20 10:57:40 [http-nio-8080-exec-2] DEBUG org.springframework.security.web.FilterChainProxy - Securing GET /rewards/status
2026-06-20 10:57:40 [http-nio-8080-exec-2] DEBUG org.springframework.security.web.FilterChainProxy - Secured GET /rewards/status
2026-06-20 10:57:45 [http-nio-8080-exec-3] DEBUG org.springframework.security.web.FilterChainProxy - Securing GET /rewards/status
2026-06-20 10:57:45 [http-nio-8080-exec-3] DEBUG org.springframework.security.web.FilterChainProxy - Secured GET /rewards/status
2026-06-20 10:57:45 [http-nio-8080-exec-7] DEBUG org.springframework.security.web.FilterChainProxy - Securing GET /rewards/status
2026-06-20 10:57:45 [http-nio-8080-exec-7] DEBUG org.springframework.security.web.FilterChainProxy - Secured GET /rewards/status
2026-06-20 10:57:45 [http-nio-8080-exec-1] DEBUG org.springframework.security.web.FilterChainProxy - Securing GET /rewards/status
2026-06-20 10:57:45 [http-nio-8080-exec-1] DEBUG org.springframework.security.web.FilterChainProxy - Secured GET /rewards/status
2026-06-20 10:57:45 [http-nio-8080-exec-10] DEBUG org.springframework.security.web.FilterChainProxy - Securing GET /rewards/status
2026-06-20 10:57:45 [http-nio-8080-exec-10] DEBUG org.springframework.security.web.FilterChainProxy - Secured GET /rewards/status
2026-06-20 10:57:45 [http-nio-8080-exec-5] DEBUG org.springframework.security.web.FilterChainProxy - Securing GET /rewards/status
2026-06-20 10:57:45 [http-nio-8080-exec-5] DEBUG org.springframework.security.web.FilterChainProxy - Secured GET /rewards/status
2026-06-20 10:57:45 [http-nio-8080-exec-6] DEBUG org.springframework.security.web.FilterChainProxy - Securing GET /rewards/status
2026-06-20 10:57:45 [http-nio-8080-exec-9] DEBUG org.springframework.security.web.FilterChainProxy - Securing GET /rewards/list
2026-06-20 10:57:45 [http-nio-8080-exec-6] DEBUG org.springframework.security.web.FilterChainProxy - Secured GET /rewards/status
2026-06-20 10:57:45 [http-nio-8080-exec-9] DEBUG org.springframework.security.web.FilterChainProxy - Secured GET /rewards/list
2026-06-20 10:57:45 [http-nio-8080-exec-9] INFO  com.training.mts.aop.LoggingAspect - Entering method: RewardServiceImpl.getUserScratchCards(..) with arguments: [User{id=2, name='Sowjen Meher', vpa=com.training.mts.model.VPA@2a59649e}]
2026-06-20 10:57:45 [http-nio-8080-exec-9] INFO  com.training.mts.aop.LoggingAspect - Method executed successfully: RewardServiceImpl.getUserScratchCards(..) | Returned: []
2026-06-20 10:58:08 [http-nio-8080-exec-8] DEBUG org.springframework.security.web.FilterChainProxy - Securing GET /rewards/status
2026-06-20 10:58:08 [http-nio-8080-exec-8] DEBUG org.springframework.security.web.FilterChainProxy - Secured GET /rewards/status
2026-06-20 10:58:08 [http-nio-8080-exec-4] DEBUG org.springframework.security.web.FilterChainProxy - Securing GET /transactions/gettranslog?vpaId=sowjenmeher1290902@mts
2026-06-20 10:58:08 [http-nio-8080-exec-4] DEBUG org.springframework.security.web.FilterChainProxy - Secured GET /transactions/gettranslog?vpaId=sowjenmeher1290902@mts
2026-06-20 10:58:08 [http-nio-8080-exec-2] DEBUG org.springframework.security.web.FilterChainProxy - Securing GET /rewards/status
2026-06-20 10:58:08 [http-nio-8080-exec-4] INFO  com.training.mts.aop.LoggingAspect - Entering method: TransactionServiceImpl.getTransactionHistory(..) with arguments: [sowjenmeher1290902@mts]
2026-06-20 10:58:08 [http-nio-8080-exec-2] DEBUG org.springframework.security.web.FilterChainProxy - Secured GET /rewards/status
2026-06-20 10:58:08 [http-nio-8080-exec-3] DEBUG org.springframework.security.web.FilterChainProxy - Securing GET /rewards/status
2026-06-20 10:58:08 [http-nio-8080-exec-4] INFO  com.training.mts.aop.LoggingAspect - Method executed successfully: TransactionServiceImpl.getTransactionHistory(..) | Returned: com.training.mts.dto.TransactionHistoryResponse@43712e2d
2026-06-20 10:58:08 [http-nio-8080-exec-3] DEBUG org.springframework.security.web.FilterChainProxy - Secured GET /rewards/status
2026-06-20 10:58:08 [http-nio-8080-exec-7] DEBUG org.springframework.security.web.FilterChainProxy - Securing GET /rewards/status
2026-06-20 10:58:08 [http-nio-8080-exec-7] DEBUG org.springframework.security.web.FilterChainProxy - Secured GET /rewards/status
2026-06-20 10:58:08 [http-nio-8080-exec-1] DEBUG org.springframework.security.web.FilterChainProxy - Securing GET /rewards/status
2026-06-20 10:58:08 [http-nio-8080-exec-1] DEBUG org.springframework.security.web.FilterChainProxy - Secured GET /rewards/status
2026-06-20 10:58:08 [http-nio-8080-exec-1] DEBUG org.springframework.security.web.FilterChainProxy - Securing GET /rewards/status
2026-06-20 10:58:08 [http-nio-8080-exec-1] DEBUG org.springframework.security.web.FilterChainProxy - Secured GET /rewards/status
2026-06-20 11:01:55 [http-nio-8080-exec-8] DEBUG org.springframework.security.web.FilterChainProxy - Securing GET /rewards/status
2026-06-20 11:01:55 [http-nio-8080-exec-2] DEBUG org.springframework.security.web.FilterChainProxy - Securing GET /transactions/gettranslog?vpaId=sowjenmeher1290902@mts
2026-06-20 11:01:55 [http-nio-8080-exec-8] DEBUG org.springframework.security.web.FilterChainProxy - Secured GET /rewards/status
2026-06-20 11:01:55 [http-nio-8080-exec-2] DEBUG org.springframework.security.web.FilterChainProxy - Secured GET /transactions/gettranslog?vpaId=sowjenmeher1290902@mts
2026-06-20 11:01:55 [http-nio-8080-exec-2] INFO  com.training.mts.aop.LoggingAspect - Entering method: TransactionServiceImpl.getTransactionHistory(..) with arguments: [sowjenmeher1290902@mts]
2026-06-20 11:01:55 [http-nio-8080-exec-4] DEBUG org.springframework.security.web.FilterChainProxy - Securing GET /rewards/status
2026-06-20 11:01:56 [http-nio-8080-exec-4] DEBUG org.springframework.security.web.FilterChainProxy - Secured GET /rewards/status
2026-06-20 11:01:56 [http-nio-8080-exec-2] INFO  com.training.mts.aop.LoggingAspect - Method executed successfully: TransactionServiceImpl.getTransactionHistory(..) | Returned: com.training.mts.dto.TransactionHistoryResponse@3385a6b7
2026-06-20 11:01:56 [http-nio-8080-exec-3] DEBUG org.springframework.security.web.FilterChainProxy - Securing GET /rewards/status
2026-06-20 11:01:56 [http-nio-8080-exec-3] DEBUG org.springframework.security.web.FilterChainProxy - Secured GET /rewards/status
2026-06-20 11:03:29 [http-nio-8080-exec-5] DEBUG org.springframework.security.web.FilterChainProxy - Securing POST /auth/login
2026-06-20 11:03:29 [http-nio-8080-exec-5] DEBUG org.springframework.security.web.authentication.AnonymousAuthenticationFilter - Set SecurityContextHolder to anonymous SecurityContext
2026-06-20 11:03:29 [http-nio-8080-exec-5] DEBUG org.springframework.security.web.FilterChainProxy - Secured POST /auth/login
2026-06-20 11:03:30 [http-nio-8080-exec-5] DEBUG org.springframework.security.authentication.dao.DaoAuthenticationProvider - Authenticated user
2026-06-20 11:03:30 [http-nio-8080-exec-9] DEBUG org.springframework.security.web.FilterChainProxy - Securing OPTIONS /users/findByPhone?phoneNumber=9840774661
2026-06-20 11:03:30 [http-nio-8080-exec-6] DEBUG org.springframework.security.web.FilterChainProxy - Securing GET /users/findByPhone?phoneNumber=9840774661
2026-06-20 11:03:30 [http-nio-8080-exec-6] DEBUG org.springframework.security.web.FilterChainProxy - Secured GET /users/findByPhone?phoneNumber=9840774661
2026-06-20 11:03:30 [http-nio-8080-exec-6] INFO  com.training.mts.aop.LoggingAspect - Entering method: UserServiceImpl.getUserByPhoneNumber(..) with arguments: [9840774661]
2026-06-20 11:03:30 [http-nio-8080-exec-6] INFO  com.training.mts.aop.LoggingAspect - Method executed successfully: UserServiceImpl.getUserByPhoneNumber(..) | Returned: User{id=6, name='Deepak', vpa=null}
2026-06-20 11:03:30 [http-nio-8080-exec-8] DEBUG org.springframework.security.web.FilterChainProxy - Securing OPTIONS /admin/getusers
2026-06-20 11:03:30 [http-nio-8080-exec-4] DEBUG org.springframework.security.web.FilterChainProxy - Securing OPTIONS /admin/gettranslog
2026-06-20 11:03:30 [http-nio-8080-exec-2] DEBUG org.springframework.security.web.FilterChainProxy - Securing GET /admin/getusers
2026-06-20 11:03:30 [http-nio-8080-exec-3] DEBUG org.springframework.security.web.FilterChainProxy - Securing GET /admin/gettranslog
2026-06-20 11:03:30 [http-nio-8080-exec-3] DEBUG org.springframework.security.web.FilterChainProxy - Secured GET /admin/gettranslog
2026-06-20 11:03:30 [http-nio-8080-exec-2] DEBUG org.springframework.security.web.FilterChainProxy - Secured GET /admin/getusers
2026-06-20 11:03:30 [http-nio-8080-exec-2] INFO  com.training.mts.aop.LoggingAspect - Entering method: AdminServiceImpl.findAll() with arguments: []
2026-06-20 11:03:30 [http-nio-8080-exec-3] INFO  com.training.mts.aop.LoggingAspect - Entering method: AdminServiceImpl.getTransactionHistory() with arguments: []
2026-06-20 11:03:30 [http-nio-8080-exec-3] INFO  com.training.mts.aop.LoggingAspect - Method executed successfully: AdminServiceImpl.getTransactionHistory() | Returned: [com.training.mts.model.Transaction@29fbe5d4, com.training.mts.model.Transaction@6de4599f, com.training.mts.model.Transaction@4e5b2a24, com.training.mts.model.Transaction@49013f6c, com.training.mts.model.Transaction@3f22b6dd]
2026-06-20 11:03:30 [http-nio-8080-exec-2] INFO  com.training.mts.aop.LoggingAspect - Method executed successfully: AdminServiceImpl.findAll() | Returned: [User{id=1, name='Hari Keshav', vpa=com.training.mts.model.VPA@3a44aef2}, User{id=2, name='Sowjen Meher', vpa=com.training.mts.model.VPA@3a84c0f5}, User{id=3, name='Nethra', vpa=com.training.mts.model.VPA@691d0c07}, User{id=6, name='Deepak', vpa=null}]
2026-06-20 11:03:43 [http-nio-8080-exec-7] DEBUG org.springframework.security.web.FilterChainProxy - Securing GET /admin/getusers
2026-06-20 11:03:43 [http-nio-8080-exec-7] DEBUG org.springframework.security.web.FilterChainProxy - Secured GET /admin/getusers
2026-06-20 11:03:43 [http-nio-8080-exec-7] INFO  com.training.mts.aop.LoggingAspect - Entering method: AdminServiceImpl.findAll() with arguments: []
2026-06-20 11:03:43 [http-nio-8080-exec-7] INFO  com.training.mts.aop.LoggingAspect - Method executed successfully: AdminServiceImpl.findAll() | Returned: [User{id=1, name='Hari Keshav', vpa=com.training.mts.model.VPA@7cafedb6}, User{id=2, name='Sowjen Meher', vpa=com.training.mts.model.VPA@1abd1a61}, User{id=3, name='Nethra', vpa=com.training.mts.model.VPA@78817f89}, User{id=6, name='Deepak', vpa=null}]
2026-06-20 11:03:46 [http-nio-8080-exec-10] DEBUG org.springframework.security.web.FilterChainProxy - Securing GET /admin/getusers
2026-06-20 11:03:46 [http-nio-8080-exec-1] DEBUG org.springframework.security.web.FilterChainProxy - Securing GET /admin/gettranslog
2026-06-20 11:03:46 [http-nio-8080-exec-1] DEBUG org.springframework.security.web.FilterChainProxy - Secured GET /admin/gettranslog
2026-06-20 11:03:46 [http-nio-8080-exec-10] DEBUG org.springframework.security.web.FilterChainProxy - Secured GET /admin/getusers
2026-06-20 11:03:46 [http-nio-8080-exec-1] INFO  com.training.mts.aop.LoggingAspect - Entering method: AdminServiceImpl.getTransactionHistory() with arguments: []
2026-06-20 11:03:46 [http-nio-8080-exec-10] INFO  com.training.mts.aop.LoggingAspect - Entering method: AdminServiceImpl.findAll() with arguments: []
2026-06-20 11:03:46 [http-nio-8080-exec-1] INFO  com.training.mts.aop.LoggingAspect - Method executed successfully: AdminServiceImpl.getTransactionHistory() | Returned: [com.training.mts.model.Transaction@5c3b4b85, com.training.mts.model.Transaction@38f61daf, com.training.mts.model.Transaction@3acc783f, com.training.mts.model.Transaction@2a4c099f, com.training.mts.model.Transaction@2cad1830]
2026-06-20 11:03:46 [http-nio-8080-exec-10] INFO  com.training.mts.aop.LoggingAspect - Method executed successfully: AdminServiceImpl.findAll() | Returned: [User{id=1, name='Hari Keshav', vpa=com.training.mts.model.VPA@3e29192a}, User{id=2, name='Sowjen Meher', vpa=com.training.mts.model.VPA@2be8910f}, User{id=3, name='Nethra', vpa=com.training.mts.model.VPA@26f012c4}, User{id=6, name='Deepak', vpa=null}]
2026-06-20 11:17:30 [http-nio-8080-exec-6] DEBUG org.springframework.security.web.FilterChainProxy - Securing OPTIONS /auth/login
2026-06-20 11:17:30 [http-nio-8080-exec-8] DEBUG org.springframework.security.web.FilterChainProxy - Securing POST /auth/login
2026-06-20 11:17:30 [http-nio-8080-exec-8] DEBUG org.springframework.security.web.authentication.AnonymousAuthenticationFilter - Set SecurityContextHolder to anonymous SecurityContext
2026-06-20 11:17:30 [http-nio-8080-exec-8] DEBUG org.springframework.security.web.FilterChainProxy - Secured POST /auth/login
2026-06-20 11:17:30 [http-nio-8080-exec-8] DEBUG org.springframework.security.authentication.dao.DaoAuthenticationProvider - Failed to authenticate since password does not match stored value
2026-06-20 11:17:30 [http-nio-8080-exec-8] DEBUG org.springframework.security.authentication.ProviderManager - Authentication failed with provider DaoAuthenticationProvider since Bad credentials
2026-06-20 11:17:48 [http-nio-8080-exec-4] DEBUG org.springframework.security.web.FilterChainProxy - Securing POST /auth/login
2026-06-20 11:17:48 [http-nio-8080-exec-4] DEBUG org.springframework.security.web.authentication.AnonymousAuthenticationFilter - Set SecurityContextHolder to anonymous SecurityContext
2026-06-20 11:17:48 [http-nio-8080-exec-4] DEBUG org.springframework.security.web.FilterChainProxy - Secured POST /auth/login
2026-06-20 11:17:48 [http-nio-8080-exec-4] DEBUG org.springframework.security.authentication.dao.DaoAuthenticationProvider - Authenticated user
2026-06-20 11:17:48 [http-nio-8080-exec-2] DEBUG org.springframework.security.web.FilterChainProxy - Securing OPTIONS /users/findByPhone?phoneNumber=9090909090
2026-06-20 11:17:48 [http-nio-8080-exec-3] DEBUG org.springframework.security.web.FilterChainProxy - Securing GET /users/findByPhone?phoneNumber=9090909090
2026-06-20 11:17:48 [http-nio-8080-exec-3] DEBUG org.springframework.security.web.FilterChainProxy - Secured GET /users/findByPhone?phoneNumber=9090909090
2026-06-20 11:17:48 [http-nio-8080-exec-3] INFO  com.training.mts.aop.LoggingAspect - Entering method: UserServiceImpl.getUserByPhoneNumber(..) with arguments: [9090909090]
2026-06-20 11:17:48 [http-nio-8080-exec-3] INFO  com.training.mts.aop.LoggingAspect - Method executed successfully: UserServiceImpl.getUserByPhoneNumber(..) | Returned: User{id=2, name='Sowjen Meher', vpa=com.training.mts.model.VPA@6eb60a8f}
2026-06-20 11:17:48 [http-nio-8080-exec-7] DEBUG org.springframework.security.web.FilterChainProxy - Securing OPTIONS /rewards/status
2026-06-20 11:17:48 [http-nio-8080-exec-1] DEBUG org.springframework.security.web.FilterChainProxy - Securing GET /rewards/status
2026-06-20 11:17:48 [http-nio-8080-exec-1] DEBUG org.springframework.security.web.FilterChainProxy - Secured GET /rewards/status
2026-06-20 11:17:48 [http-nio-8080-exec-10] DEBUG org.springframework.security.web.FilterChainProxy - Securing OPTIONS /transactions/gettranslog?vpaId=sowjenmeher1290902@mts
2026-06-20 11:17:48 [http-nio-8080-exec-9] DEBUG org.springframework.security.web.FilterChainProxy - Securing GET /transactions/gettranslog?vpaId=sowjenmeher1290902@mts
2026-06-20 11:17:48 [http-nio-8080-exec-5] DEBUG org.springframework.security.web.FilterChainProxy - Securing GET /rewards/status
2026-06-20 11:17:48 [http-nio-8080-exec-9] DEBUG org.springframework.security.web.FilterChainProxy - Secured GET /transactions/gettranslog?vpaId=sowjenmeher1290902@mts
2026-06-20 11:17:48 [http-nio-8080-exec-9] INFO  com.training.mts.aop.LoggingAspect - Entering method: TransactionServiceImpl.getTransactionHistory(..) with arguments: [sowjenmeher1290902@mts]
2026-06-20 11:17:48 [http-nio-8080-exec-5] DEBUG org.springframework.security.web.FilterChainProxy - Secured GET /rewards/status
2026-06-20 11:17:48 [http-nio-8080-exec-6] DEBUG org.springframework.security.web.FilterChainProxy - Securing GET /rewards/status
2026-06-20 11:17:48 [http-nio-8080-exec-9] INFO  com.training.mts.aop.LoggingAspect - Method executed successfully: TransactionServiceImpl.getTransactionHistory(..) | Returned: com.training.mts.dto.TransactionHistoryResponse@9987070
2026-06-20 11:17:48 [http-nio-8080-exec-6] DEBUG org.springframework.security.web.FilterChainProxy - Secured GET /rewards/status
2026-06-20 11:18:01 [http-nio-8080-exec-8] DEBUG org.springframework.security.web.FilterChainProxy - Securing GET /rewards/status
2026-06-20 11:18:01 [http-nio-8080-exec-8] DEBUG org.springframework.security.web.FilterChainProxy - Secured GET /rewards/status
2026-06-20 11:18:01 [http-nio-8080-exec-4] DEBUG org.springframework.security.web.FilterChainProxy - Securing GET /rewards/status
2026-06-20 11:18:01 [http-nio-8080-exec-4] DEBUG org.springframework.security.web.FilterChainProxy - Secured GET /rewards/status
2026-06-20 11:18:01 [http-nio-8080-exec-2] DEBUG org.springframework.security.web.FilterChainProxy - Securing GET /rewards/status
2026-06-20 11:18:01 [http-nio-8080-exec-2] DEBUG org.springframework.security.web.FilterChainProxy - Secured GET /rewards/status
2026-06-20 11:18:01 [http-nio-8080-exec-3] DEBUG org.springframework.security.web.FilterChainProxy - Securing GET /rewards/status
2026-06-20 11:18:01 [http-nio-8080-exec-3] DEBUG org.springframework.security.web.FilterChainProxy - Secured GET /rewards/status
2026-06-20 11:18:01 [http-nio-8080-exec-7] DEBUG org.springframework.security.web.FilterChainProxy - Securing GET /rewards/status
2026-06-20 11:18:01 [http-nio-8080-exec-10] DEBUG org.springframework.security.web.FilterChainProxy - Securing OPTIONS /rewards/list
2026-06-20 11:18:01 [http-nio-8080-exec-1] DEBUG org.springframework.security.web.FilterChainProxy - Securing GET /rewards/list
2026-06-20 11:18:01 [http-nio-8080-exec-7] DEBUG org.springframework.security.web.FilterChainProxy - Secured GET /rewards/status
2026-06-20 11:18:01 [http-nio-8080-exec-1] DEBUG org.springframework.security.web.FilterChainProxy - Secured GET /rewards/list
2026-06-20 11:18:01 [http-nio-8080-exec-1] INFO  com.training.mts.aop.LoggingAspect - Entering method: RewardServiceImpl.getUserScratchCards(..) with arguments: [User{id=2, name='Sowjen Meher', vpa=com.training.mts.model.VPA@526fcce8}]
2026-06-20 11:18:01 [http-nio-8080-exec-1] INFO  com.training.mts.aop.LoggingAspect - Method executed successfully: RewardServiceImpl.getUserScratchCards(..) | Returned: []
2026-06-20 11:28:34 [http-nio-8080-exec-8] DEBUG org.springframework.security.web.FilterChainProxy - Securing POST /auth/login
2026-06-20 11:28:34 [http-nio-8080-exec-8] DEBUG org.springframework.security.web.authentication.AnonymousAuthenticationFilter - Set SecurityContextHolder to anonymous SecurityContext
2026-06-20 11:28:34 [http-nio-8080-exec-8] DEBUG org.springframework.security.web.FilterChainProxy - Secured POST /auth/login
2026-06-20 11:28:34 [http-nio-8080-exec-8] DEBUG org.springframework.security.authentication.dao.DaoAuthenticationProvider - Authenticated user
2026-06-20 11:28:34 [http-nio-8080-exec-4] DEBUG org.springframework.security.web.FilterChainProxy - Securing GET /users/findByPhone?phoneNumber=9090909090
2026-06-20 11:28:34 [http-nio-8080-exec-4] DEBUG org.springframework.security.web.FilterChainProxy - Secured GET /users/findByPhone?phoneNumber=9090909090
2026-06-20 11:28:34 [http-nio-8080-exec-4] INFO  com.training.mts.aop.LoggingAspect - Entering method: UserServiceImpl.getUserByPhoneNumber(..) with arguments: [9090909090]
2026-06-20 11:28:34 [http-nio-8080-exec-4] INFO  com.training.mts.aop.LoggingAspect - Method executed successfully: UserServiceImpl.getUserByPhoneNumber(..) | Returned: User{id=2, name='Sowjen Meher', vpa=com.training.mts.model.VPA@7e1399b2}
2026-06-20 11:28:34 [http-nio-8080-exec-2] DEBUG org.springframework.security.web.FilterChainProxy - Securing GET /rewards/status
2026-06-20 11:28:34 [http-nio-8080-exec-2] DEBUG org.springframework.security.web.FilterChainProxy - Secured GET /rewards/status
2026-06-20 11:28:34 [http-nio-8080-exec-3] DEBUG org.springframework.security.web.FilterChainProxy - Securing GET /transactions/gettranslog?vpaId=sowjenmeher1290902@mts
2026-06-20 11:28:34 [http-nio-8080-exec-10] DEBUG org.springframework.security.web.FilterChainProxy - Securing GET /rewards/status
2026-06-20 11:28:34 [http-nio-8080-exec-3] DEBUG org.springframework.security.web.FilterChainProxy - Secured GET /transactions/gettranslog?vpaId=sowjenmeher1290902@mts
2026-06-20 11:28:34 [http-nio-8080-exec-3] INFO  com.training.mts.aop.LoggingAspect - Entering method: TransactionServiceImpl.getTransactionHistory(..) with arguments: [sowjenmeher1290902@mts]
2026-06-20 11:28:34 [http-nio-8080-exec-10] DEBUG org.springframework.security.web.FilterChainProxy - Secured GET /rewards/status
2026-06-20 11:28:34 [http-nio-8080-exec-7] DEBUG org.springframework.security.web.FilterChainProxy - Securing GET /rewards/status
2026-06-20 11:28:34 [http-nio-8080-exec-7] DEBUG org.springframework.security.web.FilterChainProxy - Secured GET /rewards/status
2026-06-20 11:28:34 [http-nio-8080-exec-3] INFO  com.training.mts.aop.LoggingAspect - Method executed successfully: TransactionServiceImpl.getTransactionHistory(..) | Returned: com.training.mts.dto.TransactionHistoryResponse@57fbaabc
2026-06-20 11:28:34 [http-nio-8080-exec-7] DEBUG org.springframework.security.web.FilterChainProxy - Securing GET /rewards/status
2026-06-20 11:28:34 [http-nio-8080-exec-7] DEBUG org.springframework.security.web.FilterChainProxy - Secured GET /rewards/status
2026-06-20 11:52:03 [http-nio-8080-exec-8] DEBUG org.springframework.security.web.FilterChainProxy - Securing OPTIONS /users/findByPhone?phoneNumber=9090909090
2026-06-20 11:52:03 [http-nio-8080-exec-4] DEBUG org.springframework.security.web.FilterChainProxy - Securing GET /users/findByPhone?phoneNumber=9090909090
2026-06-20 11:52:03 [http-nio-8080-exec-4] DEBUG org.springframework.security.web.FilterChainProxy - Secured GET /users/findByPhone?phoneNumber=9090909090
2026-06-20 11:52:03 [http-nio-8080-exec-4] INFO  com.training.mts.aop.LoggingAspect - Entering method: UserServiceImpl.getUserByPhoneNumber(..) with arguments: [9090909090]
2026-06-20 11:52:03 [http-nio-8080-exec-4] INFO  com.training.mts.aop.LoggingAspect - Method executed successfully: UserServiceImpl.getUserByPhoneNumber(..) | Returned: User{id=2, name='Sowjen Meher', vpa=com.training.mts.model.VPA@208509ef}
2026-06-20 11:52:03 [http-nio-8080-exec-2] DEBUG org.springframework.security.web.FilterChainProxy - Securing OPTIONS /rewards/status
2026-06-20 11:52:03 [http-nio-8080-exec-10] DEBUG org.springframework.security.web.FilterChainProxy - Securing GET /rewards/status
2026-06-20 11:52:03 [http-nio-8080-exec-10] DEBUG org.springframework.security.web.FilterChainProxy - Secured GET /rewards/status
2026-06-20 11:52:03 [http-nio-8080-exec-3] DEBUG org.springframework.security.web.FilterChainProxy - Securing GET /rewards/status
2026-06-20 11:52:03 [http-nio-8080-exec-1] DEBUG org.springframework.security.web.FilterChainProxy - Securing OPTIONS /transactions/gettranslog?vpaId=sowjenmeher1290902@mts
2026-06-20 11:52:03 [http-nio-8080-exec-7] DEBUG org.springframework.security.web.FilterChainProxy - Securing GET /transactions/gettranslog?vpaId=sowjenmeher1290902@mts
2026-06-20 11:52:03 [http-nio-8080-exec-3] DEBUG org.springframework.security.web.FilterChainProxy - Secured GET /rewards/status
2026-06-20 11:52:03 [http-nio-8080-exec-7] DEBUG org.springframework.security.web.FilterChainProxy - Secured GET /transactions/gettranslog?vpaId=sowjenmeher1290902@mts
2026-06-20 11:52:03 [http-nio-8080-exec-6] DEBUG org.springframework.security.web.FilterChainProxy - Securing GET /rewards/status
2026-06-20 11:52:03 [http-nio-8080-exec-7] INFO  com.training.mts.aop.LoggingAspect - Entering method: TransactionServiceImpl.getTransactionHistory(..) with arguments: [sowjenmeher1290902@mts]
2026-06-20 11:52:03 [http-nio-8080-exec-6] DEBUG org.springframework.security.web.FilterChainProxy - Secured GET /rewards/status
2026-06-20 11:52:03 [http-nio-8080-exec-7] INFO  com.training.mts.aop.LoggingAspect - Method executed successfully: TransactionServiceImpl.getTransactionHistory(..) | Returned: com.training.mts.dto.TransactionHistoryResponse@60f5f437
2026-06-20 11:52:30 [http-nio-8080-exec-5] DEBUG org.springframework.security.web.FilterChainProxy - Securing GET /users/findByPhone?phoneNumber=9090909090
2026-06-20 11:52:30 [http-nio-8080-exec-5] DEBUG org.springframework.security.web.FilterChainProxy - Secured GET /users/findByPhone?phoneNumber=9090909090
2026-06-20 11:52:30 [http-nio-8080-exec-5] INFO  com.training.mts.aop.LoggingAspect - Entering method: UserServiceImpl.getUserByPhoneNumber(..) with arguments: [9090909090]
2026-06-20 11:52:30 [http-nio-8080-exec-5] INFO  com.training.mts.aop.LoggingAspect - Method executed successfully: UserServiceImpl.getUserByPhoneNumber(..) | Returned: User{id=2, name='Sowjen Meher', vpa=com.training.mts.model.VPA@aa030a1}
2026-06-20 11:52:31 [http-nio-8080-exec-9] DEBUG org.springframework.security.web.FilterChainProxy - Securing GET /rewards/status
2026-06-20 11:52:31 [http-nio-8080-exec-9] DEBUG org.springframework.security.web.FilterChainProxy - Secured GET /rewards/status
2026-06-20 11:52:31 [http-nio-8080-exec-8] DEBUG org.springframework.security.web.FilterChainProxy - Securing GET /rewards/status
2026-06-20 11:52:31 [http-nio-8080-exec-4] DEBUG org.springframework.security.web.FilterChainProxy - Securing GET /transactions/gettranslog?vpaId=sowjenmeher1290902@mts
2026-06-20 11:52:31 [http-nio-8080-exec-8] DEBUG org.springframework.security.web.FilterChainProxy - Secured GET /rewards/status
2026-06-20 11:52:31 [http-nio-8080-exec-4] DEBUG org.springframework.security.web.FilterChainProxy - Secured GET /transactions/gettranslog?vpaId=sowjenmeher1290902@mts
2026-06-20 11:52:31 [http-nio-8080-exec-4] INFO  com.training.mts.aop.LoggingAspect - Entering method: TransactionServiceImpl.getTransactionHistory(..) with arguments: [sowjenmeher1290902@mts]
2026-06-20 11:52:31 [http-nio-8080-exec-2] DEBUG org.springframework.security.web.FilterChainProxy - Securing GET /rewards/status
2026-06-20 11:52:31 [http-nio-8080-exec-2] DEBUG org.springframework.security.web.FilterChainProxy - Secured GET /rewards/status
2026-06-20 11:52:31 [http-nio-8080-exec-4] INFO  com.training.mts.aop.LoggingAspect - Method executed successfully: TransactionServiceImpl.getTransactionHistory(..) | Returned: com.training.mts.dto.TransactionHistoryResponse@47a0fb0d
2026-06-20 11:53:00 [http-nio-8080-exec-10] DEBUG org.springframework.security.web.FilterChainProxy - Securing GET /users/findByPhone?phoneNumber=9090909090
2026-06-20 11:53:01 [http-nio-8080-exec-10] DEBUG org.springframework.security.web.FilterChainProxy - Secured GET /users/findByPhone?phoneNumber=9090909090
2026-06-20 11:53:01 [http-nio-8080-exec-10] INFO  com.training.mts.aop.LoggingAspect - Entering method: UserServiceImpl.getUserByPhoneNumber(..) with arguments: [9090909090]
2026-06-20 11:53:01 [http-nio-8080-exec-10] INFO  com.training.mts.aop.LoggingAspect - Method executed successfully: UserServiceImpl.getUserByPhoneNumber(..) | Returned: User{id=2, name='Sowjen Meher', vpa=com.training.mts.model.VPA@2708e407}
2026-06-20 11:53:01 [http-nio-8080-exec-1] DEBUG org.springframework.security.web.FilterChainProxy - Securing GET /rewards/status
2026-06-20 11:53:01 [http-nio-8080-exec-1] DEBUG org.springframework.security.web.FilterChainProxy - Secured GET /rewards/status
2026-06-20 11:53:01 [http-nio-8080-exec-3] DEBUG org.springframework.security.web.FilterChainProxy - Securing GET /rewards/status
2026-06-20 11:53:01 [http-nio-8080-exec-6] DEBUG org.springframework.security.web.FilterChainProxy - Securing GET /transactions/gettranslog?vpaId=sowjenmeher1290902@mts
2026-06-20 11:53:01 [http-nio-8080-exec-3] DEBUG org.springframework.security.web.FilterChainProxy - Secured GET /rewards/status
2026-06-20 11:53:01 [http-nio-8080-exec-6] DEBUG org.springframework.security.web.FilterChainProxy - Secured GET /transactions/gettranslog?vpaId=sowjenmeher1290902@mts
2026-06-20 11:53:01 [http-nio-8080-exec-6] INFO  com.training.mts.aop.LoggingAspect - Entering method: TransactionServiceImpl.getTransactionHistory(..) with arguments: [sowjenmeher1290902@mts]
2026-06-20 11:53:01 [http-nio-8080-exec-7] DEBUG org.springframework.security.web.FilterChainProxy - Securing GET /rewards/status
2026-06-20 11:53:01 [http-nio-8080-exec-7] DEBUG org.springframework.security.web.FilterChainProxy - Secured GET /rewards/status
2026-06-20 11:53:01 [http-nio-8080-exec-6] INFO  com.training.mts.aop.LoggingAspect - Method executed successfully: TransactionServiceImpl.getTransactionHistory(..) | Returned: com.training.mts.dto.TransactionHistoryResponse@53d1ae81
2026-06-20 11:53:52 [http-nio-8080-exec-5] DEBUG org.springframework.security.web.FilterChainProxy - Securing GET /users/findByPhone?phoneNumber=9090909090
2026-06-20 11:53:52 [http-nio-8080-exec-5] DEBUG org.springframework.security.web.FilterChainProxy - Secured GET /users/findByPhone?phoneNumber=9090909090
2026-06-20 11:53:52 [http-nio-8080-exec-5] INFO  com.training.mts.aop.LoggingAspect - Entering method: UserServiceImpl.getUserByPhoneNumber(..) with arguments: [9090909090]
2026-06-20 11:53:52 [http-nio-8080-exec-5] INFO  com.training.mts.aop.LoggingAspect - Method executed successfully: UserServiceImpl.getUserByPhoneNumber(..) | Returned: User{id=2, name='Sowjen Meher', vpa=com.training.mts.model.VPA@602265ff}
2026-06-20 11:53:52 [http-nio-8080-exec-9] DEBUG org.springframework.security.web.FilterChainProxy - Securing GET /rewards/status
2026-06-20 11:53:52 [http-nio-8080-exec-9] DEBUG org.springframework.security.web.FilterChainProxy - Secured GET /rewards/status
2026-06-20 11:53:52 [http-nio-8080-exec-8] DEBUG org.springframework.security.web.FilterChainProxy - Securing GET /rewards/status
2026-06-20 11:53:52 [http-nio-8080-exec-4] DEBUG org.springframework.security.web.FilterChainProxy - Securing GET /transactions/gettranslog?vpaId=sowjenmeher1290902@mts
2026-06-20 11:53:52 [http-nio-8080-exec-8] DEBUG org.springframework.security.web.FilterChainProxy - Secured GET /rewards/status
2026-06-20 11:53:52 [http-nio-8080-exec-4] DEBUG org.springframework.security.web.FilterChainProxy - Secured GET /transactions/gettranslog?vpaId=sowjenmeher1290902@mts
2026-06-20 11:53:52 [http-nio-8080-exec-4] INFO  com.training.mts.aop.LoggingAspect - Entering method: TransactionServiceImpl.getTransactionHistory(..) with arguments: [sowjenmeher1290902@mts]
2026-06-20 11:53:52 [http-nio-8080-exec-2] DEBUG org.springframework.security.web.FilterChainProxy - Securing GET /rewards/status
2026-06-20 11:53:52 [http-nio-8080-exec-2] DEBUG org.springframework.security.web.FilterChainProxy - Secured GET /rewards/status
2026-06-20 11:53:52 [http-nio-8080-exec-4] INFO  com.training.mts.aop.LoggingAspect - Method executed successfully: TransactionServiceImpl.getTransactionHistory(..) | Returned: com.training.mts.dto.TransactionHistoryResponse@1135a46e
2026-06-20 11:54:20 [http-nio-8080-exec-10] DEBUG org.springframework.security.web.FilterChainProxy - Securing GET /users/findByPhone?phoneNumber=9090909090
2026-06-20 11:54:20 [http-nio-8080-exec-10] DEBUG org.springframework.security.web.FilterChainProxy - Secured GET /users/findByPhone?phoneNumber=9090909090
2026-06-20 11:54:20 [http-nio-8080-exec-10] INFO  com.training.mts.aop.LoggingAspect - Entering method: UserServiceImpl.getUserByPhoneNumber(..) with arguments: [9090909090]
2026-06-20 11:54:20 [http-nio-8080-exec-10] INFO  com.training.mts.aop.LoggingAspect - Method executed successfully: UserServiceImpl.getUserByPhoneNumber(..) | Returned: User{id=2, name='Sowjen Meher', vpa=com.training.mts.model.VPA@7dec476b}
2026-06-20 11:54:20 [http-nio-8080-exec-1] DEBUG org.springframework.security.web.FilterChainProxy - Securing GET /rewards/status
2026-06-20 11:54:20 [http-nio-8080-exec-1] DEBUG org.springframework.security.web.FilterChainProxy - Secured GET /rewards/status
2026-06-20 11:54:20 [http-nio-8080-exec-3] DEBUG org.springframework.security.web.FilterChainProxy - Securing GET /rewards/status
2026-06-20 11:54:20 [http-nio-8080-exec-3] DEBUG org.springframework.security.web.FilterChainProxy - Secured GET /rewards/status
2026-06-20 11:54:20 [http-nio-8080-exec-6] DEBUG org.springframework.security.web.FilterChainProxy - Securing GET /transactions/gettranslog?vpaId=sowjenmeher1290902@mts
2026-06-20 11:54:20 [http-nio-8080-exec-7] DEBUG org.springframework.security.web.FilterChainProxy - Securing GET /rewards/status
2026-06-20 11:54:20 [http-nio-8080-exec-6] DEBUG org.springframework.security.web.FilterChainProxy - Secured GET /transactions/gettranslog?vpaId=sowjenmeher1290902@mts
2026-06-20 11:54:20 [http-nio-8080-exec-7] DEBUG org.springframework.security.web.FilterChainProxy - Secured GET /rewards/status
2026-06-20 11:54:20 [http-nio-8080-exec-6] INFO  com.training.mts.aop.LoggingAspect - Entering method: TransactionServiceImpl.getTransactionHistory(..) with arguments: [sowjenmeher1290902@mts]
2026-06-20 11:54:20 [http-nio-8080-exec-6] INFO  com.training.mts.aop.LoggingAspect - Method executed successfully: TransactionServiceImpl.getTransactionHistory(..) | Returned: com.training.mts.dto.TransactionHistoryResponse@2a5cc11e
2026-06-20 11:54:37 [http-nio-8080-exec-5] DEBUG org.springframework.security.web.FilterChainProxy - Securing GET /users/findByPhone?phoneNumber=9090909090
2026-06-20 11:54:37 [http-nio-8080-exec-5] DEBUG org.springframework.security.web.FilterChainProxy - Secured GET /users/findByPhone?phoneNumber=9090909090
2026-06-20 11:54:37 [http-nio-8080-exec-5] INFO  com.training.mts.aop.LoggingAspect - Entering method: UserServiceImpl.getUserByPhoneNumber(..) with arguments: [9090909090]
2026-06-20 11:54:37 [http-nio-8080-exec-5] INFO  com.training.mts.aop.LoggingAspect - Method executed successfully: UserServiceImpl.getUserByPhoneNumber(..) | Returned: User{id=2, name='Sowjen Meher', vpa=com.training.mts.model.VPA@66021eb7}
2026-06-20 11:54:37 [http-nio-8080-exec-9] DEBUG org.springframework.security.web.FilterChainProxy - Securing GET /rewards/status
2026-06-20 11:54:37 [http-nio-8080-exec-9] DEBUG org.springframework.security.web.FilterChainProxy - Secured GET /rewards/status
2026-06-20 11:54:37 [http-nio-8080-exec-8] DEBUG org.springframework.security.web.FilterChainProxy - Securing GET /transactions/gettranslog?vpaId=sowjenmeher1290902@mts
2026-06-20 11:54:37 [http-nio-8080-exec-4] DEBUG org.springframework.security.web.FilterChainProxy - Securing GET /rewards/status
2026-06-20 11:54:37 [http-nio-8080-exec-8] DEBUG org.springframework.security.web.FilterChainProxy - Secured GET /transactions/gettranslog?vpaId=sowjenmeher1290902@mts
2026-06-20 11:54:37 [http-nio-8080-exec-4] DEBUG org.springframework.security.web.FilterChainProxy - Secured GET /rewards/status
2026-06-20 11:54:37 [http-nio-8080-exec-8] INFO  com.training.mts.aop.LoggingAspect - Entering method: TransactionServiceImpl.getTransactionHistory(..) with arguments: [sowjenmeher1290902@mts]
2026-06-20 11:54:37 [http-nio-8080-exec-2] DEBUG org.springframework.security.web.FilterChainProxy - Securing GET /rewards/status
2026-06-20 11:54:38 [http-nio-8080-exec-2] DEBUG org.springframework.security.web.FilterChainProxy - Secured GET /rewards/status
2026-06-20 11:54:38 [http-nio-8080-exec-8] INFO  com.training.mts.aop.LoggingAspect - Method executed successfully: TransactionServiceImpl.getTransactionHistory(..) | Returned: com.training.mts.dto.TransactionHistoryResponse@7755ffc
2026-06-20 11:57:07 [http-nio-8080-exec-7] DEBUG org.springframework.security.web.FilterChainProxy - Securing GET /users/findByPhone?phoneNumber=9090909090
2026-06-20 11:57:07 [http-nio-8080-exec-7] DEBUG org.springframework.security.web.FilterChainProxy - Secured GET /users/findByPhone?phoneNumber=9090909090
2026-06-20 11:57:07 [http-nio-8080-exec-7] INFO  com.training.mts.aop.LoggingAspect - Entering method: UserServiceImpl.getUserByPhoneNumber(..) with arguments: [9090909090]
2026-06-20 11:57:07 [http-nio-8080-exec-7] INFO  com.training.mts.aop.LoggingAspect - Method executed successfully: UserServiceImpl.getUserByPhoneNumber(..) | Returned: User{id=2, name='Sowjen Meher', vpa=com.training.mts.model.VPA@1b7b30c9}
2026-06-20 11:57:07 [http-nio-8080-exec-6] DEBUG org.springframework.security.web.FilterChainProxy - Securing GET /rewards/status
2026-06-20 11:57:07 [http-nio-8080-exec-5] DEBUG org.springframework.security.web.FilterChainProxy - Securing GET /transactions/gettranslog?vpaId=sowjenmeher1290902@mts
2026-06-20 11:57:07 [http-nio-8080-exec-6] DEBUG org.springframework.security.web.FilterChainProxy - Secured GET /rewards/status
2026-06-20 11:57:07 [http-nio-8080-exec-5] DEBUG org.springframework.security.web.FilterChainProxy - Secured GET /transactions/gettranslog?vpaId=sowjenmeher1290902@mts
2026-06-20 11:57:07 [http-nio-8080-exec-5] INFO  com.training.mts.aop.LoggingAspect - Entering method: TransactionServiceImpl.getTransactionHistory(..) with arguments: [sowjenmeher1290902@mts]
2026-06-20 11:57:07 [http-nio-8080-exec-9] DEBUG org.springframework.security.web.FilterChainProxy - Securing GET /rewards/status
2026-06-20 11:57:07 [http-nio-8080-exec-9] DEBUG org.springframework.security.web.FilterChainProxy - Secured GET /rewards/status
2026-06-20 11:57:07 [http-nio-8080-exec-4] DEBUG org.springframework.security.web.FilterChainProxy - Securing GET /rewards/status
2026-06-20 11:57:07 [http-nio-8080-exec-5] INFO  com.training.mts.aop.LoggingAspect - Method executed successfully: TransactionServiceImpl.getTransactionHistory(..) | Returned: com.training.mts.dto.TransactionHistoryResponse@615f29cd
2026-06-20 11:57:07 [http-nio-8080-exec-4] DEBUG org.springframework.security.web.FilterChainProxy - Secured GET /rewards/status
2026-06-20 11:57:48 [http-nio-8080-exec-8] DEBUG org.springframework.security.web.FilterChainProxy - Securing OPTIONS /auth/login
2026-06-20 11:57:48 [http-nio-8080-exec-2] DEBUG org.springframework.security.web.FilterChainProxy - Securing POST /auth/login
2026-06-20 11:57:48 [http-nio-8080-exec-2] DEBUG org.springframework.security.web.authentication.AnonymousAuthenticationFilter - Set SecurityContextHolder to anonymous SecurityContext
2026-06-20 11:57:48 [http-nio-8080-exec-2] DEBUG org.springframework.security.web.FilterChainProxy - Secured POST /auth/login
2026-06-20 11:57:48 [http-nio-8080-exec-2] DEBUG org.springframework.security.authentication.dao.DaoAuthenticationProvider - Authenticated user
2026-06-20 11:57:48 [http-nio-8080-exec-10] DEBUG org.springframework.security.web.FilterChainProxy - Securing GET /users/findByPhone?phoneNumber=9090909090
2026-06-20 11:57:48 [http-nio-8080-exec-10] DEBUG org.springframework.security.web.FilterChainProxy - Secured GET /users/findByPhone?phoneNumber=9090909090
2026-06-20 11:57:48 [http-nio-8080-exec-10] INFO  com.training.mts.aop.LoggingAspect - Entering method: UserServiceImpl.getUserByPhoneNumber(..) with arguments: [9090909090]
2026-06-20 11:57:48 [http-nio-8080-exec-10] INFO  com.training.mts.aop.LoggingAspect - Method executed successfully: UserServiceImpl.getUserByPhoneNumber(..) | Returned: User{id=2, name='Sowjen Meher', vpa=com.training.mts.model.VPA@2d440d17}
2026-06-20 12:01:44 [http-nio-8080-exec-6] DEBUG org.springframework.security.web.FilterChainProxy - Securing GET /users/findByPhone?phoneNumber=9090909090
2026-06-20 12:01:44 [http-nio-8080-exec-6] DEBUG org.springframework.security.web.FilterChainProxy - Secured GET /users/findByPhone?phoneNumber=9090909090
2026-06-20 12:01:44 [http-nio-8080-exec-6] INFO  com.training.mts.aop.LoggingAspect - Entering method: UserServiceImpl.getUserByPhoneNumber(..) with arguments: [9090909090]
2026-06-20 12:01:44 [http-nio-8080-exec-6] INFO  com.training.mts.aop.LoggingAspect - Method executed successfully: UserServiceImpl.getUserByPhoneNumber(..) | Returned: User{id=2, name='Sowjen Meher', vpa=com.training.mts.model.VPA@590cc7f5}
2026-06-20 12:03:39 [http-nio-8080-exec-5] DEBUG org.springframework.security.web.FilterChainProxy - Securing GET /users/findByPhone?phoneNumber=9090909090
2026-06-20 12:03:39 [http-nio-8080-exec-5] DEBUG org.springframework.security.web.FilterChainProxy - Secured GET /users/findByPhone?phoneNumber=9090909090
2026-06-20 12:03:39 [http-nio-8080-exec-5] INFO  com.training.mts.aop.LoggingAspect - Entering method: UserServiceImpl.getUserByPhoneNumber(..) with arguments: [9090909090]
2026-06-20 12:03:39 [http-nio-8080-exec-5] INFO  com.training.mts.aop.LoggingAspect - Method executed successfully: UserServiceImpl.getUserByPhoneNumber(..) | Returned: User{id=2, name='Sowjen Meher', vpa=com.training.mts.model.VPA@40d21628}
2026-06-20 12:04:27 [http-nio-8080-exec-4] DEBUG org.springframework.security.web.FilterChainProxy - Securing GET /users/findByPhone?phoneNumber=9090909090
2026-06-20 12:04:27 [http-nio-8080-exec-4] DEBUG org.springframework.security.web.FilterChainProxy - Secured GET /users/findByPhone?phoneNumber=9090909090
2026-06-20 12:04:27 [http-nio-8080-exec-4] INFO  com.training.mts.aop.LoggingAspect - Entering method: UserServiceImpl.getUserByPhoneNumber(..) with arguments: [9090909090]
2026-06-20 12:04:27 [http-nio-8080-exec-4] INFO  com.training.mts.aop.LoggingAspect - Method executed successfully: UserServiceImpl.getUserByPhoneNumber(..) | Returned: User{id=2, name='Sowjen Meher', vpa=com.training.mts.model.VPA@31e19b0f}
2026-06-20 12:05:05 [http-nio-8080-exec-8] DEBUG org.springframework.security.web.FilterChainProxy - Securing GET /users/findByPhone?phoneNumber=9090909090
2026-06-20 12:05:05 [http-nio-8080-exec-8] DEBUG org.springframework.security.web.FilterChainProxy - Secured GET /users/findByPhone?phoneNumber=9090909090
2026-06-20 12:05:05 [http-nio-8080-exec-8] INFO  com.training.mts.aop.LoggingAspect - Entering method: UserServiceImpl.getUserByPhoneNumber(..) with arguments: [9090909090]
2026-06-20 12:05:05 [http-nio-8080-exec-8] INFO  com.training.mts.aop.LoggingAspect - Method executed successfully: UserServiceImpl.getUserByPhoneNumber(..) | Returned: User{id=2, name='Sowjen Meher', vpa=com.training.mts.model.VPA@409b33ae}
2026-06-20 12:05:49 [http-nio-8080-exec-2] DEBUG org.springframework.security.web.FilterChainProxy - Securing GET /users/findByPhone?phoneNumber=9090909090
2026-06-20 12:05:49 [http-nio-8080-exec-2] DEBUG org.springframework.security.web.FilterChainProxy - Secured GET /users/findByPhone?phoneNumber=9090909090
2026-06-20 12:05:49 [http-nio-8080-exec-2] INFO  com.training.mts.aop.LoggingAspect - Entering method: UserServiceImpl.getUserByPhoneNumber(..) with arguments: [9090909090]
2026-06-20 12:05:49 [http-nio-8080-exec-2] INFO  com.training.mts.aop.LoggingAspect - Method executed successfully: UserServiceImpl.getUserByPhoneNumber(..) | Returned: User{id=2, name='Sowjen Meher', vpa=com.training.mts.model.VPA@4bb1e4cf}
2026-06-20 12:06:54 [http-nio-8080-exec-1] DEBUG org.springframework.security.web.FilterChainProxy - Securing GET /users/findByPhone?phoneNumber=9090909090
2026-06-20 12:06:54 [http-nio-8080-exec-1] DEBUG org.springframework.security.web.FilterChainProxy - Secured GET /users/findByPhone?phoneNumber=9090909090
2026-06-20 12:06:54 [http-nio-8080-exec-1] INFO  com.training.mts.aop.LoggingAspect - Entering method: UserServiceImpl.getUserByPhoneNumber(..) with arguments: [9090909090]
2026-06-20 12:06:54 [http-nio-8080-exec-1] INFO  com.training.mts.aop.LoggingAspect - Method executed successfully: UserServiceImpl.getUserByPhoneNumber(..) | Returned: User{id=2, name='Sowjen Meher', vpa=com.training.mts.model.VPA@43e862e6}
2026-06-20 12:07:01 [http-nio-8080-exec-3] DEBUG org.springframework.security.web.FilterChainProxy - Securing GET /rewards/status
2026-06-20 12:07:01 [http-nio-8080-exec-3] DEBUG org.springframework.security.web.FilterChainProxy - Secured GET /rewards/status
2026-06-20 12:07:01 [http-nio-8080-exec-7] DEBUG org.springframework.security.web.FilterChainProxy - Securing GET /transactions/gettranslog?vpaId=sowjenmeher1290902@mts
2026-06-20 12:07:01 [http-nio-8080-exec-6] DEBUG org.springframework.security.web.FilterChainProxy - Securing GET /rewards/status
2026-06-20 12:07:01 [http-nio-8080-exec-7] DEBUG org.springframework.security.web.FilterChainProxy - Secured GET /transactions/gettranslog?vpaId=sowjenmeher1290902@mts
2026-06-20 12:07:01 [http-nio-8080-exec-7] INFO  com.training.mts.aop.LoggingAspect - Entering method: TransactionServiceImpl.getTransactionHistory(..) with arguments: [sowjenmeher1290902@mts]
2026-06-20 12:07:01 [http-nio-8080-exec-6] DEBUG org.springframework.security.web.FilterChainProxy - Secured GET /rewards/status
2026-06-20 12:07:01 [http-nio-8080-exec-7] INFO  com.training.mts.aop.LoggingAspect - Method executed successfully: TransactionServiceImpl.getTransactionHistory(..) | Returned: com.training.mts.dto.TransactionHistoryResponse@49b26459
2026-06-20 12:07:01 [http-nio-8080-exec-9] DEBUG org.springframework.security.web.FilterChainProxy - Securing GET /rewards/status
2026-06-20 12:07:01 [http-nio-8080-exec-9] DEBUG org.springframework.security.web.FilterChainProxy - Secured GET /rewards/status
2026-06-20 12:07:13 [http-nio-8080-exec-5] DEBUG org.springframework.security.web.FilterChainProxy - Securing GET /rewards/status
2026-06-20 12:07:13 [http-nio-8080-exec-5] DEBUG org.springframework.security.web.FilterChainProxy - Secured GET /rewards/status
2026-06-20 12:07:13 [http-nio-8080-exec-4] DEBUG org.springframework.security.web.FilterChainProxy - Securing GET /rewards/status
2026-06-20 12:07:13 [http-nio-8080-exec-4] DEBUG org.springframework.security.web.FilterChainProxy - Secured GET /rewards/status
2026-06-20 12:07:13 [http-nio-8080-exec-8] DEBUG org.springframework.security.web.FilterChainProxy - Securing GET /rewards/status
2026-06-20 12:07:13 [http-nio-8080-exec-8] DEBUG org.springframework.security.web.FilterChainProxy - Secured GET /rewards/status
2026-06-20 12:07:13 [http-nio-8080-exec-2] DEBUG org.springframework.security.web.FilterChainProxy - Securing GET /rewards/status
2026-06-20 12:07:13 [http-nio-8080-exec-2] DEBUG org.springframework.security.web.FilterChainProxy - Secured GET /rewards/status
2026-06-20 12:07:17 [http-nio-8080-exec-10] DEBUG org.springframework.security.web.FilterChainProxy - Securing OPTIONS /users/getbalance?vpaId=sowjenmeher1290902@mts&password=Barca2
2026-06-20 12:07:17 [http-nio-8080-exec-1] DEBUG org.springframework.security.web.FilterChainProxy - Securing GET /users/getbalance?vpaId=sowjenmeher1290902@mts&password=Barca2
2026-06-20 12:07:17 [http-nio-8080-exec-1] DEBUG org.springframework.security.web.FilterChainProxy - Secured GET /users/getbalance?vpaId=sowjenmeher1290902@mts&password=Barca2
2026-06-20 12:07:17 [http-nio-8080-exec-1] INFO  com.training.mts.aop.LoggingAspect - Entering method: UserServiceImpl.getBankBalance(..) with arguments: [sowjenmeher1290902@mts, Barca2]
2026-06-20 12:07:17 [http-nio-8080-exec-1] INFO  com.training.mts.aop.LoggingAspect - Method executed successfully: UserServiceImpl.getBankBalance(..) | Returned: 14300.0
2026-06-20 12:07:18 [http-nio-8080-exec-3] DEBUG org.springframework.security.web.FilterChainProxy - Securing GET /rewards/status
2026-06-20 12:07:18 [http-nio-8080-exec-6] DEBUG org.springframework.security.web.FilterChainProxy - Securing GET /transactions/gettranslog?vpaId=sowjenmeher1290902@mts
2026-06-20 12:07:18 [http-nio-8080-exec-3] DEBUG org.springframework.security.web.FilterChainProxy - Secured GET /rewards/status
2026-06-20 12:07:18 [http-nio-8080-exec-6] DEBUG org.springframework.security.web.FilterChainProxy - Secured GET /transactions/gettranslog?vpaId=sowjenmeher1290902@mts
2026-06-20 12:07:18 [http-nio-8080-exec-6] INFO  com.training.mts.aop.LoggingAspect - Entering method: TransactionServiceImpl.getTransactionHistory(..) with arguments: [sowjenmeher1290902@mts]
2026-06-20 12:07:18 [http-nio-8080-exec-7] DEBUG org.springframework.security.web.FilterChainProxy - Securing GET /rewards/status
2026-06-20 12:07:18 [http-nio-8080-exec-7] DEBUG org.springframework.security.web.FilterChainProxy - Secured GET /rewards/status
2026-06-20 12:07:18 [http-nio-8080-exec-9] DEBUG org.springframework.security.web.FilterChainProxy - Securing GET /rewards/status
2026-06-20 12:07:18 [http-nio-8080-exec-6] INFO  com.training.mts.aop.LoggingAspect - Method executed successfully: TransactionServiceImpl.getTransactionHistory(..) | Returned: com.training.mts.dto.TransactionHistoryResponse@92c8c46
2026-06-20 12:07:18 [http-nio-8080-exec-9] DEBUG org.springframework.security.web.FilterChainProxy - Secured GET /rewards/status
2026-06-20 12:07:18 [http-nio-8080-exec-5] DEBUG org.springframework.security.web.FilterChainProxy - Securing GET /rewards/status
2026-06-20 12:07:18 [http-nio-8080-exec-5] DEBUG org.springframework.security.web.FilterChainProxy - Secured GET /rewards/status
2026-06-20 12:07:18 [http-nio-8080-exec-4] DEBUG org.springframework.security.web.FilterChainProxy - Securing GET /rewards/status
2026-06-20 12:07:18 [http-nio-8080-exec-4] DEBUG org.springframework.security.web.FilterChainProxy - Secured GET /rewards/status
2026-06-20 12:07:24 [http-nio-8080-exec-8] DEBUG org.springframework.security.web.FilterChainProxy - Securing GET /rewards/status
2026-06-20 12:07:24 [http-nio-8080-exec-2] DEBUG org.springframework.security.web.FilterChainProxy - Securing OPTIONS /users/getusers
2026-06-20 12:07:24 [http-nio-8080-exec-10] DEBUG org.springframework.security.web.FilterChainProxy - Securing GET /users/getusers
2026-06-20 12:07:24 [http-nio-8080-exec-8] DEBUG org.springframework.security.web.FilterChainProxy - Secured GET /rewards/status
2026-06-20 12:07:24 [http-nio-8080-exec-10] DEBUG org.springframework.security.web.FilterChainProxy - Secured GET /users/getusers
2026-06-20 12:07:24 [http-nio-8080-exec-10] INFO  com.training.mts.aop.LoggingAspect - Entering method: UserServiceImpl.getAllUsers() with arguments: []
2026-06-20 12:07:24 [http-nio-8080-exec-1] DEBUG org.springframework.security.web.FilterChainProxy - Securing GET /rewards/status
2026-06-20 12:07:24 [http-nio-8080-exec-1] DEBUG org.springframework.security.web.FilterChainProxy - Secured GET /rewards/status
2026-06-20 12:07:24 [http-nio-8080-exec-3] DEBUG org.springframework.security.web.FilterChainProxy - Securing GET /rewards/status
2026-06-20 12:07:24 [http-nio-8080-exec-3] DEBUG org.springframework.security.web.FilterChainProxy - Secured GET /rewards/status
2026-06-20 12:07:24 [http-nio-8080-exec-7] DEBUG org.springframework.security.web.FilterChainProxy - Securing GET /rewards/status
2026-06-20 12:07:24 [http-nio-8080-exec-10] INFO  com.training.mts.aop.LoggingAspect - Method executed successfully: UserServiceImpl.getAllUsers() | Returned: [com.training.mts.dto.GetAllUsersRequest@68cfce3f, com.training.mts.dto.GetAllUsersRequest@f14a54a, com.training.mts.dto.GetAllUsersRequest@58cbfb3a]
2026-06-20 12:07:24 [http-nio-8080-exec-7] DEBUG org.springframework.security.web.FilterChainProxy - Secured GET /rewards/status
2026-06-20 12:07:24 [http-nio-8080-exec-6] DEBUG org.springframework.security.web.FilterChainProxy - Securing GET /rewards/status
2026-06-20 12:07:24 [http-nio-8080-exec-6] DEBUG org.springframework.security.web.FilterChainProxy - Secured GET /rewards/status
2026-06-20 12:07:24 [http-nio-8080-exec-9] DEBUG org.springframework.security.web.FilterChainProxy - Securing GET /rewards/status
2026-06-20 12:07:24 [http-nio-8080-exec-9] DEBUG org.springframework.security.web.FilterChainProxy - Secured GET /rewards/status
2026-06-20 12:07:29 [http-nio-8080-exec-5] DEBUG org.springframework.security.web.FilterChainProxy - Securing GET /rewards/status
2026-06-20 12:07:29 [http-nio-8080-exec-4] DEBUG org.springframework.security.web.FilterChainProxy - Securing GET /transactions/gettranslog?vpaId=sowjenmeher1290902@mts
2026-06-20 12:07:29 [http-nio-8080-exec-5] DEBUG org.springframework.security.web.FilterChainProxy - Secured GET /rewards/status
2026-06-20 12:07:29 [http-nio-8080-exec-4] DEBUG org.springframework.security.web.FilterChainProxy - Secured GET /transactions/gettranslog?vpaId=sowjenmeher1290902@mts
2026-06-20 12:07:29 [http-nio-8080-exec-4] INFO  com.training.mts.aop.LoggingAspect - Entering method: TransactionServiceImpl.getTransactionHistory(..) with arguments: [sowjenmeher1290902@mts]
2026-06-20 12:07:29 [http-nio-8080-exec-2] DEBUG org.springframework.security.web.FilterChainProxy - Securing GET /rewards/status
2026-06-20 12:07:29 [http-nio-8080-exec-2] DEBUG org.springframework.security.web.FilterChainProxy - Secured GET /rewards/status
2026-06-20 12:07:29 [http-nio-8080-exec-4] INFO  com.training.mts.aop.LoggingAspect - Method executed successfully: TransactionServiceImpl.getTransactionHistory(..) | Returned: com.training.mts.dto.TransactionHistoryResponse@f92f5ab
2026-06-20 12:07:29 [http-nio-8080-exec-8] DEBUG org.springframework.security.web.FilterChainProxy - Securing GET /rewards/status
2026-06-20 12:07:29 [http-nio-8080-exec-8] DEBUG org.springframework.security.web.FilterChainProxy - Secured GET /rewards/status
2026-06-20 12:07:29 [http-nio-8080-exec-1] DEBUG org.springframework.security.web.FilterChainProxy - Securing GET /rewards/status
2026-06-20 12:07:29 [http-nio-8080-exec-1] DEBUG org.springframework.security.web.FilterChainProxy - Secured GET /rewards/status
2026-06-20 12:07:29 [http-nio-8080-exec-3] DEBUG org.springframework.security.web.FilterChainProxy - Securing GET /rewards/status
2026-06-20 12:07:29 [http-nio-8080-exec-3] DEBUG org.springframework.security.web.FilterChainProxy - Secured GET /rewards/status
2026-06-20 12:07:29 [http-nio-8080-exec-10] DEBUG org.springframework.security.web.FilterChainProxy - Securing GET /rewards/status
2026-06-20 12:07:29 [http-nio-8080-exec-10] DEBUG org.springframework.security.web.FilterChainProxy - Secured GET /rewards/status
2026-06-20 12:07:29 [http-nio-8080-exec-7] DEBUG org.springframework.security.web.FilterChainProxy - Securing GET /rewards/status
2026-06-20 12:07:29 [http-nio-8080-exec-7] DEBUG org.springframework.security.web.FilterChainProxy - Secured GET /rewards/status
2026-06-20 12:07:31 [http-nio-8080-exec-6] DEBUG org.springframework.security.web.FilterChainProxy - Securing GET /rewards/status
2026-06-20 12:07:31 [http-nio-8080-exec-6] DEBUG org.springframework.security.web.FilterChainProxy - Secured GET /rewards/status
2026-06-20 12:07:31 [http-nio-8080-exec-9] DEBUG org.springframework.security.web.FilterChainProxy - Securing GET /rewards/status
2026-06-20 12:07:31 [http-nio-8080-exec-5] DEBUG org.springframework.security.web.FilterChainProxy - Securing GET /transactions/gettranslog?vpaId=sowjenmeher1290902@mts
2026-06-20 12:07:31 [http-nio-8080-exec-9] DEBUG org.springframework.security.web.FilterChainProxy - Secured GET /rewards/status
2026-06-20 12:07:31 [http-nio-8080-exec-5] DEBUG org.springframework.security.web.FilterChainProxy - Secured GET /transactions/gettranslog?vpaId=sowjenmeher1290902@mts
2026-06-20 12:07:31 [http-nio-8080-exec-5] INFO  com.training.mts.aop.LoggingAspect - Entering method: TransactionServiceImpl.getTransactionHistory(..) with arguments: [sowjenmeher1290902@mts]
2026-06-20 12:07:31 [http-nio-8080-exec-2] DEBUG org.springframework.security.web.FilterChainProxy - Securing GET /rewards/status
2026-06-20 12:07:31 [http-nio-8080-exec-2] DEBUG org.springframework.security.web.FilterChainProxy - Secured GET /rewards/status
2026-06-20 12:07:31 [http-nio-8080-exec-5] INFO  com.training.mts.aop.LoggingAspect - Method executed successfully: TransactionServiceImpl.getTransactionHistory(..) | Returned: com.training.mts.dto.TransactionHistoryResponse@76041afc
2026-06-20 12:07:31 [http-nio-8080-exec-4] DEBUG org.springframework.security.web.FilterChainProxy - Securing GET /rewards/status
2026-06-20 12:07:31 [http-nio-8080-exec-4] DEBUG org.springframework.security.web.FilterChainProxy - Secured GET /rewards/status
2026-06-20 12:07:31 [http-nio-8080-exec-8] DEBUG org.springframework.security.web.FilterChainProxy - Securing GET /rewards/status
2026-06-20 12:07:31 [http-nio-8080-exec-8] DEBUG org.springframework.security.web.FilterChainProxy - Secured GET /rewards/status
2026-06-20 12:07:31 [http-nio-8080-exec-1] DEBUG org.springframework.security.web.FilterChainProxy - Securing GET /rewards/status
2026-06-20 12:07:31 [http-nio-8080-exec-1] DEBUG org.springframework.security.web.FilterChainProxy - Secured GET /rewards/status
2026-06-20 12:07:31 [http-nio-8080-exec-3] DEBUG org.springframework.security.web.FilterChainProxy - Securing GET /rewards/status
2026-06-20 12:07:31 [http-nio-8080-exec-3] DEBUG org.springframework.security.web.FilterChainProxy - Secured GET /rewards/status
2026-06-20 12:07:31 [http-nio-8080-exec-10] DEBUG org.springframework.security.web.FilterChainProxy - Securing GET /rewards/status
2026-06-20 12:07:31 [http-nio-8080-exec-10] DEBUG org.springframework.security.web.FilterChainProxy - Secured GET /rewards/status
2026-06-20 12:07:39 [http-nio-8080-exec-7] DEBUG org.springframework.security.web.FilterChainProxy - Securing GET /rewards/status
2026-06-20 12:07:39 [http-nio-8080-exec-6] DEBUG org.springframework.security.web.FilterChainProxy - Securing GET /transactions/gettranslog?vpaId=sowjenmeher1290902@mts
2026-06-20 12:07:39 [http-nio-8080-exec-7] DEBUG org.springframework.security.web.FilterChainProxy - Secured GET /rewards/status
2026-06-20 12:07:39 [http-nio-8080-exec-6] DEBUG org.springframework.security.web.FilterChainProxy - Secured GET /transactions/gettranslog?vpaId=sowjenmeher1290902@mts
2026-06-20 12:07:39 [http-nio-8080-exec-6] INFO  com.training.mts.aop.LoggingAspect - Entering method: TransactionServiceImpl.getTransactionHistory(..) with arguments: [sowjenmeher1290902@mts]
2026-06-20 12:07:39 [http-nio-8080-exec-9] DEBUG org.springframework.security.web.FilterChainProxy - Securing GET /rewards/status
2026-06-20 12:07:39 [http-nio-8080-exec-9] DEBUG org.springframework.security.web.FilterChainProxy - Secured GET /rewards/status
2026-06-20 12:07:39 [http-nio-8080-exec-6] INFO  com.training.mts.aop.LoggingAspect - Method executed successfully: TransactionServiceImpl.getTransactionHistory(..) | Returned: com.training.mts.dto.TransactionHistoryResponse@49e0c629
2026-06-20 12:07:39 [http-nio-8080-exec-2] DEBUG org.springframework.security.web.FilterChainProxy - Securing GET /rewards/status
2026-06-20 12:07:39 [http-nio-8080-exec-2] DEBUG org.springframework.security.web.FilterChainProxy - Secured GET /rewards/status
2026-06-20 12:07:39 [http-nio-8080-exec-5] DEBUG org.springframework.security.web.FilterChainProxy - Securing GET /rewards/status
2026-06-20 12:07:39 [http-nio-8080-exec-5] DEBUG org.springframework.security.web.FilterChainProxy - Secured GET /rewards/status
2026-06-20 12:07:39 [http-nio-8080-exec-4] DEBUG org.springframework.security.web.FilterChainProxy - Securing GET /rewards/status
2026-06-20 12:07:39 [http-nio-8080-exec-4] DEBUG org.springframework.security.web.FilterChainProxy - Secured GET /rewards/status
2026-06-20 12:07:39 [http-nio-8080-exec-8] DEBUG org.springframework.security.web.FilterChainProxy - Securing GET /rewards/status
2026-06-20 12:07:39 [http-nio-8080-exec-8] DEBUG org.springframework.security.web.FilterChainProxy - Secured GET /rewards/status
2026-06-20 12:07:39 [http-nio-8080-exec-1] DEBUG org.springframework.security.web.FilterChainProxy - Securing GET /rewards/status
2026-06-20 12:07:39 [http-nio-8080-exec-1] DEBUG org.springframework.security.web.FilterChainProxy - Secured GET /rewards/status
2026-06-20 12:07:39 [http-nio-8080-exec-3] DEBUG org.springframework.security.web.FilterChainProxy - Securing GET /rewards/status
2026-06-20 12:07:39 [http-nio-8080-exec-3] DEBUG org.springframework.security.web.FilterChainProxy - Secured GET /rewards/status
2026-06-20 12:07:39 [http-nio-8080-exec-10] DEBUG org.springframework.security.web.FilterChainProxy - Securing GET /rewards/status
2026-06-20 12:07:39 [http-nio-8080-exec-10] DEBUG org.springframework.security.web.FilterChainProxy - Secured GET /rewards/status
2026-06-20 12:08:19 [http-nio-8080-exec-7] DEBUG org.springframework.security.web.FilterChainProxy - Securing GET /users/findByPhone?phoneNumber=9090909090
2026-06-20 12:08:19 [http-nio-8080-exec-7] DEBUG org.springframework.security.web.FilterChainProxy - Secured GET /users/findByPhone?phoneNumber=9090909090
2026-06-20 12:08:19 [http-nio-8080-exec-7] INFO  com.training.mts.aop.LoggingAspect - Entering method: UserServiceImpl.getUserByPhoneNumber(..) with arguments: [9090909090]
2026-06-20 12:08:19 [http-nio-8080-exec-7] INFO  com.training.mts.aop.LoggingAspect - Method executed successfully: UserServiceImpl.getUserByPhoneNumber(..) | Returned: User{id=2, name='Sowjen Meher', vpa=com.training.mts.model.VPA@6ce796ed}
2026-06-20 12:08:19 [http-nio-8080-exec-6] DEBUG org.springframework.security.web.FilterChainProxy - Securing GET /rewards/status
2026-06-20 12:08:19 [http-nio-8080-exec-6] DEBUG org.springframework.security.web.FilterChainProxy - Secured GET /rewards/status
2026-06-20 12:08:19 [http-nio-8080-exec-9] DEBUG org.springframework.security.web.FilterChainProxy - Securing GET /transactions/gettranslog?vpaId=sowjenmeher1290902@mts
2026-06-20 12:08:19 [http-nio-8080-exec-2] DEBUG org.springframework.security.web.FilterChainProxy - Securing GET /rewards/status
2026-06-20 12:08:19 [http-nio-8080-exec-9] DEBUG org.springframework.security.web.FilterChainProxy - Secured GET /transactions/gettranslog?vpaId=sowjenmeher1290902@mts
2026-06-20 12:08:19 [http-nio-8080-exec-9] INFO  com.training.mts.aop.LoggingAspect - Entering method: TransactionServiceImpl.getTransactionHistory(..) with arguments: [sowjenmeher1290902@mts]
2026-06-20 12:08:19 [http-nio-8080-exec-2] DEBUG org.springframework.security.web.FilterChainProxy - Secured GET /rewards/status
2026-06-20 12:08:19 [http-nio-8080-exec-5] DEBUG org.springframework.security.web.FilterChainProxy - Securing GET /rewards/status
2026-06-20 12:08:19 [http-nio-8080-exec-9] INFO  com.training.mts.aop.LoggingAspect - Method executed successfully: TransactionServiceImpl.getTransactionHistory(..) | Returned: com.training.mts.dto.TransactionHistoryResponse@3299123d
2026-06-20 12:08:19 [http-nio-8080-exec-5] DEBUG org.springframework.security.web.FilterChainProxy - Secured GET /rewards/status
2026-06-20 12:08:24 [http-nio-8080-exec-4] DEBUG org.springframework.security.web.FilterChainProxy - Securing GET /rewards/status
2026-06-20 12:08:24 [http-nio-8080-exec-4] DEBUG org.springframework.security.web.FilterChainProxy - Secured GET /rewards/status
2026-06-20 12:08:24 [http-nio-8080-exec-8] DEBUG org.springframework.security.web.FilterChainProxy - Securing GET /rewards/status
2026-06-20 12:08:24 [http-nio-8080-exec-8] DEBUG org.springframework.security.web.FilterChainProxy - Secured GET /rewards/status
2026-06-20 12:08:24 [http-nio-8080-exec-1] DEBUG org.springframework.security.web.FilterChainProxy - Securing GET /rewards/status
2026-06-20 12:08:24 [http-nio-8080-exec-1] DEBUG org.springframework.security.web.FilterChainProxy - Secured GET /rewards/status
2026-06-20 12:08:24 [http-nio-8080-exec-3] DEBUG org.springframework.security.web.FilterChainProxy - Securing GET /rewards/status
2026-06-20 12:08:24 [http-nio-8080-exec-3] DEBUG org.springframework.security.web.FilterChainProxy - Secured GET /rewards/status
2026-06-20 12:08:29 [http-nio-8080-exec-10] DEBUG org.springframework.security.web.FilterChainProxy - Securing GET /users/getbalance?vpaId=sowjenmeher1290902@mts&password=Barca2
2026-06-20 12:08:29 [http-nio-8080-exec-10] DEBUG org.springframework.security.web.FilterChainProxy - Secured GET /users/getbalance?vpaId=sowjenmeher1290902@mts&password=Barca2
2026-06-20 12:08:29 [http-nio-8080-exec-10] INFO  com.training.mts.aop.LoggingAspect - Entering method: UserServiceImpl.getBankBalance(..) with arguments: [sowjenmeher1290902@mts, Barca2]
2026-06-20 12:08:29 [http-nio-8080-exec-10] INFO  com.training.mts.aop.LoggingAspect - Method executed successfully: UserServiceImpl.getBankBalance(..) | Returned: 14300.0
2026-06-20 12:08:34 [http-nio-8080-exec-7] DEBUG org.springframework.security.web.FilterChainProxy - Securing GET /rewards/status
2026-06-20 12:08:34 [http-nio-8080-exec-7] DEBUG org.springframework.security.web.FilterChainProxy - Secured GET /rewards/status
2026-06-20 12:08:34 [http-nio-8080-exec-6] DEBUG org.springframework.security.web.FilterChainProxy - Securing GET /rewards/status
2026-06-20 12:08:34 [http-nio-8080-exec-6] DEBUG org.springframework.security.web.FilterChainProxy - Secured GET /rewards/status
2026-06-20 12:08:34 [http-nio-8080-exec-2] DEBUG org.springframework.security.web.FilterChainProxy - Securing GET /rewards/status
2026-06-20 12:08:34 [http-nio-8080-exec-2] DEBUG org.springframework.security.web.FilterChainProxy - Secured GET /rewards/status
2026-06-20 12:08:34 [http-nio-8080-exec-9] DEBUG org.springframework.security.web.FilterChainProxy - Securing GET /rewards/status
2026-06-20 12:08:34 [http-nio-8080-exec-9] DEBUG org.springframework.security.web.FilterChainProxy - Secured GET /rewards/status
2026-06-20 12:08:34 [http-nio-8080-exec-5] DEBUG org.springframework.security.web.FilterChainProxy - Securing GET /rewards/status
2026-06-20 12:08:34 [http-nio-8080-exec-5] DEBUG org.springframework.security.web.FilterChainProxy - Secured GET /rewards/status
2026-06-20 12:09:38 [http-nio-8080-exec-3] DEBUG org.springframework.security.web.FilterChainProxy - Securing GET /rewards/status
2026-06-20 12:09:38 [http-nio-8080-exec-3] DEBUG org.springframework.security.web.FilterChainProxy - Secured GET /rewards/status
2026-06-20 12:09:38 [http-nio-8080-exec-10] DEBUG org.springframework.security.web.FilterChainProxy - Securing GET /rewards/status
2026-06-20 12:09:38 [http-nio-8080-exec-7] DEBUG org.springframework.security.web.FilterChainProxy - Securing GET /transactions/gettranslog?vpaId=sowjenmeher1290902@mts
2026-06-20 12:09:38 [http-nio-8080-exec-10] DEBUG org.springframework.security.web.FilterChainProxy - Secured GET /rewards/status
2026-06-20 12:09:38 [http-nio-8080-exec-6] DEBUG org.springframework.security.web.FilterChainProxy - Securing GET /rewards/status
2026-06-20 12:09:38 [http-nio-8080-exec-7] DEBUG org.springframework.security.web.FilterChainProxy - Secured GET /transactions/gettranslog?vpaId=sowjenmeher1290902@mts
2026-06-20 12:09:38 [http-nio-8080-exec-7] INFO  com.training.mts.aop.LoggingAspect - Entering method: TransactionServiceImpl.getTransactionHistory(..) with arguments: [sowjenmeher1290902@mts]
2026-06-20 12:09:38 [http-nio-8080-exec-6] DEBUG org.springframework.security.web.FilterChainProxy - Secured GET /rewards/status
2026-06-20 12:09:38 [http-nio-8080-exec-2] DEBUG org.springframework.security.web.FilterChainProxy - Securing GET /rewards/status
2026-06-20 12:09:38 [http-nio-8080-exec-7] INFO  com.training.mts.aop.LoggingAspect - Method executed successfully: TransactionServiceImpl.getTransactionHistory(..) | Returned: com.training.mts.dto.TransactionHistoryResponse@486fe960
2026-06-20 12:09:38 [http-nio-8080-exec-2] DEBUG org.springframework.security.web.FilterChainProxy - Secured GET /rewards/status
2026-06-20 12:09:38 [http-nio-8080-exec-9] DEBUG org.springframework.security.web.FilterChainProxy - Securing GET /rewards/status
2026-06-20 12:09:38 [http-nio-8080-exec-9] DEBUG org.springframework.security.web.FilterChainProxy - Secured GET /rewards/status
2026-06-20 12:09:38 [http-nio-8080-exec-5] DEBUG org.springframework.security.web.FilterChainProxy - Securing GET /rewards/status
2026-06-20 12:09:38 [http-nio-8080-exec-5] DEBUG org.springframework.security.web.FilterChainProxy - Secured GET /rewards/status
2026-06-20 12:09:46 [http-nio-8080-exec-4] DEBUG org.springframework.security.web.FilterChainProxy - Securing GET /rewards/status
2026-06-20 12:09:46 [http-nio-8080-exec-4] DEBUG org.springframework.security.web.FilterChainProxy - Secured GET /rewards/status
2026-06-20 12:09:46 [http-nio-8080-exec-8] DEBUG org.springframework.security.web.FilterChainProxy - Securing GET /rewards/status
2026-06-20 12:09:46 [http-nio-8080-exec-8] DEBUG org.springframework.security.web.FilterChainProxy - Secured GET /rewards/status
2026-06-20 12:09:46 [http-nio-8080-exec-1] DEBUG org.springframework.security.web.FilterChainProxy - Securing GET /transactions/gettranslog?vpaId=sowjenmeher1290902@mts
2026-06-20 12:09:46 [http-nio-8080-exec-3] DEBUG org.springframework.security.web.FilterChainProxy - Securing GET /rewards/status
2026-06-20 12:09:46 [http-nio-8080-exec-1] DEBUG org.springframework.security.web.FilterChainProxy - Secured GET /transactions/gettranslog?vpaId=sowjenmeher1290902@mts
2026-06-20 12:09:46 [http-nio-8080-exec-1] INFO  com.training.mts.aop.LoggingAspect - Entering method: TransactionServiceImpl.getTransactionHistory(..) with arguments: [sowjenmeher1290902@mts]
2026-06-20 12:09:46 [http-nio-8080-exec-3] DEBUG org.springframework.security.web.FilterChainProxy - Secured GET /rewards/status
2026-06-20 12:09:46 [http-nio-8080-exec-10] DEBUG org.springframework.security.web.FilterChainProxy - Securing GET /rewards/status
2026-06-20 12:09:46 [http-nio-8080-exec-1] INFO  com.training.mts.aop.LoggingAspect - Method executed successfully: TransactionServiceImpl.getTransactionHistory(..) | Returned: com.training.mts.dto.TransactionHistoryResponse@10c68938
2026-06-20 12:09:46 [http-nio-8080-exec-10] DEBUG org.springframework.security.web.FilterChainProxy - Secured GET /rewards/status
2026-06-20 12:09:46 [http-nio-8080-exec-6] DEBUG org.springframework.security.web.FilterChainProxy - Securing GET /rewards/status
2026-06-20 12:09:46 [http-nio-8080-exec-6] DEBUG org.springframework.security.web.FilterChainProxy - Secured GET /rewards/status
2026-06-20 12:09:46 [http-nio-8080-exec-7] DEBUG org.springframework.security.web.FilterChainProxy - Securing GET /rewards/status
2026-06-20 12:09:46 [http-nio-8080-exec-7] DEBUG org.springframework.security.web.FilterChainProxy - Secured GET /rewards/status
2026-06-20 12:09:46 [http-nio-8080-exec-2] DEBUG org.springframework.security.web.FilterChainProxy - Securing GET /rewards/status
2026-06-20 12:09:46 [http-nio-8080-exec-2] DEBUG org.springframework.security.web.FilterChainProxy - Secured GET /rewards/status
2026-06-20 12:09:49 [http-nio-8080-exec-9] DEBUG org.springframework.security.web.FilterChainProxy - Securing GET /rewards/status
2026-06-20 12:09:49 [http-nio-8080-exec-5] DEBUG org.springframework.security.web.FilterChainProxy - Securing GET /transactions/gettranslog?vpaId=sowjenmeher1290902@mts
2026-06-20 12:09:49 [http-nio-8080-exec-5] DEBUG org.springframework.security.web.FilterChainProxy - Secured GET /transactions/gettranslog?vpaId=sowjenmeher1290902@mts
2026-06-20 12:09:49 [http-nio-8080-exec-9] DEBUG org.springframework.security.web.FilterChainProxy - Secured GET /rewards/status
2026-06-20 12:09:49 [http-nio-8080-exec-5] INFO  com.training.mts.aop.LoggingAspect - Entering method: TransactionServiceImpl.getTransactionHistory(..) with arguments: [sowjenmeher1290902@mts]
2026-06-20 12:09:49 [http-nio-8080-exec-4] DEBUG org.springframework.security.web.FilterChainProxy - Securing GET /rewards/status
2026-06-20 12:09:49 [http-nio-8080-exec-4] DEBUG org.springframework.security.web.FilterChainProxy - Secured GET /rewards/status
2026-06-20 12:09:49 [http-nio-8080-exec-5] INFO  com.training.mts.aop.LoggingAspect - Method executed successfully: TransactionServiceImpl.getTransactionHistory(..) | Returned: com.training.mts.dto.TransactionHistoryResponse@632e46cb
2026-06-20 12:09:49 [http-nio-8080-exec-8] DEBUG org.springframework.security.web.FilterChainProxy - Securing GET /rewards/status
2026-06-20 12:09:49 [http-nio-8080-exec-8] DEBUG org.springframework.security.web.FilterChainProxy - Secured GET /rewards/status
2026-06-20 12:09:49 [http-nio-8080-exec-3] DEBUG org.springframework.security.web.FilterChainProxy - Securing GET /rewards/status
2026-06-20 12:09:49 [http-nio-8080-exec-3] DEBUG org.springframework.security.web.FilterChainProxy - Secured GET /rewards/status
2026-06-20 12:09:49 [http-nio-8080-exec-1] DEBUG org.springframework.security.web.FilterChainProxy - Securing GET /rewards/status
2026-06-20 12:09:49 [http-nio-8080-exec-1] DEBUG org.springframework.security.web.FilterChainProxy - Secured GET /rewards/status
2026-06-20 12:09:49 [http-nio-8080-exec-10] DEBUG org.springframework.security.web.FilterChainProxy - Securing GET /rewards/status
2026-06-20 12:09:49 [http-nio-8080-exec-10] DEBUG org.springframework.security.web.FilterChainProxy - Secured GET /rewards/status
2026-06-20 12:09:49 [http-nio-8080-exec-6] DEBUG org.springframework.security.web.FilterChainProxy - Securing GET /rewards/status
2026-06-20 12:09:49 [http-nio-8080-exec-6] DEBUG org.springframework.security.web.FilterChainProxy - Secured GET /rewards/status
2026-06-20 12:09:49 [http-nio-8080-exec-7] DEBUG org.springframework.security.web.FilterChainProxy - Securing GET /rewards/status
2026-06-20 12:09:49 [http-nio-8080-exec-7] DEBUG org.springframework.security.web.FilterChainProxy - Secured GET /rewards/status
2026-06-20 12:09:49 [http-nio-8080-exec-2] DEBUG org.springframework.security.web.FilterChainProxy - Securing GET /rewards/status
2026-06-20 12:09:49 [http-nio-8080-exec-2] DEBUG org.springframework.security.web.FilterChainProxy - Secured GET /rewards/status
2026-06-20 12:09:49 [http-nio-8080-exec-9] DEBUG org.springframework.security.web.FilterChainProxy - Securing GET /rewards/status
2026-06-20 12:09:49 [http-nio-8080-exec-9] DEBUG org.springframework.security.web.FilterChainProxy - Secured GET /rewards/status
2026-06-20 12:09:49 [http-nio-8080-exec-5] DEBUG org.springframework.security.web.FilterChainProxy - Securing GET /rewards/status
2026-06-20 12:09:49 [http-nio-8080-exec-5] DEBUG org.springframework.security.web.FilterChainProxy - Secured GET /rewards/status
2026-06-20 12:09:49 [http-nio-8080-exec-4] DEBUG org.springframework.security.web.FilterChainProxy - Securing GET /rewards/status
2026-06-20 12:09:49 [http-nio-8080-exec-4] DEBUG org.springframework.security.web.FilterChainProxy - Secured GET /rewards/status
2026-06-20 12:09:49 [http-nio-8080-exec-8] DEBUG org.springframework.security.web.FilterChainProxy - Securing GET /rewards/status
2026-06-20 12:09:49 [http-nio-8080-exec-8] DEBUG org.springframework.security.web.FilterChainProxy - Secured GET /rewards/status
2026-06-20 12:09:49 [http-nio-8080-exec-3] DEBUG org.springframework.security.web.FilterChainProxy - Securing GET /rewards/status
2026-06-20 12:09:49 [http-nio-8080-exec-3] DEBUG org.springframework.security.web.FilterChainProxy - Secured GET /rewards/status
2026-06-20 12:09:49 [http-nio-8080-exec-1] DEBUG org.springframework.security.web.FilterChainProxy - Securing GET /rewards/status
2026-06-20 12:09:49 [http-nio-8080-exec-1] DEBUG org.springframework.security.web.FilterChainProxy - Secured GET /rewards/status
2026-06-20 12:09:49 [http-nio-8080-exec-10] DEBUG org.springframework.security.web.FilterChainProxy - Securing GET /rewards/status
2026-06-20 12:09:49 [http-nio-8080-exec-10] DEBUG org.springframework.security.web.FilterChainProxy - Secured GET /rewards/status
2026-06-20 12:09:49 [http-nio-8080-exec-6] DEBUG org.springframework.security.web.FilterChainProxy - Securing GET /rewards/status
2026-06-20 12:09:49 [http-nio-8080-exec-6] DEBUG org.springframework.security.web.FilterChainProxy - Secured GET /rewards/status
2026-06-20 12:09:49 [http-nio-8080-exec-7] DEBUG org.springframework.security.web.FilterChainProxy - Securing GET /rewards/status
2026-06-20 12:09:49 [http-nio-8080-exec-2] DEBUG org.springframework.security.web.FilterChainProxy - Securing OPTIONS /rewards/list
2026-06-20 12:09:49 [http-nio-8080-exec-9] DEBUG org.springframework.security.web.FilterChainProxy - Securing GET /rewards/list
2026-06-20 12:09:49 [http-nio-8080-exec-7] DEBUG org.springframework.security.web.FilterChainProxy - Secured GET /rewards/status
2026-06-20 12:09:49 [http-nio-8080-exec-9] DEBUG org.springframework.security.web.FilterChainProxy - Secured GET /rewards/list
2026-06-20 12:09:49 [http-nio-8080-exec-9] INFO  com.training.mts.aop.LoggingAspect - Entering method: RewardServiceImpl.getUserScratchCards(..) with arguments: [User{id=2, name='Sowjen Meher', vpa=com.training.mts.model.VPA@34a11787}]
2026-06-20 12:09:49 [http-nio-8080-exec-9] INFO  com.training.mts.aop.LoggingAspect - Method executed successfully: RewardServiceImpl.getUserScratchCards(..) | Returned: []
2026-06-20 12:12:35 [http-nio-8080-exec-3] DEBUG org.springframework.security.web.FilterChainProxy - Securing GET /rewards/status
2026-06-20 12:12:35 [http-nio-8080-exec-3] DEBUG org.springframework.security.web.FilterChainProxy - Secured GET /rewards/status
2026-06-20 12:12:35 [http-nio-8080-exec-1] DEBUG org.springframework.security.web.FilterChainProxy - Securing GET /transactions/gettranslog?vpaId=sowjenmeher1290902@mts
2026-06-20 12:12:35 [http-nio-8080-exec-10] DEBUG org.springframework.security.web.FilterChainProxy - Securing GET /rewards/status
2026-06-20 12:12:35 [http-nio-8080-exec-1] DEBUG org.springframework.security.web.FilterChainProxy - Secured GET /transactions/gettranslog?vpaId=sowjenmeher1290902@mts
2026-06-20 12:12:35 [http-nio-8080-exec-1] INFO  com.training.mts.aop.LoggingAspect - Entering method: TransactionServiceImpl.getTransactionHistory(..) with arguments: [sowjenmeher1290902@mts]
2026-06-20 12:12:35 [http-nio-8080-exec-10] DEBUG org.springframework.security.web.FilterChainProxy - Secured GET /rewards/status
2026-06-20 12:12:35 [http-nio-8080-exec-6] DEBUG org.springframework.security.web.FilterChainProxy - Securing GET /rewards/status
2026-06-20 12:12:35 [http-nio-8080-exec-1] INFO  com.training.mts.aop.LoggingAspect - Method executed successfully: TransactionServiceImpl.getTransactionHistory(..) | Returned: com.training.mts.dto.TransactionHistoryResponse@718883a9
2026-06-20 12:12:35 [http-nio-8080-exec-6] DEBUG org.springframework.security.web.FilterChainProxy - Secured GET /rewards/status
2026-06-20 12:12:35 [http-nio-8080-exec-2] DEBUG org.springframework.security.web.FilterChainProxy - Securing GET /rewards/status
2026-06-20 12:12:35 [http-nio-8080-exec-2] DEBUG org.springframework.security.web.FilterChainProxy - Secured GET /rewards/status
2026-06-20 12:12:35 [http-nio-8080-exec-7] DEBUG org.springframework.security.web.FilterChainProxy - Securing GET /rewards/status
2026-06-20 12:12:35 [http-nio-8080-exec-7] DEBUG org.springframework.security.web.FilterChainProxy - Secured GET /rewards/status
2026-06-20 12:12:35 [http-nio-8080-exec-9] DEBUG org.springframework.security.web.FilterChainProxy - Securing GET /rewards/status
2026-06-20 12:12:35 [http-nio-8080-exec-9] DEBUG org.springframework.security.web.FilterChainProxy - Secured GET /rewards/status
2026-06-20 12:12:35 [http-nio-8080-exec-5] DEBUG org.springframework.security.web.FilterChainProxy - Securing GET /rewards/status
2026-06-20 12:12:35 [http-nio-8080-exec-5] DEBUG org.springframework.security.web.FilterChainProxy - Secured GET /rewards/status
2026-06-20 12:12:35 [http-nio-8080-exec-4] DEBUG org.springframework.security.web.FilterChainProxy - Securing GET /rewards/status
2026-06-20 12:12:35 [http-nio-8080-exec-4] DEBUG org.springframework.security.web.FilterChainProxy - Secured GET /rewards/status
2026-06-20 12:12:35 [http-nio-8080-exec-8] DEBUG org.springframework.security.web.FilterChainProxy - Securing GET /rewards/status
2026-06-20 12:12:35 [http-nio-8080-exec-8] DEBUG org.springframework.security.web.FilterChainProxy - Secured GET /rewards/status
2026-06-20 12:12:35 [http-nio-8080-exec-3] DEBUG org.springframework.security.web.FilterChainProxy - Securing GET /rewards/status
2026-06-20 12:12:35 [http-nio-8080-exec-3] DEBUG org.springframework.security.web.FilterChainProxy - Secured GET /rewards/status
2026-06-20 12:12:40 [http-nio-8080-exec-10] DEBUG org.springframework.security.web.FilterChainProxy - Securing GET /users/findByPhone?phoneNumber=9090909090
2026-06-20 12:12:40 [http-nio-8080-exec-10] DEBUG org.springframework.security.web.FilterChainProxy - Secured GET /users/findByPhone?phoneNumber=9090909090
2026-06-20 12:12:40 [http-nio-8080-exec-10] INFO  com.training.mts.aop.LoggingAspect - Entering method: UserServiceImpl.getUserByPhoneNumber(..) with arguments: [9090909090]
2026-06-20 12:12:40 [http-nio-8080-exec-10] INFO  com.training.mts.aop.LoggingAspect - Method executed successfully: UserServiceImpl.getUserByPhoneNumber(..) | Returned: User{id=2, name='Sowjen Meher', vpa=com.training.mts.model.VPA@6d1ade13}
2026-06-20 12:12:40 [http-nio-8080-exec-1] DEBUG org.springframework.security.web.FilterChainProxy - Securing GET /rewards/status
2026-06-20 12:12:40 [http-nio-8080-exec-1] DEBUG org.springframework.security.web.FilterChainProxy - Secured GET /rewards/status
2026-06-20 12:12:40 [http-nio-8080-exec-6] DEBUG org.springframework.security.web.FilterChainProxy - Securing GET /rewards/status
2026-06-20 12:12:40 [http-nio-8080-exec-2] DEBUG org.springframework.security.web.FilterChainProxy - Securing GET /transactions/gettranslog?vpaId=sowjenmeher1290902@mts
2026-06-20 12:12:40 [http-nio-8080-exec-2] DEBUG org.springframework.security.web.FilterChainProxy - Secured GET /transactions/gettranslog?vpaId=sowjenmeher1290902@mts
2026-06-20 12:12:40 [http-nio-8080-exec-6] DEBUG org.springframework.security.web.FilterChainProxy - Secured GET /rewards/status
2026-06-20 12:12:40 [http-nio-8080-exec-2] INFO  com.training.mts.aop.LoggingAspect - Entering method: TransactionServiceImpl.getTransactionHistory(..) with arguments: [sowjenmeher1290902@mts]
2026-06-20 12:12:40 [http-nio-8080-exec-7] DEBUG org.springframework.security.web.FilterChainProxy - Securing GET /rewards/status
2026-06-20 12:12:40 [http-nio-8080-exec-7] DEBUG org.springframework.security.web.FilterChainProxy - Secured GET /rewards/status
2026-06-20 12:12:40 [http-nio-8080-exec-2] INFO  com.training.mts.aop.LoggingAspect - Method executed successfully: TransactionServiceImpl.getTransactionHistory(..) | Returned: com.training.mts.dto.TransactionHistoryResponse@14e9bd9f
2026-06-20 12:44:37 [HikariPool-1:housekeeper] WARN  com.zaxxer.hikari.pool.HikariPool - HikariPool-1 - Thread starvation or clock leap detected (housekeeper delta=12m4s666ms850µs600ns).
2026-06-20 12:49:22 [SpringApplicationShutdownHook] INFO  org.springframework.boot.tomcat.GracefulShutdown - Commencing graceful shutdown. Waiting for active requests to complete
2026-06-20 12:49:22 [tomcat-shutdown] INFO  org.springframework.boot.tomcat.GracefulShutdown - Graceful shutdown complete
2026-06-20 12:49:22 [SpringApplicationShutdownHook] INFO  org.springframework.orm.jpa.LocalContainerEntityManagerFactoryBean - Closing JPA EntityManagerFactory for persistence unit 'default'
2026-06-20 12:49:22 [SpringApplicationShutdownHook] INFO  com.zaxxer.hikari.HikariDataSource - HikariPool-1 - Shutdown initiated...
2026-06-20 12:49:22 [SpringApplicationShutdownHook] INFO  com.zaxxer.hikari.HikariDataSource - HikariPool-1 - Shutdown completed.
2026-06-20 12:49:26 [background-preinit] INFO  org.hibernate.validator.internal.util.Version - HV000001: Hibernate Validator 9.0.1.Final
2026-06-20 12:49:26 [main] INFO  com.training.mts.MtsApplication - Starting MtsApplication using Java 21 with PID 27116 (D:\Fidelity\Projects\money-transfer-system-secondary\backend\mts\target\classes started by deepc in D:\Fidelity\Projects\money-transfer-system-secondary\backend\mts)
2026-06-20 12:49:26 [main] INFO  com.training.mts.MtsApplication - No active profile set, falling back to 1 default profile: "default"
2026-06-20 12:49:27 [main] INFO  org.springframework.data.repository.config.RepositoryConfigurationDelegate - Bootstrapping Spring Data JPA repositories in DEFAULT mode.
2026-06-20 12:49:27 [main] INFO  org.springframework.data.repository.config.RepositoryConfigurationDelegate - Finished Spring Data repository scanning in 74 ms. Found 5 JPA repository interfaces.
2026-06-20 12:49:28 [main] INFO  org.springframework.boot.tomcat.TomcatWebServer - Tomcat initialized with port 8080 (http)
2026-06-20 12:49:28 [main] INFO  org.apache.coyote.http11.Http11NioProtocol - Initializing ProtocolHandler ["http-nio-8080"]
2026-06-20 12:49:28 [main] INFO  org.apache.catalina.core.StandardService - Starting service [Tomcat]
2026-06-20 12:49:28 [main] INFO  org.apache.catalina.core.StandardEngine - Starting Servlet engine: [Apache Tomcat/11.0.15]
2026-06-20 12:49:28 [main] INFO  org.springframework.boot.web.context.servlet.WebApplicationContextInitializer - Root WebApplicationContext: initialization completed in 2046 ms
2026-06-20 12:49:28 [main] INFO  org.hibernate.orm.jpa - HHH008540: Processing PersistenceUnitInfo [name: default]
2026-06-20 12:49:29 [main] INFO  org.hibernate.orm.core - HHH000001: Hibernate ORM core version 7.2.1.Final
2026-06-20 12:49:29 [main] INFO  org.springframework.orm.jpa.persistenceunit.SpringPersistenceUnitInfo - No LoadTimeWeaver setup: ignoring JPA class transformer
2026-06-20 12:49:29 [main] INFO  com.zaxxer.hikari.HikariDataSource - HikariPool-1 - Starting...
2026-06-20 12:49:29 [main] INFO  com.zaxxer.hikari.pool.HikariPool - HikariPool-1 - Added connection com.mysql.cj.jdbc.ConnectionImpl@6ba226cd
2026-06-20 12:49:29 [main] INFO  com.zaxxer.hikari.HikariDataSource - HikariPool-1 - Start completed.
2026-06-20 12:49:30 [main] WARN  org.hibernate.orm.deprecation - HHH90000025: MySQLDialect does not need to be specified explicitly using 'hibernate.dialect' (remove the property setting and it will be selected by default)
2026-06-20 12:49:30 [main] INFO  org.hibernate.orm.connections.pooling - HHH10001005: Database info:
	Database JDBC URL [jdbc:mysql://localhost:3306/mts?createDatabaseIfNotExist=true]
	Database driver: MySQL Connector/J
	Database dialect: MySQLDialect
	Database version: 8.0.46
	Default catalog/schema: mts/undefined
	Autocommit mode: undefined/unknown
	Isolation level: REPEATABLE_READ [default REPEATABLE_READ]
	JDBC fetch size: none
	Pool: DataSourceConnectionProvider
	Minimum pool size: undefined/unknown
	Maximum pool size: undefined/unknown
2026-06-20 12:49:31 [main] INFO  org.hibernate.orm.core - HHH000489: No JTA platform available (set 'hibernate.transaction.jta.platform' to enable JTA platform integration)
2026-06-20 12:49:31 [main] INFO  org.springframework.orm.jpa.LocalContainerEntityManagerFactoryBean - Initialized JPA EntityManagerFactory for persistence unit 'default'
2026-06-20 12:49:31 [main] INFO  org.springframework.data.jpa.repository.query.QueryEnhancerFactories - Hibernate is in classpath; If applicable, HQL parser will be used.
2026-06-20 12:49:31 [main] INFO  org.springframework.security.config.annotation.authentication.configuration.InitializeUserDetailsBeanManagerConfigurer$InitializeUserDetailsManagerConfigurer - Global AuthenticationManager configured with UserDetailsService bean with name customUserDetailsService
2026-06-20 12:49:32 [main] WARN  org.springframework.boot.jpa.autoconfigure.JpaBaseConfiguration$JpaWebConfiguration - spring.jpa.open-in-view is enabled by default. Therefore, database queries may be performed during view rendering. Explicitly configure spring.jpa.open-in-view to disable this warning
2026-06-20 12:49:32 [main] DEBUG org.springframework.security.web.DefaultSecurityFilterChain - Will secure any request with filters: DisableEncodeUrlFilter, WebAsyncManagerIntegrationFilter, SecurityContextHolderFilter, HeaderWriterFilter, CorsFilter, LogoutFilter, JwtAuthenticationFilter, RequestCacheAwareFilter, SecurityContextHolderAwareRequestFilter, AnonymousAuthenticationFilter, SessionManagementFilter, ExceptionTranslationFilter, AuthorizationFilter
2026-06-20 12:49:33 [main] INFO  org.apache.coyote.http11.Http11NioProtocol - Starting ProtocolHandler ["http-nio-8080"]
2026-06-20 12:49:33 [main] INFO  org.springframework.boot.tomcat.TomcatWebServer - Tomcat started on port 8080 (http) with context path '/'
2026-06-20 12:49:33 [main] INFO  com.training.mts.MtsApplication - Started MtsApplication in 7.133 seconds (process running for 7.685)
2026-06-20 12:49:40 [http-nio-8080-exec-1] INFO  org.apache.catalina.core.ContainerBase.[Tomcat].[localhost].[/] - Initializing Spring DispatcherServlet 'dispatcherServlet'
2026-06-20 12:49:40 [http-nio-8080-exec-1] INFO  org.springframework.web.servlet.DispatcherServlet - Initializing Servlet 'dispatcherServlet'
2026-06-20 12:49:40 [http-nio-8080-exec-1] INFO  org.springframework.web.servlet.DispatcherServlet - Completed initialization in 4 ms
2026-06-20 12:49:41 [http-nio-8080-exec-1] DEBUG org.springframework.security.web.FilterChainProxy - Securing OPTIONS /users/findByPhone?phoneNumber=9090909090
2026-06-20 12:49:41 [http-nio-8080-exec-1] WARN  org.springframework.web.servlet.handler.HandlerMappingIntrospector - Cache miss for REQUEST dispatch to '/users/findByPhone' (previous null). Performing CorsConfiguration lookup. This is logged once only at WARN level, and every time at TRACE.
2026-06-20 12:49:41 [http-nio-8080-exec-2] DEBUG org.springframework.security.web.FilterChainProxy - Securing GET /users/findByPhone?phoneNumber=9090909090
2026-06-20 12:49:42 [http-nio-8080-exec-2] DEBUG org.springframework.security.web.FilterChainProxy - Secured GET /users/findByPhone?phoneNumber=9090909090
2026-06-20 12:49:42 [http-nio-8080-exec-2] INFO  com.training.mts.aop.LoggingAspect - Entering method: UserServiceImpl.getUserByPhoneNumber(..) with arguments: [9090909090]
2026-06-20 12:49:42 [http-nio-8080-exec-2] INFO  com.training.mts.aop.LoggingAspect - Method executed successfully: UserServiceImpl.getUserByPhoneNumber(..) | Returned: User{id=2, name='Sowjen Meher', vpa=com.training.mts.model.VPA@1bd8334a}
2026-06-20 12:49:42 [http-nio-8080-exec-3] DEBUG org.springframework.security.web.FilterChainProxy - Securing OPTIONS /rewards/status
2026-06-20 12:49:42 [http-nio-8080-exec-4] DEBUG org.springframework.security.web.FilterChainProxy - Securing GET /rewards/status
2026-06-20 12:49:42 [http-nio-8080-exec-5] DEBUG org.springframework.security.web.FilterChainProxy - Securing OPTIONS /transactions/gettranslog?vpaId=sowjenmeher1290902@mts
2026-06-20 12:49:42 [http-nio-8080-exec-4] DEBUG org.springframework.security.web.FilterChainProxy - Secured GET /rewards/status
2026-06-20 12:49:42 [http-nio-8080-exec-6] DEBUG org.springframework.security.web.FilterChainProxy - Securing GET /transactions/gettranslog?vpaId=sowjenmeher1290902@mts
2026-06-20 12:49:42 [http-nio-8080-exec-6] DEBUG org.springframework.security.web.FilterChainProxy - Secured GET /transactions/gettranslog?vpaId=sowjenmeher1290902@mts
2026-06-20 12:49:42 [http-nio-8080-exec-6] INFO  com.training.mts.aop.LoggingAspect - Entering method: TransactionServiceImpl.getTransactionHistory(..) with arguments: [sowjenmeher1290902@mts]
2026-06-20 12:49:42 [http-nio-8080-exec-7] DEBUG org.springframework.security.web.FilterChainProxy - Securing GET /rewards/status
2026-06-20 12:49:42 [http-nio-8080-exec-7] DEBUG org.springframework.security.web.FilterChainProxy - Secured GET /rewards/status
2026-06-20 12:49:42 [http-nio-8080-exec-9] DEBUG org.springframework.security.web.FilterChainProxy - Securing GET /rewards/status
2026-06-20 12:49:42 [http-nio-8080-exec-9] DEBUG org.springframework.security.web.FilterChainProxy - Secured GET /rewards/status
2026-06-20 12:49:42 [http-nio-8080-exec-6] INFO  com.training.mts.aop.LoggingAspect - Method executed successfully: TransactionServiceImpl.getTransactionHistory(..) | Returned: com.training.mts.dto.TransactionHistoryResponse@6828f9fa
2026-06-20 12:49:43 [http-nio-8080-exec-8] DEBUG org.springframework.security.web.FilterChainProxy - Securing GET /rewards/status
2026-06-20 12:49:43 [http-nio-8080-exec-8] DEBUG org.springframework.security.web.FilterChainProxy - Secured GET /rewards/status
2026-06-20 12:49:43 [http-nio-8080-exec-10] DEBUG org.springframework.security.web.FilterChainProxy - Securing GET /rewards/status
2026-06-20 12:49:43 [http-nio-8080-exec-10] DEBUG org.springframework.security.web.FilterChainProxy - Secured GET /rewards/status
2026-06-20 12:49:43 [http-nio-8080-exec-1] DEBUG org.springframework.security.web.FilterChainProxy - Securing GET /rewards/status
2026-06-20 12:49:43 [http-nio-8080-exec-1] DEBUG org.springframework.security.web.FilterChainProxy - Secured GET /rewards/status
2026-06-20 12:49:43 [http-nio-8080-exec-2] DEBUG org.springframework.security.web.FilterChainProxy - Securing GET /rewards/status
2026-06-20 12:49:43 [http-nio-8080-exec-2] DEBUG org.springframework.security.web.FilterChainProxy - Secured GET /rewards/status
2026-06-20 12:49:52 [http-nio-8080-exec-3] DEBUG org.springframework.security.web.FilterChainProxy - Securing GET /users/findByPhone?phoneNumber=9090909090
2026-06-20 12:49:52 [http-nio-8080-exec-3] DEBUG org.springframework.security.web.FilterChainProxy - Secured GET /users/findByPhone?phoneNumber=9090909090
2026-06-20 12:49:52 [http-nio-8080-exec-3] INFO  com.training.mts.aop.LoggingAspect - Entering method: UserServiceImpl.getUserByPhoneNumber(..) with arguments: [9090909090]
2026-06-20 12:49:52 [http-nio-8080-exec-3] INFO  com.training.mts.aop.LoggingAspect - Method executed successfully: UserServiceImpl.getUserByPhoneNumber(..) | Returned: User{id=2, name='Sowjen Meher', vpa=com.training.mts.model.VPA@1c31f264}
2026-06-20 12:49:52 [http-nio-8080-exec-5] DEBUG org.springframework.security.web.FilterChainProxy - Securing GET /rewards/status
2026-06-20 12:49:52 [http-nio-8080-exec-5] DEBUG org.springframework.security.web.FilterChainProxy - Secured GET /rewards/status
2026-06-20 12:49:52 [http-nio-8080-exec-4] DEBUG org.springframework.security.web.FilterChainProxy - Securing GET /rewards/status
2026-06-20 12:49:52 [http-nio-8080-exec-4] DEBUG org.springframework.security.web.FilterChainProxy - Secured GET /rewards/status
2026-06-20 12:49:52 [http-nio-8080-exec-7] DEBUG org.springframework.security.web.FilterChainProxy - Securing GET /rewards/status
2026-06-20 12:49:52 [http-nio-8080-exec-7] DEBUG org.springframework.security.web.FilterChainProxy - Secured GET /rewards/status
2026-06-20 12:49:58 [http-nio-8080-exec-9] DEBUG org.springframework.security.web.FilterChainProxy - Securing OPTIONS /users/getbalance
2026-06-20 12:49:58 [http-nio-8080-exec-6] DEBUG org.springframework.security.web.FilterChainProxy - Securing POST /users/getbalance
2026-06-20 12:49:58 [http-nio-8080-exec-6] DEBUG org.springframework.security.web.FilterChainProxy - Secured POST /users/getbalance
2026-06-20 12:49:58 [http-nio-8080-exec-6] INFO  com.training.mts.aop.LoggingAspect - Entering method: UserServiceImpl.getBankBalance(..) with arguments: [sowjenmeher1290902@mts, Barca2]
2026-06-20 12:49:58 [http-nio-8080-exec-6] INFO  com.training.mts.aop.LoggingAspect - Method executed successfully: UserServiceImpl.getBankBalance(..) | Returned: 14300.0
2026-06-20 12:50:20 [http-nio-8080-exec-8] DEBUG org.springframework.security.web.FilterChainProxy - Securing GET /rewards/status
2026-06-20 12:50:20 [http-nio-8080-exec-10] DEBUG org.springframework.security.web.FilterChainProxy - Securing GET /transactions/gettranslog?vpaId=sowjenmeher1290902@mts
2026-06-20 12:50:20 [http-nio-8080-exec-8] DEBUG org.springframework.security.web.FilterChainProxy - Secured GET /rewards/status
2026-06-20 12:50:20 [http-nio-8080-exec-10] DEBUG org.springframework.security.web.FilterChainProxy - Secured GET /transactions/gettranslog?vpaId=sowjenmeher1290902@mts
2026-06-20 12:50:20 [http-nio-8080-exec-10] INFO  com.training.mts.aop.LoggingAspect - Entering method: TransactionServiceImpl.getTransactionHistory(..) with arguments: [sowjenmeher1290902@mts]
2026-06-20 12:50:20 [http-nio-8080-exec-1] DEBUG org.springframework.security.web.FilterChainProxy - Securing GET /rewards/status
2026-06-20 12:50:20 [http-nio-8080-exec-1] DEBUG org.springframework.security.web.FilterChainProxy - Secured GET /rewards/status
2026-06-20 12:50:20 [http-nio-8080-exec-10] INFO  com.training.mts.aop.LoggingAspect - Method executed successfully: TransactionServiceImpl.getTransactionHistory(..) | Returned: com.training.mts.dto.TransactionHistoryResponse@3a1e85a7
2026-06-20 12:50:20 [http-nio-8080-exec-2] DEBUG org.springframework.security.web.FilterChainProxy - Securing GET /rewards/status
2026-06-20 12:50:20 [http-nio-8080-exec-2] DEBUG org.springframework.security.web.FilterChainProxy - Secured GET /rewards/status
2026-06-20 12:50:20 [http-nio-8080-exec-3] DEBUG org.springframework.security.web.FilterChainProxy - Securing GET /rewards/status
2026-06-20 12:50:20 [http-nio-8080-exec-3] DEBUG org.springframework.security.web.FilterChainProxy - Secured GET /rewards/status
2026-06-20 12:50:21 [http-nio-8080-exec-5] DEBUG org.springframework.security.web.FilterChainProxy - Securing GET /rewards/status
2026-06-20 12:50:21 [http-nio-8080-exec-4] DEBUG org.springframework.security.web.FilterChainProxy - Securing OPTIONS /users/getusers
2026-06-20 12:50:21 [http-nio-8080-exec-7] DEBUG org.springframework.security.web.FilterChainProxy - Securing GET /users/getusers
2026-06-20 12:50:21 [http-nio-8080-exec-5] DEBUG org.springframework.security.web.FilterChainProxy - Secured GET /rewards/status
2026-06-20 12:50:21 [http-nio-8080-exec-7] DEBUG org.springframework.security.web.FilterChainProxy - Secured GET /users/getusers
2026-06-20 12:50:21 [http-nio-8080-exec-7] INFO  com.training.mts.aop.LoggingAspect - Entering method: UserServiceImpl.getAllUsers() with arguments: []
2026-06-20 12:50:21 [http-nio-8080-exec-9] DEBUG org.springframework.security.web.FilterChainProxy - Securing GET /rewards/status
2026-06-20 12:50:21 [http-nio-8080-exec-9] DEBUG org.springframework.security.web.FilterChainProxy - Secured GET /rewards/status
2026-06-20 12:50:21 [http-nio-8080-exec-6] DEBUG org.springframework.security.web.FilterChainProxy - Securing GET /rewards/status
2026-06-20 12:50:21 [http-nio-8080-exec-6] DEBUG org.springframework.security.web.FilterChainProxy - Secured GET /rewards/status
2026-06-20 12:50:21 [http-nio-8080-exec-7] INFO  com.training.mts.aop.LoggingAspect - Method executed successfully: UserServiceImpl.getAllUsers() | Returned: [com.training.mts.dto.GetAllUsersRequest@31f9e104, com.training.mts.dto.GetAllUsersRequest@4e9add81, com.training.mts.dto.GetAllUsersRequest@7c41f688]
2026-06-20 12:50:21 [http-nio-8080-exec-8] DEBUG org.springframework.security.web.FilterChainProxy - Securing GET /rewards/status
2026-06-20 12:50:21 [http-nio-8080-exec-8] DEBUG org.springframework.security.web.FilterChainProxy - Secured GET /rewards/status
2026-06-20 12:50:21 [http-nio-8080-exec-10] DEBUG org.springframework.security.web.FilterChainProxy - Securing GET /rewards/status
2026-06-20 12:50:21 [http-nio-8080-exec-10] DEBUG org.springframework.security.web.FilterChainProxy - Secured GET /rewards/status
2026-06-20 12:50:35 [http-nio-8080-exec-1] DEBUG org.springframework.security.web.FilterChainProxy - Securing GET /users/findByPhone?phoneNumber=9090909090
2026-06-20 12:50:35 [http-nio-8080-exec-1] DEBUG org.springframework.security.web.FilterChainProxy - Secured GET /users/findByPhone?phoneNumber=9090909090
2026-06-20 12:50:35 [http-nio-8080-exec-1] INFO  com.training.mts.aop.LoggingAspect - Entering method: UserServiceImpl.getUserByPhoneNumber(..) with arguments: [9090909090]
2026-06-20 12:50:35 [http-nio-8080-exec-1] INFO  com.training.mts.aop.LoggingAspect - Method executed successfully: UserServiceImpl.getUserByPhoneNumber(..) | Returned: User{id=2, name='Sowjen Meher', vpa=com.training.mts.model.VPA@48295f13}
2026-06-20 12:50:35 [http-nio-8080-exec-2] DEBUG org.springframework.security.web.FilterChainProxy - Securing GET /rewards/status
2026-06-20 12:50:35 [http-nio-8080-exec-2] DEBUG org.springframework.security.web.FilterChainProxy - Secured GET /rewards/status
2026-06-20 12:50:35 [http-nio-8080-exec-3] DEBUG org.springframework.security.web.FilterChainProxy - Securing GET /users/getusers
2026-06-20 12:50:35 [http-nio-8080-exec-3] DEBUG org.springframework.security.web.FilterChainProxy - Secured GET /users/getusers
2026-06-20 12:50:35 [http-nio-8080-exec-2] DEBUG org.springframework.security.web.FilterChainProxy - Securing GET /rewards/status
2026-06-20 12:50:35 [http-nio-8080-exec-3] INFO  com.training.mts.aop.LoggingAspect - Entering method: UserServiceImpl.getAllUsers() with arguments: []
2026-06-20 12:50:35 [http-nio-8080-exec-2] DEBUG org.springframework.security.web.FilterChainProxy - Secured GET /rewards/status
2026-06-20 12:50:35 [http-nio-8080-exec-3] INFO  com.training.mts.aop.LoggingAspect - Method executed successfully: UserServiceImpl.getAllUsers() | Returned: [com.training.mts.dto.GetAllUsersRequest@6adadebc, com.training.mts.dto.GetAllUsersRequest@7a409083, com.training.mts.dto.GetAllUsersRequest@663ef335]
2026-06-20 12:50:35 [http-nio-8080-exec-5] DEBUG org.springframework.security.web.FilterChainProxy - Securing GET /rewards/status
2026-06-20 12:50:35 [http-nio-8080-exec-5] DEBUG org.springframework.security.web.FilterChainProxy - Secured GET /rewards/status
2026-06-20 12:50:48 [http-nio-8080-exec-9] DEBUG org.springframework.security.web.FilterChainProxy - Securing OPTIONS /transactions/pay
2026-06-20 12:50:48 [http-nio-8080-exec-7] DEBUG org.springframework.security.web.FilterChainProxy - Securing POST /transactions/pay
2026-06-20 12:50:48 [http-nio-8080-exec-7] DEBUG org.springframework.security.web.FilterChainProxy - Secured POST /transactions/pay
2026-06-20 12:50:48 [http-nio-8080-exec-7] INFO  com.training.mts.aop.LoggingAspect - Entering method: TransactionServiceImpl.initiatePayment(..) with arguments: [com.training.mts.dto.TransactionRequest@6c1dc30d]
2026-06-20 12:50:48 [http-nio-8080-exec-7] INFO  com.training.mts.aop.LoggingAspect - Entering method: BankAccountServiceImpl.getBankAccount(..) with arguments: [sowjenmeher1290902@mts]
2026-06-20 12:50:48 [http-nio-8080-exec-7] INFO  com.training.mts.aop.LoggingAspect - Method executed successfully: BankAccountServiceImpl.getBankAccount(..) | Returned: com.training.mts.model.BankAccount@7c47d801
2026-06-20 12:50:48 [http-nio-8080-exec-7] INFO  com.training.mts.aop.LoggingAspect - Entering method: BankAccountServiceImpl.getBankAccount(..) with arguments: [deepchan0498401@mts]
2026-06-20 12:50:48 [http-nio-8080-exec-7] INFO  com.training.mts.aop.LoggingAspect - Method executed successfully: BankAccountServiceImpl.getBankAccount(..) | Returned: com.training.mts.model.BankAccount@6a3e5901
2026-06-20 12:50:48 [http-nio-8080-exec-7] INFO  com.training.mts.aop.LoggingAspect - Entering method: BankAccountServiceImpl.updateBalance(..) with arguments: [com.training.mts.model.BankAccount@7c47d801, 13300.0]
2026-06-20 12:50:48 [http-nio-8080-exec-7] INFO  com.training.mts.aop.LoggingAspect - Method executed successfully: BankAccountServiceImpl.updateBalance(..) | Returned: null
2026-06-20 12:50:48 [http-nio-8080-exec-7] INFO  com.training.mts.aop.LoggingAspect - Entering method: BankAccountServiceImpl.updateBalance(..) with arguments: [com.training.mts.model.BankAccount@6a3e5901, 52400.0]
2026-06-20 12:50:48 [http-nio-8080-exec-7] INFO  com.training.mts.aop.LoggingAspect - Method executed successfully: BankAccountServiceImpl.updateBalance(..) | Returned: null
2026-06-20 12:50:49 [http-nio-8080-exec-7] INFO  com.training.mts.aop.LoggingAspect - Entering method: RewardServiceImpl.awardPointsForTransaction(..) with arguments: [com.training.mts.model.Transaction@26d32a90]
2026-06-20 12:50:49 [http-nio-8080-exec-7] INFO  com.training.mts.aop.LoggingAspect - Method executed successfully: RewardServiceImpl.awardPointsForTransaction(..) | Returned: null
2026-06-20 12:50:49 [http-nio-8080-exec-7] INFO  com.training.mts.aop.LoggingAspect - Method executed successfully: TransactionServiceImpl.initiatePayment(..) | Returned: com.training.mts.dto.TransactionDTO@79a3efc3
2026-06-20 12:50:49 [task-1] INFO  com.training.mts.aop.LoggingAspect - Entering method: EmailServiceImpl.sendEmail(..) with arguments: [sowjenmeher12@gmail.com, MTS - Debit Alert, <div style='font-family: Arial, sans-serif; max-width: 600px; margin: 0 auto; border: 1px solid #e0e0e0; border-radius: 8px; overflow: hidden;'>  <div style='background-color: #1a73e8; padding: 20px; text-align: center; color: white;'>    <h2 style='margin: 0;'>MTS</h2>    <p style='margin: 5px 0 0 0; opacity: 0.9;'>Transaction Notification</p>  </div>  <div style='padding: 24px; color: #333333; line-height: 1.6;'>    <p>Dear Customer,</p>    <p>An amount of <strong style='color: #d93025; font-size: 18px;'>Rs. 1000.0</strong> has been debited from your account.</p>    <table style='width: 100%; border-collapse: collapse; margin: 20px 0; background-color: #f8f9fa; border-radius: 6px; overflow: hidden;'>      <tr><td style='padding: 12px; border-bottom: 1px solid #eeeeee; color: #666;'>From Account</td><td style='padding: 12px; border-bottom: 1px solid #eeeeee; font-weight: bold;'>ACC1012</td></tr>      <tr><td style='padding: 12px; border-bottom: 1px solid #eeeeee; color: #666;'>Sent To (VPA)</td><td style='padding: 12px; border-bottom: 1px solid #eeeeee; font-weight: bold;'>deepchan0498401@mts</td></tr>      <tr><td style='padding: 12px; color: #666;'>Date</td><td style='padding: 12px; font-weight: bold;'>2026-06-20</td></tr>    </table>    <p style='font-size: 13px; color: #666666; margin-top: 30px;'>If this transaction was not initiated by you, please block your account immediately.</p>  </div></div>]
2026-06-20 12:50:49 [task-2] INFO  com.training.mts.aop.LoggingAspect - Entering method: EmailServiceImpl.sendEmail(..) with arguments: [deepchan04@gmail.com, MTS - Credit Alert, <div style='font-family: Arial, sans-serif; max-width: 600px; margin: 0 auto; border: 1px solid #e0e0e0; border-radius: 8px; overflow: hidden;'>  <div style='background-color: #28a745; padding: 20px; text-align: center; color: white;'>    <h2 style='margin: 0;'>MTS</h2>    <p style='margin: 5px 0 0 0; opacity: 0.9;'>Money Received</p>  </div>  <div style='padding: 24px; color: #333333; line-height: 1.6;'>    <p>Dear Customer,</p>    <p>An amount of <strong style='color: #28a745; font-size: 18px;'>Rs. 1000.0</strong> has been credited to your account.</p>    <table style='width: 100%; border-collapse: collapse; margin: 20px 0; background-color: #f8f9fa; border-radius: 6px; overflow: hidden;'>      <tr><td style='padding: 12px; border-bottom: 1px solid #eeeeee; color: #666;'>Received From</td><td style='padding: 12px; border-bottom: 1px solid #eeeeee; font-weight: bold;'>Sowjen Meher</td></tr>      <tr><td style='padding: 12px; color: #666;'>Date</td><td style='padding: 12px; font-weight: bold;'>2026-06-20</td></tr>    </table>    <p style='font-size: 13px; color: #666666; margin-top: 30px;'>Thank you for using MTS.</p>  </div></div>]
2026-06-20 12:50:49 [http-nio-8080-exec-7] INFO  com.training.mts.aop.LoggingAspect - Entering method: AnalyticsService.triggerSnowflakeSync() with arguments: []
2026-06-20 12:50:57 [task-2] INFO  com.training.mts.aop.LoggingAspect - Method executed successfully: EmailServiceImpl.sendEmail(..) | Returned: null
2026-06-20 12:50:58 [task-1] INFO  com.training.mts.aop.LoggingAspect - Method executed successfully: EmailServiceImpl.sendEmail(..) | Returned: null
2026-06-20 12:51:06 [http-nio-8080-exec-7] INFO  com.training.mts.aop.LoggingAspect - Method executed successfully: AnalyticsService.triggerSnowflakeSync() | Returned: true
2026-06-20 12:51:10 [http-nio-8080-exec-6] DEBUG org.springframework.security.web.FilterChainProxy - Securing GET /rewards/status
2026-06-20 12:51:10 [http-nio-8080-exec-8] DEBUG org.springframework.security.web.FilterChainProxy - Securing GET /transactions/gettranslog?vpaId=sowjenmeher1290902@mts
2026-06-20 12:51:10 [http-nio-8080-exec-6] DEBUG org.springframework.security.web.FilterChainProxy - Secured GET /rewards/status
2026-06-20 12:51:10 [http-nio-8080-exec-8] DEBUG org.springframework.security.web.FilterChainProxy - Secured GET /transactions/gettranslog?vpaId=sowjenmeher1290902@mts
2026-06-20 12:51:10 [http-nio-8080-exec-8] INFO  com.training.mts.aop.LoggingAspect - Entering method: TransactionServiceImpl.getTransactionHistory(..) with arguments: [sowjenmeher1290902@mts]
2026-06-20 12:51:10 [http-nio-8080-exec-10] DEBUG org.springframework.security.web.FilterChainProxy - Securing GET /rewards/status
2026-06-20 12:51:10 [http-nio-8080-exec-10] DEBUG org.springframework.security.web.FilterChainProxy - Secured GET /rewards/status
2026-06-20 12:51:10 [http-nio-8080-exec-1] DEBUG org.springframework.security.web.FilterChainProxy - Securing GET /rewards/status
2026-06-20 12:51:10 [http-nio-8080-exec-8] INFO  com.training.mts.aop.LoggingAspect - Method executed successfully: TransactionServiceImpl.getTransactionHistory(..) | Returned: com.training.mts.dto.TransactionHistoryResponse@58d12943
2026-06-20 12:51:10 [http-nio-8080-exec-1] DEBUG org.springframework.security.web.FilterChainProxy - Secured GET /rewards/status
2026-06-20 12:51:10 [http-nio-8080-exec-1] DEBUG org.springframework.security.web.FilterChainProxy - Securing GET /rewards/status
2026-06-20 12:51:10 [http-nio-8080-exec-1] DEBUG org.springframework.security.web.FilterChainProxy - Secured GET /rewards/status
2026-06-20 12:51:30 [http-nio-8080-exec-3] DEBUG org.springframework.security.web.FilterChainProxy - Securing GET /rewards/status
2026-06-20 12:51:30 [http-nio-8080-exec-3] DEBUG org.springframework.security.web.FilterChainProxy - Secured GET /rewards/status
2026-06-20 12:51:30 [http-nio-8080-exec-2] DEBUG org.springframework.security.web.FilterChainProxy - Securing GET /rewards/status
2026-06-20 12:51:30 [http-nio-8080-exec-2] DEBUG org.springframework.security.web.FilterChainProxy - Secured GET /rewards/status
2026-06-20 12:51:30 [http-nio-8080-exec-5] DEBUG org.springframework.security.web.FilterChainProxy - Securing GET /rewards/status
2026-06-20 12:51:31 [http-nio-8080-exec-5] DEBUG org.springframework.security.web.FilterChainProxy - Secured GET /rewards/status
2026-06-20 12:51:31 [http-nio-8080-exec-9] DEBUG org.springframework.security.web.FilterChainProxy - Securing GET /rewards/status
2026-06-20 12:51:31 [http-nio-8080-exec-9] DEBUG org.springframework.security.web.FilterChainProxy - Secured GET /rewards/status
2026-06-20 12:51:31 [http-nio-8080-exec-7] DEBUG org.springframework.security.web.FilterChainProxy - Securing GET /rewards/status
2026-06-20 12:51:31 [http-nio-8080-exec-7] DEBUG org.springframework.security.web.FilterChainProxy - Secured GET /rewards/status
2026-06-20 12:51:31 [http-nio-8080-exec-6] DEBUG org.springframework.security.web.FilterChainProxy - Securing GET /rewards/status
2026-06-20 12:51:31 [http-nio-8080-exec-10] DEBUG org.springframework.security.web.FilterChainProxy - Securing OPTIONS /rewards/list
2026-06-20 12:51:31 [http-nio-8080-exec-8] DEBUG org.springframework.security.web.FilterChainProxy - Securing GET /rewards/list
2026-06-20 12:51:31 [http-nio-8080-exec-6] DEBUG org.springframework.security.web.FilterChainProxy - Secured GET /rewards/status
2026-06-20 12:51:31 [http-nio-8080-exec-8] DEBUG org.springframework.security.web.FilterChainProxy - Secured GET /rewards/list
2026-06-20 12:51:31 [http-nio-8080-exec-8] INFO  com.training.mts.aop.LoggingAspect - Entering method: RewardServiceImpl.getUserScratchCards(..) with arguments: [User{id=2, name='Sowjen Meher', vpa=com.training.mts.model.VPA@4cbd7e63}]
2026-06-20 12:51:31 [http-nio-8080-exec-8] INFO  com.training.mts.aop.LoggingAspect - Method executed successfully: RewardServiceImpl.getUserScratchCards(..) | Returned: [com.training.mts.model.ScratchCard@4ea8c15d]
2026-06-20 12:51:42 [http-nio-8080-exec-4] DEBUG org.springframework.security.web.FilterChainProxy - Securing GET /users/findByPhone?phoneNumber=9090909090
2026-06-20 12:51:42 [http-nio-8080-exec-4] DEBUG org.springframework.security.web.FilterChainProxy - Secured GET /users/findByPhone?phoneNumber=9090909090
2026-06-20 12:51:42 [http-nio-8080-exec-4] INFO  com.training.mts.aop.LoggingAspect - Entering method: UserServiceImpl.getUserByPhoneNumber(..) with arguments: [9090909090]
2026-06-20 12:51:42 [http-nio-8080-exec-4] INFO  com.training.mts.aop.LoggingAspect - Method executed successfully: UserServiceImpl.getUserByPhoneNumber(..) | Returned: User{id=2, name='Sowjen Meher', vpa=com.training.mts.model.VPA@6f079a02}
2026-06-20 12:51:42 [http-nio-8080-exec-1] DEBUG org.springframework.security.web.FilterChainProxy - Securing GET /rewards/status
2026-06-20 12:51:42 [http-nio-8080-exec-1] DEBUG org.springframework.security.web.FilterChainProxy - Secured GET /rewards/status
2026-06-20 12:51:42 [http-nio-8080-exec-3] DEBUG org.springframework.security.web.FilterChainProxy - Securing GET /rewards/status
2026-06-20 12:51:42 [http-nio-8080-exec-3] DEBUG org.springframework.security.web.FilterChainProxy - Secured GET /rewards/status
2026-06-20 12:51:42 [http-nio-8080-exec-2] DEBUG org.springframework.security.web.FilterChainProxy - Securing GET /rewards/status
2026-06-20 12:51:42 [http-nio-8080-exec-2] DEBUG org.springframework.security.web.FilterChainProxy - Secured GET /rewards/status
2026-06-20 12:51:42 [http-nio-8080-exec-5] DEBUG org.springframework.security.web.FilterChainProxy - Securing GET /rewards/status
2026-06-20 12:51:42 [http-nio-8080-exec-9] DEBUG org.springframework.security.web.FilterChainProxy - Securing GET /rewards/list
2026-06-20 12:51:42 [http-nio-8080-exec-5] DEBUG org.springframework.security.web.FilterChainProxy - Secured GET /rewards/status
2026-06-20 12:51:42 [http-nio-8080-exec-9] DEBUG org.springframework.security.web.FilterChainProxy - Secured GET /rewards/list
2026-06-20 12:51:42 [http-nio-8080-exec-9] INFO  com.training.mts.aop.LoggingAspect - Entering method: RewardServiceImpl.getUserScratchCards(..) with arguments: [User{id=2, name='Sowjen Meher', vpa=com.training.mts.model.VPA@1ef40c93}]
2026-06-20 12:51:42 [http-nio-8080-exec-9] INFO  com.training.mts.aop.LoggingAspect - Method executed successfully: RewardServiceImpl.getUserScratchCards(..) | Returned: [com.training.mts.model.ScratchCard@358cfd21]
2026-06-20 12:52:05 [http-nio-8080-exec-7] DEBUG org.springframework.security.web.FilterChainProxy - Securing GET /rewards/status
2026-06-20 12:52:05 [http-nio-8080-exec-10] DEBUG org.springframework.security.web.FilterChainProxy - Securing GET /transactions/gettranslog?vpaId=sowjenmeher1290902@mts
2026-06-20 12:52:05 [http-nio-8080-exec-7] DEBUG org.springframework.security.web.FilterChainProxy - Secured GET /rewards/status
2026-06-20 12:52:05 [http-nio-8080-exec-10] DEBUG org.springframework.security.web.FilterChainProxy - Secured GET /transactions/gettranslog?vpaId=sowjenmeher1290902@mts
2026-06-20 12:52:05 [http-nio-8080-exec-10] INFO  com.training.mts.aop.LoggingAspect - Entering method: TransactionServiceImpl.getTransactionHistory(..) with arguments: [sowjenmeher1290902@mts]
2026-06-20 12:52:05 [http-nio-8080-exec-6] DEBUG org.springframework.security.web.FilterChainProxy - Securing GET /rewards/status
2026-06-20 12:52:05 [http-nio-8080-exec-6] DEBUG org.springframework.security.web.FilterChainProxy - Secured GET /rewards/status
2026-06-20 12:52:05 [http-nio-8080-exec-8] DEBUG org.springframework.security.web.FilterChainProxy - Securing GET /rewards/status
2026-06-20 12:52:05 [http-nio-8080-exec-10] INFO  com.training.mts.aop.LoggingAspect - Method executed successfully: TransactionServiceImpl.getTransactionHistory(..) | Returned: com.training.mts.dto.TransactionHistoryResponse@1ef06f27
2026-06-20 12:52:05 [http-nio-8080-exec-8] DEBUG org.springframework.security.web.FilterChainProxy - Secured GET /rewards/status
2026-06-20 12:52:05 [http-nio-8080-exec-4] DEBUG org.springframework.security.web.FilterChainProxy - Securing GET /rewards/status
2026-06-20 12:52:05 [http-nio-8080-exec-4] DEBUG org.springframework.security.web.FilterChainProxy - Secured GET /rewards/status
2026-06-20 12:52:16 [http-nio-8080-exec-1] DEBUG org.springframework.security.web.FilterChainProxy - Securing GET /users/findByPhone?phoneNumber=9090909090
2026-06-20 12:52:16 [http-nio-8080-exec-1] DEBUG org.springframework.security.web.FilterChainProxy - Secured GET /users/findByPhone?phoneNumber=9090909090
2026-06-20 12:52:16 [http-nio-8080-exec-1] INFO  com.training.mts.aop.LoggingAspect - Entering method: UserServiceImpl.getUserByPhoneNumber(..) with arguments: [9090909090]
2026-06-20 12:52:16 [http-nio-8080-exec-1] INFO  com.training.mts.aop.LoggingAspect - Method executed successfully: UserServiceImpl.getUserByPhoneNumber(..) | Returned: User{id=2, name='Sowjen Meher', vpa=com.training.mts.model.VPA@7aff1777}
2026-06-20 12:52:16 [http-nio-8080-exec-3] DEBUG org.springframework.security.web.FilterChainProxy - Securing GET /rewards/status
2026-06-20 12:52:16 [http-nio-8080-exec-3] DEBUG org.springframework.security.web.FilterChainProxy - Secured GET /rewards/status
2026-06-20 12:52:16 [http-nio-8080-exec-2] DEBUG org.springframework.security.web.FilterChainProxy - Securing GET /transactions/gettranslog?vpaId=sowjenmeher1290902@mts
2026-06-20 12:52:16 [http-nio-8080-exec-5] DEBUG org.springframework.security.web.FilterChainProxy - Securing GET /rewards/status
2026-06-20 12:52:16 [http-nio-8080-exec-2] DEBUG org.springframework.security.web.FilterChainProxy - Secured GET /transactions/gettranslog?vpaId=sowjenmeher1290902@mts
2026-06-20 12:52:16 [http-nio-8080-exec-2] INFO  com.training.mts.aop.LoggingAspect - Entering method: TransactionServiceImpl.getTransactionHistory(..) with arguments: [sowjenmeher1290902@mts]
2026-06-20 12:52:16 [http-nio-8080-exec-5] DEBUG org.springframework.security.web.FilterChainProxy - Secured GET /rewards/status
2026-06-20 12:52:16 [http-nio-8080-exec-9] DEBUG org.springframework.security.web.FilterChainProxy - Securing GET /rewards/status
2026-06-20 12:52:16 [http-nio-8080-exec-2] INFO  com.training.mts.aop.LoggingAspect - Method executed successfully: TransactionServiceImpl.getTransactionHistory(..) | Returned: com.training.mts.dto.TransactionHistoryResponse@48d9a723
2026-06-20 12:52:16 [http-nio-8080-exec-9] DEBUG org.springframework.security.web.FilterChainProxy - Secured GET /rewards/status
2026-06-20 12:52:50 [http-nio-8080-exec-7] DEBUG org.springframework.security.web.FilterChainProxy - Securing GET /rewards/status
2026-06-20 12:52:50 [http-nio-8080-exec-7] DEBUG org.springframework.security.web.FilterChainProxy - Secured GET /rewards/status
2026-06-20 12:52:50 [http-nio-8080-exec-6] DEBUG org.springframework.security.web.FilterChainProxy - Securing GET /rewards/status
2026-06-20 12:52:50 [http-nio-8080-exec-6] DEBUG org.springframework.security.web.FilterChainProxy - Secured GET /rewards/status
2026-06-20 12:52:50 [http-nio-8080-exec-10] DEBUG org.springframework.security.web.FilterChainProxy - Securing GET /rewards/status
2026-06-20 12:52:50 [http-nio-8080-exec-10] DEBUG org.springframework.security.web.FilterChainProxy - Secured GET /rewards/status
2026-06-20 12:52:50 [http-nio-8080-exec-8] DEBUG org.springframework.security.web.FilterChainProxy - Securing GET /rewards/status
2026-06-20 12:52:50 [http-nio-8080-exec-8] DEBUG org.springframework.security.web.FilterChainProxy - Secured GET /rewards/status
2026-06-20 13:03:55 [SpringApplicationShutdownHook] INFO  org.springframework.boot.tomcat.GracefulShutdown - Commencing graceful shutdown. Waiting for active requests to complete
2026-06-20 13:03:55 [tomcat-shutdown] INFO  org.springframework.boot.tomcat.GracefulShutdown - Graceful shutdown complete
2026-06-20 13:03:55 [SpringApplicationShutdownHook] INFO  org.springframework.orm.jpa.LocalContainerEntityManagerFactoryBean - Closing JPA EntityManagerFactory for persistence unit 'default'
2026-06-20 13:03:55 [SpringApplicationShutdownHook] INFO  com.zaxxer.hikari.HikariDataSource - HikariPool-1 - Shutdown initiated...
2026-06-20 13:03:55 [SpringApplicationShutdownHook] INFO  com.zaxxer.hikari.HikariDataSource - HikariPool-1 - Shutdown completed.
2026-06-20 13:03:59 [background-preinit] INFO  org.hibernate.validator.internal.util.Version - HV000001: Hibernate Validator 9.0.1.Final
2026-06-20 13:03:59 [main] INFO  com.training.mts.MtsApplication - Starting MtsApplication using Java 21 with PID 37216 (D:\Fidelity\Projects\money-transfer-system-secondary\backend\mts\target\classes started by deepc in D:\Fidelity\Projects\money-transfer-system-secondary\backend\mts)
2026-06-20 13:03:59 [main] INFO  com.training.mts.MtsApplication - No active profile set, falling back to 1 default profile: "default"
2026-06-20 13:04:00 [main] INFO  org.springframework.data.repository.config.RepositoryConfigurationDelegate - Bootstrapping Spring Data JPA repositories in DEFAULT mode.
2026-06-20 13:04:00 [main] INFO  org.springframework.data.repository.config.RepositoryConfigurationDelegate - Finished Spring Data repository scanning in 73 ms. Found 5 JPA repository interfaces.
2026-06-20 13:04:01 [main] INFO  org.springframework.boot.tomcat.TomcatWebServer - Tomcat initialized with port 8080 (http)
2026-06-20 13:04:01 [main] INFO  org.apache.coyote.http11.Http11NioProtocol - Initializing ProtocolHandler ["http-nio-8080"]
2026-06-20 13:04:01 [main] INFO  org.apache.catalina.core.StandardService - Starting service [Tomcat]
2026-06-20 13:04:01 [main] INFO  org.apache.catalina.core.StandardEngine - Starting Servlet engine: [Apache Tomcat/11.0.15]
2026-06-20 13:04:02 [main] INFO  org.springframework.boot.web.context.servlet.WebApplicationContextInitializer - Root WebApplicationContext: initialization completed in 2002 ms
2026-06-20 13:04:02 [main] INFO  org.hibernate.orm.jpa - HHH008540: Processing PersistenceUnitInfo [name: default]
2026-06-20 13:04:02 [main] INFO  org.hibernate.orm.core - HHH000001: Hibernate ORM core version 7.2.1.Final
2026-06-20 13:04:03 [main] INFO  org.springframework.orm.jpa.persistenceunit.SpringPersistenceUnitInfo - No LoadTimeWeaver setup: ignoring JPA class transformer
2026-06-20 13:04:03 [main] INFO  com.zaxxer.hikari.HikariDataSource - HikariPool-1 - Starting...
2026-06-20 13:04:03 [main] INFO  com.zaxxer.hikari.pool.HikariPool - HikariPool-1 - Added connection com.mysql.cj.jdbc.ConnectionImpl@5342032a
2026-06-20 13:04:03 [main] INFO  com.zaxxer.hikari.HikariDataSource - HikariPool-1 - Start completed.
2026-06-20 13:04:03 [main] WARN  org.hibernate.orm.deprecation - HHH90000025: MySQLDialect does not need to be specified explicitly using 'hibernate.dialect' (remove the property setting and it will be selected by default)
2026-06-20 13:04:03 [main] INFO  org.hibernate.orm.connections.pooling - HHH10001005: Database info:
	Database JDBC URL [jdbc:mysql://localhost:3306/mts?createDatabaseIfNotExist=true]
	Database driver: MySQL Connector/J
	Database dialect: MySQLDialect
	Database version: 8.0.46
	Default catalog/schema: mts/undefined
	Autocommit mode: undefined/unknown
	Isolation level: REPEATABLE_READ [default REPEATABLE_READ]
	JDBC fetch size: none
	Pool: DataSourceConnectionProvider
	Minimum pool size: undefined/unknown
	Maximum pool size: undefined/unknown
2026-06-20 13:04:04 [main] INFO  org.hibernate.orm.core - HHH000489: No JTA platform available (set 'hibernate.transaction.jta.platform' to enable JTA platform integration)
2026-06-20 13:04:04 [main] INFO  org.springframework.orm.jpa.LocalContainerEntityManagerFactoryBean - Initialized JPA EntityManagerFactory for persistence unit 'default'
2026-06-20 13:04:04 [main] INFO  org.springframework.data.jpa.repository.query.QueryEnhancerFactories - Hibernate is in classpath; If applicable, HQL parser will be used.
2026-06-20 13:04:05 [main] INFO  org.springframework.security.config.annotation.authentication.configuration.InitializeUserDetailsBeanManagerConfigurer$InitializeUserDetailsManagerConfigurer - Global AuthenticationManager configured with UserDetailsService bean with name customUserDetailsService
2026-06-20 13:04:06 [main] WARN  org.springframework.boot.jpa.autoconfigure.JpaBaseConfiguration$JpaWebConfiguration - spring.jpa.open-in-view is enabled by default. Therefore, database queries may be performed during view rendering. Explicitly configure spring.jpa.open-in-view to disable this warning
2026-06-20 13:04:06 [main] DEBUG org.springframework.security.web.DefaultSecurityFilterChain - Will secure any request with filters: DisableEncodeUrlFilter, WebAsyncManagerIntegrationFilter, SecurityContextHolderFilter, HeaderWriterFilter, CorsFilter, LogoutFilter, JwtAuthenticationFilter, RequestCacheAwareFilter, SecurityContextHolderAwareRequestFilter, AnonymousAuthenticationFilter, SessionManagementFilter, ExceptionTranslationFilter, AuthorizationFilter
2026-06-20 13:04:07 [main] INFO  org.apache.coyote.http11.Http11NioProtocol - Starting ProtocolHandler ["http-nio-8080"]
2026-06-20 13:04:07 [main] INFO  org.springframework.boot.tomcat.TomcatWebServer - Tomcat started on port 8080 (http) with context path '/'
2026-06-20 13:04:07 [main] INFO  com.training.mts.MtsApplication - Started MtsApplication in 8.072 seconds (process running for 8.539)
2026-06-20 13:04:39 [http-nio-8080-exec-1] INFO  org.apache.catalina.core.ContainerBase.[Tomcat].[localhost].[/] - Initializing Spring DispatcherServlet 'dispatcherServlet'
2026-06-20 13:04:39 [http-nio-8080-exec-1] INFO  org.springframework.web.servlet.DispatcherServlet - Initializing Servlet 'dispatcherServlet'
2026-06-20 13:04:39 [http-nio-8080-exec-1] INFO  org.springframework.web.servlet.DispatcherServlet - Completed initialization in 2 ms
2026-06-20 13:04:39 [http-nio-8080-exec-1] DEBUG org.springframework.security.web.FilterChainProxy - Securing OPTIONS /auth/login
2026-06-20 13:04:39 [http-nio-8080-exec-1] WARN  org.springframework.web.servlet.handler.HandlerMappingIntrospector - Cache miss for REQUEST dispatch to '/auth/login' (previous null). Performing CorsConfiguration lookup. This is logged once only at WARN level, and every time at TRACE.
2026-06-20 13:04:39 [http-nio-8080-exec-1] DEBUG org.springframework.security.web.FilterChainProxy - Securing POST /auth/login
2026-06-20 13:04:39 [http-nio-8080-exec-1] DEBUG org.springframework.security.web.authentication.AnonymousAuthenticationFilter - Set SecurityContextHolder to anonymous SecurityContext
2026-06-20 13:04:39 [http-nio-8080-exec-1] DEBUG org.springframework.security.web.FilterChainProxy - Secured POST /auth/login
2026-06-20 13:04:41 [http-nio-8080-exec-1] DEBUG org.springframework.security.authentication.dao.DaoAuthenticationProvider - Authenticated user
2026-06-20 13:04:41 [http-nio-8080-exec-2] DEBUG org.springframework.security.web.FilterChainProxy - Securing GET /users/findByPhone?phoneNumber=9090909090
2026-06-20 13:04:41 [http-nio-8080-exec-2] DEBUG org.springframework.security.web.FilterChainProxy - Secured GET /users/findByPhone?phoneNumber=9090909090
2026-06-20 13:04:41 [http-nio-8080-exec-2] INFO  com.training.mts.aop.LoggingAspect - Entering method: UserServiceImpl.getUserByPhoneNumber(..) with arguments: [9090909090]
2026-06-20 13:04:41 [http-nio-8080-exec-2] INFO  com.training.mts.aop.LoggingAspect - Method executed successfully: UserServiceImpl.getUserByPhoneNumber(..) | Returned: User{id=2, name='Sowjen Meher', vpa=com.training.mts.model.VPA@633c9677}
2026-06-20 13:04:41 [http-nio-8080-exec-3] DEBUG org.springframework.security.web.FilterChainProxy - Securing GET /rewards/status
2026-06-20 13:04:41 [http-nio-8080-exec-3] DEBUG org.springframework.security.web.FilterChainProxy - Secured GET /rewards/status
2026-06-20 13:04:41 [http-nio-8080-exec-4] DEBUG org.springframework.security.web.FilterChainProxy - Securing GET /rewards/status
2026-06-20 13:04:41 [http-nio-8080-exec-4] DEBUG org.springframework.security.web.FilterChainProxy - Secured GET /rewards/status
2026-06-20 13:04:41 [http-nio-8080-exec-4] DEBUG org.springframework.security.web.FilterChainProxy - Securing GET /rewards/status
2026-06-20 13:04:41 [http-nio-8080-exec-4] DEBUG org.springframework.security.web.FilterChainProxy - Secured GET /rewards/status
2026-06-20 13:04:41 [http-nio-8080-exec-6] DEBUG org.springframework.security.web.FilterChainProxy - Securing GET /rewards/status
2026-06-20 13:04:41 [http-nio-8080-exec-6] DEBUG org.springframework.security.web.FilterChainProxy - Secured GET /rewards/status
2026-06-20 13:05:44 [http-nio-8080-exec-9] DEBUG org.springframework.security.web.FilterChainProxy - Securing POST /auth/login
2026-06-20 13:05:44 [http-nio-8080-exec-9] DEBUG org.springframework.security.web.authentication.AnonymousAuthenticationFilter - Set SecurityContextHolder to anonymous SecurityContext
2026-06-20 13:05:44 [http-nio-8080-exec-9] DEBUG org.springframework.security.web.FilterChainProxy - Secured POST /auth/login
2026-06-20 13:05:44 [http-nio-8080-exec-9] DEBUG org.springframework.security.authentication.dao.DaoAuthenticationProvider - Authenticated user
2026-06-20 13:05:44 [http-nio-8080-exec-10] DEBUG org.springframework.security.web.FilterChainProxy - Securing OPTIONS /users/findByPhone?phoneNumber=9840774661
2026-06-20 13:05:44 [http-nio-8080-exec-1] DEBUG org.springframework.security.web.FilterChainProxy - Securing GET /users/findByPhone?phoneNumber=9840774661
2026-06-20 13:05:44 [http-nio-8080-exec-1] DEBUG org.springframework.security.web.FilterChainProxy - Secured GET /users/findByPhone?phoneNumber=9840774661
2026-06-20 13:05:44 [http-nio-8080-exec-1] INFO  com.training.mts.aop.LoggingAspect - Entering method: UserServiceImpl.getUserByPhoneNumber(..) with arguments: [9840774661]
2026-06-20 13:05:44 [http-nio-8080-exec-1] INFO  com.training.mts.aop.LoggingAspect - Method executed successfully: UserServiceImpl.getUserByPhoneNumber(..) | Returned: User{id=6, name='Deepak', vpa=null}
2026-06-20 13:05:44 [http-nio-8080-exec-2] DEBUG org.springframework.security.web.FilterChainProxy - Securing OPTIONS /admin/getusers
2026-06-20 13:05:44 [http-nio-8080-exec-3] DEBUG org.springframework.security.web.FilterChainProxy - Securing OPTIONS /admin/gettranslog
2026-06-20 13:05:44 [http-nio-8080-exec-5] DEBUG org.springframework.security.web.FilterChainProxy - Securing GET /admin/getusers
2026-06-20 13:05:44 [http-nio-8080-exec-4] DEBUG org.springframework.security.web.FilterChainProxy - Securing GET /admin/gettranslog
2026-06-20 13:05:44 [http-nio-8080-exec-4] DEBUG org.springframework.security.web.FilterChainProxy - Secured GET /admin/gettranslog
2026-06-20 13:05:44 [http-nio-8080-exec-5] DEBUG org.springframework.security.web.FilterChainProxy - Secured GET /admin/getusers
2026-06-20 13:05:44 [http-nio-8080-exec-4] INFO  com.training.mts.aop.LoggingAspect - Entering method: AdminServiceImpl.getTransactionHistory() with arguments: []
2026-06-20 13:05:44 [http-nio-8080-exec-5] INFO  com.training.mts.aop.LoggingAspect - Entering method: AdminServiceImpl.findAll() with arguments: []
2026-06-20 13:05:44 [http-nio-8080-exec-5] INFO  com.training.mts.aop.LoggingAspect - Method executed successfully: AdminServiceImpl.findAll() | Returned: [User{id=1, name='Hari Keshav', vpa=com.training.mts.model.VPA@4758deb7}, User{id=2, name='Sowjen Meher', vpa=com.training.mts.model.VPA@55d5871a}, User{id=3, name='Nethra', vpa=com.training.mts.model.VPA@687667b9}, User{id=6, name='Deepak', vpa=null}]
2026-06-20 13:05:44 [http-nio-8080-exec-4] INFO  com.training.mts.aop.LoggingAspect - Method executed successfully: AdminServiceImpl.getTransactionHistory() | Returned: [com.training.mts.model.Transaction@4e90054e, com.training.mts.model.Transaction@76555c3f, com.training.mts.model.Transaction@58b929d6, com.training.mts.model.Transaction@f1c3a50, com.training.mts.model.Transaction@41e8f488, com.training.mts.model.Transaction@1d00ec2e]
2026-06-20 13:05:51 [http-nio-8080-exec-6] DEBUG org.springframework.security.web.FilterChainProxy - Securing GET /admin/getusers
2026-06-20 13:05:51 [http-nio-8080-exec-6] DEBUG org.springframework.security.web.FilterChainProxy - Secured GET /admin/getusers
2026-06-20 13:05:51 [http-nio-8080-exec-6] INFO  com.training.mts.aop.LoggingAspect - Entering method: AdminServiceImpl.findAll() with arguments: []
2026-06-20 13:05:51 [http-nio-8080-exec-6] INFO  com.training.mts.aop.LoggingAspect - Method executed successfully: AdminServiceImpl.findAll() | Returned: [User{id=1, name='Hari Keshav', vpa=com.training.mts.model.VPA@67f9a768}, User{id=2, name='Sowjen Meher', vpa=com.training.mts.model.VPA@427b6b54}, User{id=3, name='Nethra', vpa=com.training.mts.model.VPA@72b0332a}, User{id=6, name='Deepak', vpa=null}]
2026-06-20 13:05:59 [http-nio-8080-exec-7] DEBUG org.springframework.security.web.FilterChainProxy - Securing GET /users/findByPhone?phoneNumber=9840774661
2026-06-20 13:05:59 [http-nio-8080-exec-7] DEBUG org.springframework.security.web.FilterChainProxy - Secured GET /users/findByPhone?phoneNumber=9840774661
2026-06-20 13:05:59 [http-nio-8080-exec-7] INFO  com.training.mts.aop.LoggingAspect - Entering method: UserServiceImpl.getUserByPhoneNumber(..) with arguments: [9840774661]
2026-06-20 13:05:59 [http-nio-8080-exec-7] INFO  com.training.mts.aop.LoggingAspect - Method executed successfully: UserServiceImpl.getUserByPhoneNumber(..) | Returned: User{id=6, name='Deepak', vpa=null}
2026-06-20 13:05:59 [http-nio-8080-exec-8] DEBUG org.springframework.security.web.FilterChainProxy - Securing GET /admin/getusers
2026-06-20 13:05:59 [http-nio-8080-exec-8] DEBUG org.springframework.security.web.FilterChainProxy - Secured GET /admin/getusers
2026-06-20 13:05:59 [http-nio-8080-exec-8] INFO  com.training.mts.aop.LoggingAspect - Entering method: AdminServiceImpl.findAll() with arguments: []
2026-06-20 13:05:59 [http-nio-8080-exec-8] INFO  com.training.mts.aop.LoggingAspect - Method executed successfully: AdminServiceImpl.findAll() | Returned: [User{id=1, name='Hari Keshav', vpa=com.training.mts.model.VPA@4c4c0509}, User{id=2, name='Sowjen Meher', vpa=com.training.mts.model.VPA@24251d38}, User{id=3, name='Nethra', vpa=com.training.mts.model.VPA@623f4e85}, User{id=6, name='Deepak', vpa=null}]
2026-06-20 13:06:07 [SpringApplicationShutdownHook] INFO  org.springframework.boot.tomcat.GracefulShutdown - Commencing graceful shutdown. Waiting for active requests to complete
2026-06-20 13:06:07 [tomcat-shutdown] INFO  org.springframework.boot.tomcat.GracefulShutdown - Graceful shutdown complete
2026-06-20 13:06:07 [SpringApplicationShutdownHook] INFO  org.springframework.orm.jpa.LocalContainerEntityManagerFactoryBean - Closing JPA EntityManagerFactory for persistence unit 'default'
2026-06-20 13:06:07 [SpringApplicationShutdownHook] INFO  com.zaxxer.hikari.HikariDataSource - HikariPool-1 - Shutdown initiated...
2026-06-20 13:06:07 [SpringApplicationShutdownHook] INFO  com.zaxxer.hikari.HikariDataSource - HikariPool-1 - Shutdown completed.
2026-06-20 13:06:14 [background-preinit] INFO  org.hibernate.validator.internal.util.Version - HV000001: Hibernate Validator 9.0.1.Final
2026-06-20 13:06:14 [main] INFO  com.training.mts.MtsApplication - Starting MtsApplication using Java 21 with PID 23008 (D:\Fidelity\Projects\money-transfer-system-secondary\backend\mts\target\classes started by deepc in D:\Fidelity\Projects\money-transfer-system-secondary\backend\mts)
2026-06-20 13:06:14 [main] INFO  com.training.mts.MtsApplication - No active profile set, falling back to 1 default profile: "default"
2026-06-20 13:06:15 [main] INFO  org.springframework.data.repository.config.RepositoryConfigurationDelegate - Bootstrapping Spring Data JPA repositories in DEFAULT mode.
2026-06-20 13:06:15 [main] INFO  org.springframework.data.repository.config.RepositoryConfigurationDelegate - Finished Spring Data repository scanning in 83 ms. Found 5 JPA repository interfaces.
2026-06-20 13:06:16 [main] INFO  org.springframework.boot.tomcat.TomcatWebServer - Tomcat initialized with port 8080 (http)
2026-06-20 13:06:16 [main] INFO  org.apache.coyote.http11.Http11NioProtocol - Initializing ProtocolHandler ["http-nio-8080"]
2026-06-20 13:06:16 [main] INFO  org.apache.catalina.core.StandardService - Starting service [Tomcat]
2026-06-20 13:06:16 [main] INFO  org.apache.catalina.core.StandardEngine - Starting Servlet engine: [Apache Tomcat/11.0.15]
2026-06-20 13:06:16 [main] INFO  org.springframework.boot.web.context.servlet.WebApplicationContextInitializer - Root WebApplicationContext: initialization completed in 2789 ms
2026-06-20 13:06:17 [main] INFO  org.hibernate.orm.jpa - HHH008540: Processing PersistenceUnitInfo [name: default]
2026-06-20 13:06:17 [main] INFO  org.hibernate.orm.core - HHH000001: Hibernate ORM core version 7.2.1.Final
2026-06-20 13:06:18 [main] INFO  org.springframework.orm.jpa.persistenceunit.SpringPersistenceUnitInfo - No LoadTimeWeaver setup: ignoring JPA class transformer
2026-06-20 13:06:19 [main] INFO  com.zaxxer.hikari.HikariDataSource - HikariPool-1 - Starting...
2026-06-20 13:06:19 [main] INFO  com.zaxxer.hikari.pool.HikariPool - HikariPool-1 - Added connection com.mysql.cj.jdbc.ConnectionImpl@5342032a
2026-06-20 13:06:19 [main] INFO  com.zaxxer.hikari.HikariDataSource - HikariPool-1 - Start completed.
2026-06-20 13:06:19 [main] WARN  org.hibernate.orm.deprecation - HHH90000025: MySQLDialect does not need to be specified explicitly using 'hibernate.dialect' (remove the property setting and it will be selected by default)
2026-06-20 13:06:19 [main] INFO  org.hibernate.orm.connections.pooling - HHH10001005: Database info:
	Database JDBC URL [jdbc:mysql://localhost:3306/mts?createDatabaseIfNotExist=true]
	Database driver: MySQL Connector/J
	Database dialect: MySQLDialect
	Database version: 8.0.46
	Default catalog/schema: mts/undefined
	Autocommit mode: undefined/unknown
	Isolation level: REPEATABLE_READ [default REPEATABLE_READ]
	JDBC fetch size: none
	Pool: DataSourceConnectionProvider
	Minimum pool size: undefined/unknown
	Maximum pool size: undefined/unknown
2026-06-20 13:06:21 [main] INFO  org.hibernate.orm.core - HHH000489: No JTA platform available (set 'hibernate.transaction.jta.platform' to enable JTA platform integration)
2026-06-20 13:06:21 [main] INFO  org.springframework.orm.jpa.LocalContainerEntityManagerFactoryBean - Initialized JPA EntityManagerFactory for persistence unit 'default'
2026-06-20 13:06:22 [main] INFO  org.springframework.data.jpa.repository.query.QueryEnhancerFactories - Hibernate is in classpath; If applicable, HQL parser will be used.
2026-06-20 13:06:24 [main] INFO  org.springframework.security.config.annotation.authentication.configuration.InitializeUserDetailsBeanManagerConfigurer$InitializeUserDetailsManagerConfigurer - Global AuthenticationManager configured with UserDetailsService bean with name customUserDetailsService
2026-06-20 13:06:25 [main] WARN  org.springframework.boot.jpa.autoconfigure.JpaBaseConfiguration$JpaWebConfiguration - spring.jpa.open-in-view is enabled by default. Therefore, database queries may be performed during view rendering. Explicitly configure spring.jpa.open-in-view to disable this warning
2026-06-20 13:06:27 [main] DEBUG org.springframework.security.web.DefaultSecurityFilterChain - Will secure any request with filters: DisableEncodeUrlFilter, WebAsyncManagerIntegrationFilter, SecurityContextHolderFilter, HeaderWriterFilter, CorsFilter, LogoutFilter, JwtAuthenticationFilter, RequestCacheAwareFilter, SecurityContextHolderAwareRequestFilter, AnonymousAuthenticationFilter, SessionManagementFilter, ExceptionTranslationFilter, AuthorizationFilter
2026-06-20 13:06:29 [main] INFO  org.apache.coyote.http11.Http11NioProtocol - Starting ProtocolHandler ["http-nio-8080"]
2026-06-20 13:06:29 [main] INFO  org.springframework.boot.tomcat.TomcatWebServer - Tomcat started on port 8080 (http) with context path '/'
2026-06-20 13:06:29 [main] INFO  com.training.mts.MtsApplication - Started MtsApplication in 15.832 seconds (process running for 16.306)
2026-06-20 13:06:55 [http-nio-8080-exec-1] INFO  org.apache.catalina.core.ContainerBase.[Tomcat].[localhost].[/] - Initializing Spring DispatcherServlet 'dispatcherServlet'
2026-06-20 13:06:55 [http-nio-8080-exec-1] INFO  org.springframework.web.servlet.DispatcherServlet - Initializing Servlet 'dispatcherServlet'
2026-06-20 13:06:55 [http-nio-8080-exec-1] INFO  org.springframework.web.servlet.DispatcherServlet - Completed initialization in 1 ms
2026-06-20 13:06:55 [http-nio-8080-exec-1] DEBUG org.springframework.security.web.FilterChainProxy - Securing POST /auth/login
2026-06-20 13:06:55 [http-nio-8080-exec-1] WARN  org.springframework.web.servlet.handler.HandlerMappingIntrospector - Cache miss for REQUEST dispatch to '/auth/login' (previous null). Performing CorsConfiguration lookup. This is logged once only at WARN level, and every time at TRACE.
2026-06-20 13:06:55 [http-nio-8080-exec-1] DEBUG org.springframework.security.web.authentication.AnonymousAuthenticationFilter - Set SecurityContextHolder to anonymous SecurityContext
2026-06-20 13:06:55 [http-nio-8080-exec-1] DEBUG org.springframework.security.web.FilterChainProxy - Secured POST /auth/login
2026-06-20 13:06:57 [http-nio-8080-exec-1] DEBUG org.springframework.security.authentication.dao.DaoAuthenticationProvider - Authenticated user
2026-06-20 13:06:57 [http-nio-8080-exec-2] DEBUG org.springframework.security.web.FilterChainProxy - Securing GET /users/findByPhone?phoneNumber=9090909090
2026-06-20 13:06:57 [http-nio-8080-exec-2] DEBUG org.springframework.security.web.FilterChainProxy - Secured GET /users/findByPhone?phoneNumber=9090909090
2026-06-20 13:06:57 [http-nio-8080-exec-2] INFO  com.training.mts.aop.LoggingAspect - Entering method: UserServiceImpl.getUserByPhoneNumber(..) with arguments: [9090909090]
2026-06-20 13:06:57 [http-nio-8080-exec-2] INFO  com.training.mts.aop.LoggingAspect - Method executed successfully: UserServiceImpl.getUserByPhoneNumber(..) | Returned: User{id=2, name='Sowjen Meher', vpa=com.training.mts.model.VPA@42ca57a4}
2026-06-20 13:06:57 [http-nio-8080-exec-3] DEBUG org.springframework.security.web.FilterChainProxy - Securing GET /rewards/status
2026-06-20 13:06:57 [http-nio-8080-exec-3] DEBUG org.springframework.security.web.FilterChainProxy - Secured GET /rewards/status
2026-06-20 13:06:57 [http-nio-8080-exec-4] DEBUG org.springframework.security.web.FilterChainProxy - Securing GET /rewards/status
2026-06-20 13:06:57 [http-nio-8080-exec-4] DEBUG org.springframework.security.web.FilterChainProxy - Secured GET /rewards/status
2026-06-20 13:06:57 [http-nio-8080-exec-5] DEBUG org.springframework.security.web.FilterChainProxy - Securing GET /rewards/status
2026-06-20 13:06:57 [http-nio-8080-exec-5] DEBUG org.springframework.security.web.FilterChainProxy - Secured GET /rewards/status
2026-06-20 13:06:57 [http-nio-8080-exec-6] DEBUG org.springframework.security.web.FilterChainProxy - Securing GET /rewards/status
2026-06-20 13:06:57 [http-nio-8080-exec-6] DEBUG org.springframework.security.web.FilterChainProxy - Secured GET /rewards/status
2026-06-20 13:06:57 [http-nio-8080-exec-6] DEBUG org.springframework.security.web.FilterChainProxy - Securing GET /rewards/status
2026-06-20 13:06:57 [http-nio-8080-exec-6] DEBUG org.springframework.security.web.FilterChainProxy - Secured GET /rewards/status
2026-06-20 13:07:12 [http-nio-8080-exec-8] DEBUG org.springframework.security.web.FilterChainProxy - Securing GET /users/findByPhone?phoneNumber=9090909090
2026-06-20 13:07:12 [http-nio-8080-exec-8] DEBUG org.springframework.security.web.FilterChainProxy - Secured GET /users/findByPhone?phoneNumber=9090909090
2026-06-20 13:07:12 [http-nio-8080-exec-8] INFO  com.training.mts.aop.LoggingAspect - Entering method: UserServiceImpl.getUserByPhoneNumber(..) with arguments: [9090909090]
2026-06-20 13:07:12 [http-nio-8080-exec-8] INFO  com.training.mts.aop.LoggingAspect - Method executed successfully: UserServiceImpl.getUserByPhoneNumber(..) | Returned: User{id=2, name='Sowjen Meher', vpa=com.training.mts.model.VPA@50294bb3}
2026-06-20 13:07:12 [http-nio-8080-exec-9] DEBUG org.springframework.security.web.FilterChainProxy - Securing GET /rewards/status
2026-06-20 13:07:12 [http-nio-8080-exec-9] DEBUG org.springframework.security.web.FilterChainProxy - Secured GET /rewards/status
2026-06-20 13:07:12 [http-nio-8080-exec-10] DEBUG org.springframework.security.web.FilterChainProxy - Securing GET /rewards/status
2026-06-20 13:07:12 [http-nio-8080-exec-10] DEBUG org.springframework.security.web.FilterChainProxy - Secured GET /rewards/status
2026-06-20 13:07:12 [http-nio-8080-exec-1] DEBUG org.springframework.security.web.FilterChainProxy - Securing GET /rewards/status
2026-06-20 13:07:12 [http-nio-8080-exec-1] DEBUG org.springframework.security.web.FilterChainProxy - Secured GET /rewards/status
2026-06-20 13:09:37 [SpringApplicationShutdownHook] INFO  org.springframework.boot.tomcat.GracefulShutdown - Commencing graceful shutdown. Waiting for active requests to complete
2026-06-20 13:09:37 [tomcat-shutdown] INFO  org.springframework.boot.tomcat.GracefulShutdown - Graceful shutdown complete
2026-06-20 13:09:37 [SpringApplicationShutdownHook] INFO  org.springframework.orm.jpa.LocalContainerEntityManagerFactoryBean - Closing JPA EntityManagerFactory for persistence unit 'default'
2026-06-20 13:09:37 [SpringApplicationShutdownHook] INFO  com.zaxxer.hikari.HikariDataSource - HikariPool-1 - Shutdown initiated...
2026-06-20 13:09:37 [SpringApplicationShutdownHook] INFO  com.zaxxer.hikari.HikariDataSource - HikariPool-1 - Shutdown completed.
2026-06-20 13:09:41 [background-preinit] INFO  org.hibernate.validator.internal.util.Version - HV000001: Hibernate Validator 9.0.1.Final
2026-06-20 13:09:41 [main] INFO  com.training.mts.MtsApplication - Starting MtsApplication using Java 21 with PID 33320 (D:\Fidelity\Projects\money-transfer-system-secondary\backend\mts\target\classes started by deepc in D:\Fidelity\Projects\money-transfer-system-secondary\backend\mts)
2026-06-20 13:09:41 [main] INFO  com.training.mts.MtsApplication - No active profile set, falling back to 1 default profile: "default"
2026-06-20 13:09:42 [main] INFO  org.springframework.data.repository.config.RepositoryConfigurationDelegate - Bootstrapping Spring Data JPA repositories in DEFAULT mode.
2026-06-20 13:09:42 [main] INFO  org.springframework.data.repository.config.RepositoryConfigurationDelegate - Finished Spring Data repository scanning in 66 ms. Found 5 JPA repository interfaces.
2026-06-20 13:09:43 [main] INFO  org.springframework.boot.tomcat.TomcatWebServer - Tomcat initialized with port 8080 (http)
2026-06-20 13:09:43 [main] INFO  org.apache.coyote.http11.Http11NioProtocol - Initializing ProtocolHandler ["http-nio-8080"]
2026-06-20 13:09:43 [main] INFO  org.apache.catalina.core.StandardService - Starting service [Tomcat]
2026-06-20 13:09:43 [main] INFO  org.apache.catalina.core.StandardEngine - Starting Servlet engine: [Apache Tomcat/11.0.15]
2026-06-20 13:09:43 [main] INFO  org.springframework.boot.web.context.servlet.WebApplicationContextInitializer - Root WebApplicationContext: initialization completed in 2081 ms
2026-06-20 13:09:43 [main] INFO  org.hibernate.orm.jpa - HHH008540: Processing PersistenceUnitInfo [name: default]
2026-06-20 13:09:43 [main] INFO  org.hibernate.orm.core - HHH000001: Hibernate ORM core version 7.2.1.Final
2026-06-20 13:09:44 [main] INFO  org.springframework.orm.jpa.persistenceunit.SpringPersistenceUnitInfo - No LoadTimeWeaver setup: ignoring JPA class transformer
2026-06-20 13:09:44 [main] INFO  com.zaxxer.hikari.HikariDataSource - HikariPool-1 - Starting...
2026-06-20 13:09:44 [main] INFO  com.zaxxer.hikari.pool.HikariPool - HikariPool-1 - Added connection com.mysql.cj.jdbc.ConnectionImpl@6ba226cd
2026-06-20 13:09:44 [main] INFO  com.zaxxer.hikari.HikariDataSource - HikariPool-1 - Start completed.
2026-06-20 13:09:44 [main] WARN  org.hibernate.orm.deprecation - HHH90000025: MySQLDialect does not need to be specified explicitly using 'hibernate.dialect' (remove the property setting and it will be selected by default)
2026-06-20 13:09:44 [main] INFO  org.hibernate.orm.connections.pooling - HHH10001005: Database info:
	Database JDBC URL [jdbc:mysql://localhost:3306/mts?createDatabaseIfNotExist=true]
	Database driver: MySQL Connector/J
	Database dialect: MySQLDialect
	Database version: 8.0.46
	Default catalog/schema: mts/undefined
	Autocommit mode: undefined/unknown
	Isolation level: REPEATABLE_READ [default REPEATABLE_READ]
	JDBC fetch size: none
	Pool: DataSourceConnectionProvider
	Minimum pool size: undefined/unknown
	Maximum pool size: undefined/unknown
2026-06-20 13:09:45 [main] INFO  org.hibernate.orm.core - HHH000489: No JTA platform available (set 'hibernate.transaction.jta.platform' to enable JTA platform integration)
2026-06-20 13:09:45 [main] INFO  org.springframework.orm.jpa.LocalContainerEntityManagerFactoryBean - Initialized JPA EntityManagerFactory for persistence unit 'default'
2026-06-20 13:09:45 [main] INFO  org.springframework.data.jpa.repository.query.QueryEnhancerFactories - Hibernate is in classpath; If applicable, HQL parser will be used.
2026-06-20 13:09:46 [main] INFO  org.springframework.security.config.annotation.authentication.configuration.InitializeUserDetailsBeanManagerConfigurer$InitializeUserDetailsManagerConfigurer - Global AuthenticationManager configured with UserDetailsService bean with name customUserDetailsService
2026-06-20 13:09:46 [main] WARN  org.springframework.boot.jpa.autoconfigure.JpaBaseConfiguration$JpaWebConfiguration - spring.jpa.open-in-view is enabled by default. Therefore, database queries may be performed during view rendering. Explicitly configure spring.jpa.open-in-view to disable this warning
2026-06-20 13:09:47 [main] DEBUG org.springframework.security.web.DefaultSecurityFilterChain - Will secure any request with filters: DisableEncodeUrlFilter, WebAsyncManagerIntegrationFilter, SecurityContextHolderFilter, HeaderWriterFilter, CorsFilter, LogoutFilter, JwtAuthenticationFilter, RequestCacheAwareFilter, SecurityContextHolderAwareRequestFilter, AnonymousAuthenticationFilter, SessionManagementFilter, ExceptionTranslationFilter, AuthorizationFilter
2026-06-20 13:09:48 [main] INFO  org.apache.coyote.http11.Http11NioProtocol - Starting ProtocolHandler ["http-nio-8080"]
2026-06-20 13:09:48 [main] INFO  org.springframework.boot.tomcat.TomcatWebServer - Tomcat started on port 8080 (http) with context path '/'
2026-06-20 13:09:48 [main] INFO  com.training.mts.MtsApplication - Started MtsApplication in 7.243 seconds (process running for 7.729)
2026-06-20 13:11:24 [http-nio-8080-exec-1] INFO  org.apache.catalina.core.ContainerBase.[Tomcat].[localhost].[/] - Initializing Spring DispatcherServlet 'dispatcherServlet'
2026-06-20 13:11:24 [http-nio-8080-exec-1] INFO  org.springframework.web.servlet.DispatcherServlet - Initializing Servlet 'dispatcherServlet'
2026-06-20 13:11:24 [http-nio-8080-exec-1] INFO  org.springframework.web.servlet.DispatcherServlet - Completed initialization in 3 ms
2026-06-20 13:11:24 [http-nio-8080-exec-1] DEBUG org.springframework.security.web.FilterChainProxy - Securing GET /users/findByPhone?phoneNumber=9090909090
2026-06-20 13:11:24 [http-nio-8080-exec-1] WARN  org.springframework.web.servlet.handler.HandlerMappingIntrospector - Cache miss for REQUEST dispatch to '/users/findByPhone' (previous null). Performing CorsConfiguration lookup. This is logged once only at WARN level, and every time at TRACE.
2026-06-20 13:11:25 [http-nio-8080-exec-1] DEBUG org.springframework.security.web.FilterChainProxy - Secured GET /users/findByPhone?phoneNumber=9090909090
2026-06-20 13:11:25 [http-nio-8080-exec-1] INFO  com.training.mts.aop.LoggingAspect - Entering method: UserServiceImpl.getUserByPhoneNumber(..) with arguments: [9090909090]
2026-06-20 13:11:25 [http-nio-8080-exec-1] INFO  com.training.mts.aop.LoggingAspect - Method executed successfully: UserServiceImpl.getUserByPhoneNumber(..) | Returned: User{id=2, name='Sowjen Meher', vpa=com.training.mts.model.VPA@34ea0f1f}
2026-06-20 13:11:25 [http-nio-8080-exec-2] DEBUG org.springframework.security.web.FilterChainProxy - Securing GET /rewards/status
2026-06-20 13:11:25 [http-nio-8080-exec-2] DEBUG org.springframework.security.web.FilterChainProxy - Secured GET /rewards/status
2026-06-20 13:11:25 [http-nio-8080-exec-3] DEBUG org.springframework.security.web.FilterChainProxy - Securing GET /rewards/status
2026-06-20 13:11:25 [http-nio-8080-exec-3] DEBUG org.springframework.security.web.FilterChainProxy - Secured GET /rewards/status
2026-06-20 13:11:25 [http-nio-8080-exec-3] DEBUG org.springframework.security.web.FilterChainProxy - Securing GET /rewards/status
2026-06-20 13:11:25 [http-nio-8080-exec-3] DEBUG org.springframework.security.web.FilterChainProxy - Secured GET /rewards/status
2026-06-20 13:11:42 [http-nio-8080-exec-5] DEBUG org.springframework.security.web.FilterChainProxy - Securing POST /auth/login
2026-06-20 13:11:42 [http-nio-8080-exec-5] DEBUG org.springframework.security.web.authentication.AnonymousAuthenticationFilter - Set SecurityContextHolder to anonymous SecurityContext
2026-06-20 13:11:42 [http-nio-8080-exec-5] DEBUG org.springframework.security.web.FilterChainProxy - Secured POST /auth/login
2026-06-20 13:11:42 [http-nio-8080-exec-5] DEBUG org.springframework.security.authentication.dao.DaoAuthenticationProvider - Authenticated user
2026-06-20 13:11:42 [http-nio-8080-exec-6] DEBUG org.springframework.security.web.FilterChainProxy - Securing GET /users/findByPhone?phoneNumber=9090909090
2026-06-20 13:11:42 [http-nio-8080-exec-6] DEBUG org.springframework.security.web.FilterChainProxy - Secured GET /users/findByPhone?phoneNumber=9090909090
2026-06-20 13:11:42 [http-nio-8080-exec-6] INFO  com.training.mts.aop.LoggingAspect - Entering method: UserServiceImpl.getUserByPhoneNumber(..) with arguments: [9090909090]
2026-06-20 13:11:42 [http-nio-8080-exec-6] INFO  com.training.mts.aop.LoggingAspect - Method executed successfully: UserServiceImpl.getUserByPhoneNumber(..) | Returned: User{id=2, name='Sowjen Meher', vpa=com.training.mts.model.VPA@51de1674}
2026-06-20 13:11:42 [http-nio-8080-exec-7] DEBUG org.springframework.security.web.FilterChainProxy - Securing GET /rewards/status
2026-06-20 13:11:42 [http-nio-8080-exec-7] DEBUG org.springframework.security.web.FilterChainProxy - Secured GET /rewards/status
2026-06-20 13:11:42 [http-nio-8080-exec-8] DEBUG org.springframework.security.web.FilterChainProxy - Securing GET /rewards/status
2026-06-20 13:11:42 [http-nio-8080-exec-8] DEBUG org.springframework.security.web.FilterChainProxy - Secured GET /rewards/status
2026-06-20 13:11:42 [http-nio-8080-exec-9] DEBUG org.springframework.security.web.FilterChainProxy - Securing GET /rewards/status
2026-06-20 13:11:42 [http-nio-8080-exec-9] DEBUG org.springframework.security.web.FilterChainProxy - Secured GET /rewards/status
2026-06-20 13:11:42 [http-nio-8080-exec-10] DEBUG org.springframework.security.web.FilterChainProxy - Securing GET /rewards/status
2026-06-20 13:11:42 [http-nio-8080-exec-10] DEBUG org.springframework.security.web.FilterChainProxy - Secured GET /rewards/status
2026-06-20 13:11:57 [http-nio-8080-exec-1] DEBUG org.springframework.security.web.FilterChainProxy - Securing GET /users/findByPhone?phoneNumber=9090909090
2026-06-20 13:11:57 [http-nio-8080-exec-1] DEBUG org.springframework.security.web.FilterChainProxy - Secured GET /users/findByPhone?phoneNumber=9090909090
2026-06-20 13:11:57 [http-nio-8080-exec-1] INFO  com.training.mts.aop.LoggingAspect - Entering method: UserServiceImpl.getUserByPhoneNumber(..) with arguments: [9090909090]
2026-06-20 13:11:57 [http-nio-8080-exec-1] INFO  com.training.mts.aop.LoggingAspect - Method executed successfully: UserServiceImpl.getUserByPhoneNumber(..) | Returned: User{id=2, name='Sowjen Meher', vpa=com.training.mts.model.VPA@6b8ccd24}
2026-06-20 13:11:57 [http-nio-8080-exec-2] DEBUG org.springframework.security.web.FilterChainProxy - Securing GET /rewards/status
2026-06-20 13:11:57 [http-nio-8080-exec-2] DEBUG org.springframework.security.web.FilterChainProxy - Secured GET /rewards/status
2026-06-20 13:11:57 [http-nio-8080-exec-4] DEBUG org.springframework.security.web.FilterChainProxy - Securing GET /rewards/status
2026-06-20 13:11:57 [http-nio-8080-exec-4] DEBUG org.springframework.security.web.FilterChainProxy - Secured GET /rewards/status
2026-06-20 13:11:57 [http-nio-8080-exec-3] DEBUG org.springframework.security.web.FilterChainProxy - Securing GET /rewards/status
2026-06-20 13:11:57 [http-nio-8080-exec-3] DEBUG org.springframework.security.web.FilterChainProxy - Secured GET /rewards/status
2026-06-20 13:14:21 [SpringApplicationShutdownHook] INFO  org.springframework.boot.tomcat.GracefulShutdown - Commencing graceful shutdown. Waiting for active requests to complete
2026-06-20 13:14:21 [tomcat-shutdown] INFO  org.springframework.boot.tomcat.GracefulShutdown - Graceful shutdown complete
2026-06-20 13:14:21 [SpringApplicationShutdownHook] INFO  org.springframework.orm.jpa.LocalContainerEntityManagerFactoryBean - Closing JPA EntityManagerFactory for persistence unit 'default'
2026-06-20 13:14:21 [SpringApplicationShutdownHook] INFO  com.zaxxer.hikari.HikariDataSource - HikariPool-1 - Shutdown initiated...
2026-06-20 13:14:21 [SpringApplicationShutdownHook] INFO  com.zaxxer.hikari.HikariDataSource - HikariPool-1 - Shutdown completed.
2026-06-20 13:14:25 [background-preinit] INFO  org.hibernate.validator.internal.util.Version - HV000001: Hibernate Validator 9.0.1.Final
2026-06-20 13:14:25 [main] INFO  com.training.mts.MtsApplication - Starting MtsApplication using Java 21 with PID 13992 (D:\Fidelity\Projects\money-transfer-system-secondary\backend\mts\target\classes started by deepc in D:\Fidelity\Projects\money-transfer-system-secondary\backend\mts)
2026-06-20 13:14:25 [main] INFO  com.training.mts.MtsApplication - No active profile set, falling back to 1 default profile: "default"
2026-06-20 13:14:26 [main] INFO  org.springframework.data.repository.config.RepositoryConfigurationDelegate - Bootstrapping Spring Data JPA repositories in DEFAULT mode.
2026-06-20 13:14:26 [main] INFO  org.springframework.data.repository.config.RepositoryConfigurationDelegate - Finished Spring Data repository scanning in 69 ms. Found 5 JPA repository interfaces.
2026-06-20 13:14:27 [main] INFO  org.springframework.boot.tomcat.TomcatWebServer - Tomcat initialized with port 8080 (http)
2026-06-20 13:14:27 [main] INFO  org.apache.coyote.http11.Http11NioProtocol - Initializing ProtocolHandler ["http-nio-8080"]
2026-06-20 13:14:27 [main] INFO  org.apache.catalina.core.StandardService - Starting service [Tomcat]
2026-06-20 13:14:27 [main] INFO  org.apache.catalina.core.StandardEngine - Starting Servlet engine: [Apache Tomcat/11.0.15]
2026-06-20 13:14:27 [main] INFO  org.springframework.boot.web.context.servlet.WebApplicationContextInitializer - Root WebApplicationContext: initialization completed in 2026 ms
2026-06-20 13:14:27 [main] INFO  org.hibernate.orm.jpa - HHH008540: Processing PersistenceUnitInfo [name: default]
2026-06-20 13:14:27 [main] INFO  org.hibernate.orm.core - HHH000001: Hibernate ORM core version 7.2.1.Final
2026-06-20 13:14:28 [main] INFO  org.springframework.orm.jpa.persistenceunit.SpringPersistenceUnitInfo - No LoadTimeWeaver setup: ignoring JPA class transformer
2026-06-20 13:14:28 [main] INFO  com.zaxxer.hikari.HikariDataSource - HikariPool-1 - Starting...
2026-06-20 13:14:28 [main] INFO  com.zaxxer.hikari.pool.HikariPool - HikariPool-1 - Added connection com.mysql.cj.jdbc.ConnectionImpl@5a35ae82
2026-06-20 13:14:28 [main] INFO  com.zaxxer.hikari.HikariDataSource - HikariPool-1 - Start completed.
2026-06-20 13:14:28 [main] WARN  org.hibernate.orm.deprecation - HHH90000025: MySQLDialect does not need to be specified explicitly using 'hibernate.dialect' (remove the property setting and it will be selected by default)
2026-06-20 13:14:29 [main] INFO  org.hibernate.orm.connections.pooling - HHH10001005: Database info:
	Database JDBC URL [jdbc:mysql://localhost:3306/mts?createDatabaseIfNotExist=true]
	Database driver: MySQL Connector/J
	Database dialect: MySQLDialect
	Database version: 8.0.46
	Default catalog/schema: mts/undefined
	Autocommit mode: undefined/unknown
	Isolation level: REPEATABLE_READ [default REPEATABLE_READ]
	JDBC fetch size: none
	Pool: DataSourceConnectionProvider
	Minimum pool size: undefined/unknown
	Maximum pool size: undefined/unknown
2026-06-20 13:14:30 [main] INFO  org.hibernate.orm.core - HHH000489: No JTA platform available (set 'hibernate.transaction.jta.platform' to enable JTA platform integration)
2026-06-20 13:14:30 [main] INFO  org.springframework.orm.jpa.LocalContainerEntityManagerFactoryBean - Initialized JPA EntityManagerFactory for persistence unit 'default'
2026-06-20 13:14:30 [main] INFO  org.springframework.data.jpa.repository.query.QueryEnhancerFactories - Hibernate is in classpath; If applicable, HQL parser will be used.
2026-06-20 13:14:30 [main] INFO  org.springframework.security.config.annotation.authentication.configuration.InitializeUserDetailsBeanManagerConfigurer$InitializeUserDetailsManagerConfigurer - Global AuthenticationManager configured with UserDetailsService bean with name customUserDetailsService
2026-06-20 13:14:31 [main] WARN  org.springframework.boot.jpa.autoconfigure.JpaBaseConfiguration$JpaWebConfiguration - spring.jpa.open-in-view is enabled by default. Therefore, database queries may be performed during view rendering. Explicitly configure spring.jpa.open-in-view to disable this warning
2026-06-20 13:14:32 [main] DEBUG org.springframework.security.web.DefaultSecurityFilterChain - Will secure any request with filters: DisableEncodeUrlFilter, WebAsyncManagerIntegrationFilter, SecurityContextHolderFilter, HeaderWriterFilter, CorsFilter, LogoutFilter, JwtAuthenticationFilter, RequestCacheAwareFilter, SecurityContextHolderAwareRequestFilter, AnonymousAuthenticationFilter, SessionManagementFilter, ExceptionTranslationFilter, AuthorizationFilter
2026-06-20 13:14:33 [main] INFO  org.apache.coyote.http11.Http11NioProtocol - Starting ProtocolHandler ["http-nio-8080"]
2026-06-20 13:14:33 [main] INFO  org.springframework.boot.tomcat.TomcatWebServer - Tomcat started on port 8080 (http) with context path '/'
2026-06-20 13:14:33 [main] INFO  com.training.mts.MtsApplication - Started MtsApplication in 8.517 seconds (process running for 8.968)
2026-06-20 13:16:12 [http-nio-8080-exec-1] INFO  org.apache.catalina.core.ContainerBase.[Tomcat].[localhost].[/] - Initializing Spring DispatcherServlet 'dispatcherServlet'
2026-06-20 13:16:12 [http-nio-8080-exec-1] INFO  org.springframework.web.servlet.DispatcherServlet - Initializing Servlet 'dispatcherServlet'
2026-06-20 13:16:12 [http-nio-8080-exec-1] INFO  org.springframework.web.servlet.DispatcherServlet - Completed initialization in 2 ms
2026-06-20 13:16:12 [http-nio-8080-exec-1] DEBUG org.springframework.security.web.FilterChainProxy - Securing GET /users/findByPhone?phoneNumber=9090909090
2026-06-20 13:16:12 [http-nio-8080-exec-1] WARN  org.springframework.web.servlet.handler.HandlerMappingIntrospector - Cache miss for REQUEST dispatch to '/users/findByPhone' (previous null). Performing CorsConfiguration lookup. This is logged once only at WARN level, and every time at TRACE.
2026-06-20 13:16:14 [http-nio-8080-exec-1] DEBUG org.springframework.security.web.FilterChainProxy - Secured GET /users/findByPhone?phoneNumber=9090909090
2026-06-20 13:16:14 [http-nio-8080-exec-1] INFO  com.training.mts.aop.LoggingAspect - Entering method: UserServiceImpl.getUserByPhoneNumber(..) with arguments: [9090909090]
2026-06-20 13:16:14 [http-nio-8080-exec-1] INFO  com.training.mts.aop.LoggingAspect - Method executed successfully: UserServiceImpl.getUserByPhoneNumber(..) | Returned: User{id=2, name='Sowjen Meher', vpa=com.training.mts.model.VPA@374b586b}
2026-06-20 13:16:14 [http-nio-8080-exec-2] DEBUG org.springframework.security.web.FilterChainProxy - Securing GET /rewards/status
2026-06-20 13:16:14 [http-nio-8080-exec-2] DEBUG org.springframework.security.web.FilterChainProxy - Secured GET /rewards/status
2026-06-20 13:16:14 [http-nio-8080-exec-3] DEBUG org.springframework.security.web.FilterChainProxy - Securing GET /transactions/gettranslog?vpaId=sowjenmeher1290902@mts
2026-06-20 13:16:14 [http-nio-8080-exec-3] DEBUG org.springframework.security.web.FilterChainProxy - Secured GET /transactions/gettranslog?vpaId=sowjenmeher1290902@mts
2026-06-20 13:16:14 [http-nio-8080-exec-3] INFO  com.training.mts.aop.LoggingAspect - Entering method: TransactionServiceImpl.getTransactionHistory(..) with arguments: [sowjenmeher1290902@mts]
2026-06-20 13:16:14 [http-nio-8080-exec-4] DEBUG org.springframework.security.web.FilterChainProxy - Securing GET /rewards/status
2026-06-20 13:16:14 [http-nio-8080-exec-4] DEBUG org.springframework.security.web.FilterChainProxy - Secured GET /rewards/status
2026-06-20 13:16:14 [http-nio-8080-exec-5] DEBUG org.springframework.security.web.FilterChainProxy - Securing GET /rewards/status
2026-06-20 13:16:14 [http-nio-8080-exec-5] DEBUG org.springframework.security.web.FilterChainProxy - Secured GET /rewards/status
2026-06-20 13:16:14 [http-nio-8080-exec-3] INFO  com.training.mts.aop.LoggingAspect - Method executed successfully: TransactionServiceImpl.getTransactionHistory(..) | Returned: com.training.mts.dto.TransactionHistoryResponse@19c67d6
2026-06-20 13:16:21 [http-nio-8080-exec-6] DEBUG org.springframework.security.web.FilterChainProxy - Securing GET /users/findByPhone?phoneNumber=9090909090
2026-06-20 13:16:21 [http-nio-8080-exec-6] DEBUG org.springframework.security.web.FilterChainProxy - Secured GET /users/findByPhone?phoneNumber=9090909090
2026-06-20 13:16:21 [http-nio-8080-exec-6] INFO  com.training.mts.aop.LoggingAspect - Entering method: UserServiceImpl.getUserByPhoneNumber(..) with arguments: [9090909090]
2026-06-20 13:16:21 [http-nio-8080-exec-6] INFO  com.training.mts.aop.LoggingAspect - Method executed successfully: UserServiceImpl.getUserByPhoneNumber(..) | Returned: User{id=2, name='Sowjen Meher', vpa=com.training.mts.model.VPA@2c87a6}
2026-06-20 13:16:21 [http-nio-8080-exec-7] DEBUG org.springframework.security.web.FilterChainProxy - Securing GET /rewards/status
2026-06-20 13:16:21 [http-nio-8080-exec-8] DEBUG org.springframework.security.web.FilterChainProxy - Securing GET /transactions/gettranslog?vpaId=sowjenmeher1290902@mts
2026-06-20 13:16:21 [http-nio-8080-exec-7] DEBUG org.springframework.security.web.FilterChainProxy - Secured GET /rewards/status
2026-06-20 13:16:21 [http-nio-8080-exec-8] DEBUG org.springframework.security.web.FilterChainProxy - Secured GET /transactions/gettranslog?vpaId=sowjenmeher1290902@mts
2026-06-20 13:16:21 [http-nio-8080-exec-8] INFO  com.training.mts.aop.LoggingAspect - Entering method: TransactionServiceImpl.getTransactionHistory(..) with arguments: [sowjenmeher1290902@mts]
2026-06-20 13:16:21 [http-nio-8080-exec-9] DEBUG org.springframework.security.web.FilterChainProxy - Securing GET /rewards/status
2026-06-20 13:16:21 [http-nio-8080-exec-9] DEBUG org.springframework.security.web.FilterChainProxy - Secured GET /rewards/status
2026-06-20 13:16:21 [http-nio-8080-exec-8] INFO  com.training.mts.aop.LoggingAspect - Method executed successfully: TransactionServiceImpl.getTransactionHistory(..) | Returned: com.training.mts.dto.TransactionHistoryResponse@64d4d5e6
2026-06-20 13:16:21 [http-nio-8080-exec-10] DEBUG org.springframework.security.web.FilterChainProxy - Securing GET /rewards/status
2026-06-20 13:16:21 [http-nio-8080-exec-10] DEBUG org.springframework.security.web.FilterChainProxy - Secured GET /rewards/status
2026-06-20 13:53:12 [HikariPool-1:housekeeper] WARN  com.zaxxer.hikari.pool.HikariPool - HikariPool-1 - Thread starvation or clock leap detected (housekeeper delta=33m13s336ms409µs700ns).
2026-06-20 13:53:44 [http-nio-8080-exec-5] DEBUG org.springframework.security.web.FilterChainProxy - Securing OPTIONS /auth/login
2026-06-20 13:53:44 [http-nio-8080-exec-3] DEBUG org.springframework.security.web.FilterChainProxy - Securing POST /auth/login
2026-06-20 13:53:44 [http-nio-8080-exec-3] DEBUG org.springframework.security.web.authentication.AnonymousAuthenticationFilter - Set SecurityContextHolder to anonymous SecurityContext
2026-06-20 13:53:44 [http-nio-8080-exec-3] DEBUG org.springframework.security.web.FilterChainProxy - Secured POST /auth/login
2026-06-20 13:53:45 [http-nio-8080-exec-3] DEBUG org.springframework.security.authentication.dao.DaoAuthenticationProvider - Authenticated user
2026-06-20 13:53:45 [http-nio-8080-exec-6] DEBUG org.springframework.security.web.FilterChainProxy - Securing OPTIONS /users/findByPhone?phoneNumber=9090909090
2026-06-20 13:53:45 [http-nio-8080-exec-7] DEBUG org.springframework.security.web.FilterChainProxy - Securing GET /users/findByPhone?phoneNumber=9090909090
2026-06-20 13:53:45 [http-nio-8080-exec-7] DEBUG org.springframework.security.web.FilterChainProxy - Secured GET /users/findByPhone?phoneNumber=9090909090
2026-06-20 13:53:45 [http-nio-8080-exec-7] INFO  com.training.mts.aop.LoggingAspect - Entering method: UserServiceImpl.getUserByPhoneNumber(..) with arguments: [9090909090]
2026-06-20 13:53:45 [http-nio-8080-exec-7] INFO  com.training.mts.aop.LoggingAspect - Method executed successfully: UserServiceImpl.getUserByPhoneNumber(..) | Returned: User{id=2, name='Sowjen Meher', vpa=com.training.mts.model.VPA@6d3bf7c}
2026-06-20 13:53:45 [http-nio-8080-exec-8] DEBUG org.springframework.security.web.FilterChainProxy - Securing OPTIONS /rewards/status
2026-06-20 13:53:45 [http-nio-8080-exec-9] DEBUG org.springframework.security.web.FilterChainProxy - Securing GET /rewards/status
2026-06-20 13:53:45 [http-nio-8080-exec-10] DEBUG org.springframework.security.web.FilterChainProxy - Securing OPTIONS /transactions/gettranslog?vpaId=sowjenmeher1290902@mts
2026-06-20 13:53:45 [http-nio-8080-exec-2] DEBUG org.springframework.security.web.FilterChainProxy - Securing GET /transactions/gettranslog?vpaId=sowjenmeher1290902@mts
2026-06-20 13:53:45 [http-nio-8080-exec-9] DEBUG org.springframework.security.web.FilterChainProxy - Secured GET /rewards/status
2026-06-20 13:53:45 [http-nio-8080-exec-2] DEBUG org.springframework.security.web.FilterChainProxy - Secured GET /transactions/gettranslog?vpaId=sowjenmeher1290902@mts
2026-06-20 13:53:45 [http-nio-8080-exec-2] INFO  com.training.mts.aop.LoggingAspect - Entering method: TransactionServiceImpl.getTransactionHistory(..) with arguments: [sowjenmeher1290902@mts]
2026-06-20 13:53:45 [http-nio-8080-exec-1] DEBUG org.springframework.security.web.FilterChainProxy - Securing GET /rewards/status
2026-06-20 13:53:45 [http-nio-8080-exec-1] DEBUG org.springframework.security.web.FilterChainProxy - Secured GET /rewards/status
2026-06-20 13:53:45 [http-nio-8080-exec-2] INFO  com.training.mts.aop.LoggingAspect - Method executed successfully: TransactionServiceImpl.getTransactionHistory(..) | Returned: com.training.mts.dto.TransactionHistoryResponse@4a37929d
2026-06-20 13:53:45 [http-nio-8080-exec-4] DEBUG org.springframework.security.web.FilterChainProxy - Securing GET /rewards/status
2026-06-20 13:53:45 [http-nio-8080-exec-4] DEBUG org.springframework.security.web.FilterChainProxy - Secured GET /rewards/status
2026-06-20 13:57:39 [SpringApplicationShutdownHook] INFO  org.springframework.boot.tomcat.GracefulShutdown - Commencing graceful shutdown. Waiting for active requests to complete
2026-06-20 13:57:39 [tomcat-shutdown] INFO  org.springframework.boot.tomcat.GracefulShutdown - Graceful shutdown complete
2026-06-20 13:57:39 [SpringApplicationShutdownHook] INFO  org.springframework.orm.jpa.LocalContainerEntityManagerFactoryBean - Closing JPA EntityManagerFactory for persistence unit 'default'
2026-06-20 13:57:39 [SpringApplicationShutdownHook] INFO  com.zaxxer.hikari.HikariDataSource - HikariPool-1 - Shutdown initiated...
2026-06-20 13:57:39 [SpringApplicationShutdownHook] INFO  com.zaxxer.hikari.HikariDataSource - HikariPool-1 - Shutdown completed.
2026-06-20 13:57:43 [background-preinit] INFO  org.hibernate.validator.internal.util.Version - HV000001: Hibernate Validator 9.0.1.Final
2026-06-20 13:57:43 [main] INFO  com.training.mts.MtsApplication - Starting MtsApplication using Java 21 with PID 39356 (D:\Fidelity\Projects\money-transfer-system-secondary\backend\mts\target\classes started by deepc in D:\Fidelity\Projects\money-transfer-system-secondary\backend\mts)
2026-06-20 13:57:43 [main] INFO  com.training.mts.MtsApplication - No active profile set, falling back to 1 default profile: "default"
2026-06-20 13:57:44 [main] INFO  org.springframework.data.repository.config.RepositoryConfigurationDelegate - Bootstrapping Spring Data JPA repositories in DEFAULT mode.
2026-06-20 13:57:44 [main] INFO  org.springframework.data.repository.config.RepositoryConfigurationDelegate - Finished Spring Data repository scanning in 70 ms. Found 5 JPA repository interfaces.
2026-06-20 13:57:45 [main] INFO  org.springframework.boot.tomcat.TomcatWebServer - Tomcat initialized with port 8080 (http)
2026-06-20 13:57:45 [main] INFO  org.apache.coyote.http11.Http11NioProtocol - Initializing ProtocolHandler ["http-nio-8080"]
2026-06-20 13:57:45 [main] INFO  org.apache.catalina.core.StandardService - Starting service [Tomcat]
2026-06-20 13:57:45 [main] INFO  org.apache.catalina.core.StandardEngine - Starting Servlet engine: [Apache Tomcat/11.0.15]
2026-06-20 13:57:45 [main] INFO  org.springframework.boot.web.context.servlet.WebApplicationContextInitializer - Root WebApplicationContext: initialization completed in 1875 ms
2026-06-20 13:57:45 [main] INFO  org.hibernate.orm.jpa - HHH008540: Processing PersistenceUnitInfo [name: default]
2026-06-20 13:57:45 [main] INFO  org.hibernate.orm.core - HHH000001: Hibernate ORM core version 7.2.1.Final
2026-06-20 13:57:46 [main] INFO  org.springframework.orm.jpa.persistenceunit.SpringPersistenceUnitInfo - No LoadTimeWeaver setup: ignoring JPA class transformer
2026-06-20 13:57:46 [main] INFO  com.zaxxer.hikari.HikariDataSource - HikariPool-1 - Starting...
2026-06-20 13:57:46 [main] INFO  com.zaxxer.hikari.pool.HikariPool - HikariPool-1 - Added connection com.mysql.cj.jdbc.ConnectionImpl@20a9fb01
2026-06-20 13:57:46 [main] INFO  com.zaxxer.hikari.HikariDataSource - HikariPool-1 - Start completed.
2026-06-20 13:57:46 [main] WARN  org.hibernate.orm.deprecation - HHH90000025: MySQLDialect does not need to be specified explicitly using 'hibernate.dialect' (remove the property setting and it will be selected by default)
2026-06-20 13:57:46 [main] INFO  org.hibernate.orm.connections.pooling - HHH10001005: Database info:
	Database JDBC URL [jdbc:mysql://localhost:3306/mts?createDatabaseIfNotExist=true]
	Database driver: MySQL Connector/J
	Database dialect: MySQLDialect
	Database version: 8.0.46
	Default catalog/schema: mts/undefined
	Autocommit mode: undefined/unknown
	Isolation level: REPEATABLE_READ [default REPEATABLE_READ]
	JDBC fetch size: none
	Pool: DataSourceConnectionProvider
	Minimum pool size: undefined/unknown
	Maximum pool size: undefined/unknown
2026-06-20 13:57:47 [main] INFO  org.hibernate.orm.core - HHH000489: No JTA platform available (set 'hibernate.transaction.jta.platform' to enable JTA platform integration)
2026-06-20 13:57:47 [main] INFO  org.springframework.orm.jpa.LocalContainerEntityManagerFactoryBean - Initialized JPA EntityManagerFactory for persistence unit 'default'
2026-06-20 13:57:47 [main] INFO  org.springframework.data.jpa.repository.query.QueryEnhancerFactories - Hibernate is in classpath; If applicable, HQL parser will be used.
2026-06-20 13:57:48 [main] INFO  org.springframework.security.config.annotation.authentication.configuration.InitializeUserDetailsBeanManagerConfigurer$InitializeUserDetailsManagerConfigurer - Global AuthenticationManager configured with UserDetailsService bean with name customUserDetailsService
2026-06-20 13:57:48 [main] WARN  org.springframework.boot.jpa.autoconfigure.JpaBaseConfiguration$JpaWebConfiguration - spring.jpa.open-in-view is enabled by default. Therefore, database queries may be performed during view rendering. Explicitly configure spring.jpa.open-in-view to disable this warning
2026-06-20 13:57:49 [main] DEBUG org.springframework.security.web.DefaultSecurityFilterChain - Will secure any request with filters: DisableEncodeUrlFilter, WebAsyncManagerIntegrationFilter, SecurityContextHolderFilter, HeaderWriterFilter, CorsFilter, LogoutFilter, JwtAuthenticationFilter, RequestCacheAwareFilter, SecurityContextHolderAwareRequestFilter, AnonymousAuthenticationFilter, SessionManagementFilter, ExceptionTranslationFilter, AuthorizationFilter
2026-06-20 13:57:49 [main] INFO  org.apache.coyote.http11.Http11NioProtocol - Starting ProtocolHandler ["http-nio-8080"]
2026-06-20 13:57:49 [main] INFO  org.springframework.boot.tomcat.TomcatWebServer - Tomcat started on port 8080 (http) with context path '/'
2026-06-20 13:57:49 [main] INFO  com.training.mts.MtsApplication - Started MtsApplication in 6.773 seconds (process running for 7.229)
2026-06-20 13:58:08 [http-nio-8080-exec-1] INFO  org.apache.catalina.core.ContainerBase.[Tomcat].[localhost].[/] - Initializing Spring DispatcherServlet 'dispatcherServlet'
2026-06-20 13:58:08 [http-nio-8080-exec-1] INFO  org.springframework.web.servlet.DispatcherServlet - Initializing Servlet 'dispatcherServlet'
2026-06-20 13:58:08 [http-nio-8080-exec-1] INFO  org.springframework.web.servlet.DispatcherServlet - Completed initialization in 3 ms
2026-06-20 13:58:08 [http-nio-8080-exec-1] DEBUG org.springframework.security.web.FilterChainProxy - Securing GET /users/findByPhone?phoneNumber=9090909090
2026-06-20 13:58:08 [http-nio-8080-exec-1] WARN  org.springframework.web.servlet.handler.HandlerMappingIntrospector - Cache miss for REQUEST dispatch to '/users/findByPhone' (previous null). Performing CorsConfiguration lookup. This is logged once only at WARN level, and every time at TRACE.
2026-06-20 13:58:09 [http-nio-8080-exec-1] DEBUG org.springframework.security.web.FilterChainProxy - Secured GET /users/findByPhone?phoneNumber=9090909090
2026-06-20 13:58:09 [http-nio-8080-exec-1] INFO  com.training.mts.aop.LoggingAspect - Entering method: UserServiceImpl.getUserByPhoneNumber(..) with arguments: [9090909090]
2026-06-20 13:58:09 [http-nio-8080-exec-1] INFO  com.training.mts.aop.LoggingAspect - Method executed successfully: UserServiceImpl.getUserByPhoneNumber(..) | Returned: User{id=2, name='Sowjen Meher', vpa=com.training.mts.model.VPA@58669f80}
2026-06-20 13:58:09 [http-nio-8080-exec-2] DEBUG org.springframework.security.web.FilterChainProxy - Securing GET /rewards/status
2026-06-20 13:58:09 [http-nio-8080-exec-3] DEBUG org.springframework.security.web.FilterChainProxy - Securing GET /transactions/gettranslog?vpaId=sowjenmeher1290902@mts
2026-06-20 13:58:09 [http-nio-8080-exec-2] DEBUG org.springframework.security.web.FilterChainProxy - Secured GET /rewards/status
2026-06-20 13:58:09 [http-nio-8080-exec-3] DEBUG org.springframework.security.web.FilterChainProxy - Secured GET /transactions/gettranslog?vpaId=sowjenmeher1290902@mts
2026-06-20 13:58:09 [http-nio-8080-exec-3] INFO  com.training.mts.aop.LoggingAspect - Entering method: TransactionServiceImpl.getTransactionHistory(..) with arguments: [sowjenmeher1290902@mts]
2026-06-20 13:58:09 [http-nio-8080-exec-4] DEBUG org.springframework.security.web.FilterChainProxy - Securing GET /rewards/status
2026-06-20 13:58:09 [http-nio-8080-exec-4] DEBUG org.springframework.security.web.FilterChainProxy - Secured GET /rewards/status
2026-06-20 13:58:09 [http-nio-8080-exec-5] DEBUG org.springframework.security.web.FilterChainProxy - Securing GET /rewards/status
2026-06-20 13:58:09 [http-nio-8080-exec-5] DEBUG org.springframework.security.web.FilterChainProxy - Secured GET /rewards/status
2026-06-20 13:58:09 [http-nio-8080-exec-3] INFO  com.training.mts.aop.LoggingAspect - Method executed successfully: TransactionServiceImpl.getTransactionHistory(..) | Returned: com.training.mts.dto.TransactionHistoryResponse@3e2de9f2
2026-06-20 13:58:36 [http-nio-8080-exec-6] DEBUG org.springframework.security.web.FilterChainProxy - Securing GET /rewards/status
2026-06-20 13:58:36 [http-nio-8080-exec-6] DEBUG org.springframework.security.web.FilterChainProxy - Secured GET /rewards/status
2026-06-20 13:58:36 [http-nio-8080-exec-7] DEBUG org.springframework.security.web.FilterChainProxy - Securing GET /rewards/status
2026-06-20 13:58:36 [http-nio-8080-exec-7] DEBUG org.springframework.security.web.FilterChainProxy - Secured GET /rewards/status
2026-06-20 13:58:36 [http-nio-8080-exec-8] DEBUG org.springframework.security.web.FilterChainProxy - Securing GET /rewards/status
2026-06-20 13:58:36 [http-nio-8080-exec-8] DEBUG org.springframework.security.web.FilterChainProxy - Secured GET /rewards/status
2026-06-20 13:58:36 [http-nio-8080-exec-9] DEBUG org.springframework.security.web.FilterChainProxy - Securing GET /rewards/status
2026-06-20 13:58:36 [http-nio-8080-exec-9] DEBUG org.springframework.security.web.FilterChainProxy - Secured GET /rewards/status
2026-06-20 13:58:56 [http-nio-8080-exec-10] DEBUG org.springframework.security.web.FilterChainProxy - Securing GET /rewards/status
2026-06-20 13:58:56 [http-nio-8080-exec-10] DEBUG org.springframework.security.web.FilterChainProxy - Secured GET /rewards/status
2026-06-20 13:58:56 [http-nio-8080-exec-1] DEBUG org.springframework.security.web.FilterChainProxy - Securing GET /rewards/status
2026-06-20 13:58:56 [http-nio-8080-exec-1] DEBUG org.springframework.security.web.FilterChainProxy - Secured GET /rewards/status
2026-06-20 13:58:56 [http-nio-8080-exec-2] DEBUG org.springframework.security.web.FilterChainProxy - Securing GET /rewards/status
2026-06-20 13:58:56 [http-nio-8080-exec-2] DEBUG org.springframework.security.web.FilterChainProxy - Secured GET /rewards/status
2026-06-20 13:58:56 [http-nio-8080-exec-4] DEBUG org.springframework.security.web.FilterChainProxy - Securing GET /rewards/status
2026-06-20 13:58:56 [http-nio-8080-exec-4] DEBUG org.springframework.security.web.FilterChainProxy - Secured GET /rewards/status
2026-06-20 13:58:56 [http-nio-8080-exec-5] DEBUG org.springframework.security.web.FilterChainProxy - Securing GET /rewards/status
2026-06-20 13:58:56 [http-nio-8080-exec-5] DEBUG org.springframework.security.web.FilterChainProxy - Secured GET /rewards/status
2026-06-20 13:58:56 [http-nio-8080-exec-3] DEBUG org.springframework.security.web.FilterChainProxy - Securing GET /rewards/status
2026-06-20 13:58:56 [http-nio-8080-exec-6] DEBUG org.springframework.security.web.FilterChainProxy - Securing OPTIONS /rewards/list
2026-06-20 13:58:56 [http-nio-8080-exec-7] DEBUG org.springframework.security.web.FilterChainProxy - Securing GET /rewards/list
2026-06-20 13:58:56 [http-nio-8080-exec-3] DEBUG org.springframework.security.web.FilterChainProxy - Secured GET /rewards/status
2026-06-20 13:58:56 [http-nio-8080-exec-7] DEBUG org.springframework.security.web.FilterChainProxy - Secured GET /rewards/list
2026-06-20 13:58:56 [http-nio-8080-exec-7] INFO  com.training.mts.aop.LoggingAspect - Entering method: RewardServiceImpl.getUserScratchCards(..) with arguments: [User{id=2, name='Sowjen Meher', vpa=com.training.mts.model.VPA@1d9ee386}]
2026-06-20 13:58:56 [http-nio-8080-exec-7] INFO  com.training.mts.aop.LoggingAspect - Method executed successfully: RewardServiceImpl.getUserScratchCards(..) | Returned: [com.training.mts.model.ScratchCard@1cac7232]
2026-06-20 13:59:04 [http-nio-8080-exec-8] DEBUG org.springframework.security.web.FilterChainProxy - Securing OPTIONS /rewards/scratch/1
2026-06-20 13:59:04 [http-nio-8080-exec-9] DEBUG org.springframework.security.web.FilterChainProxy - Securing POST /rewards/scratch/1
2026-06-20 13:59:04 [http-nio-8080-exec-9] DEBUG org.springframework.security.web.FilterChainProxy - Secured POST /rewards/scratch/1
2026-06-20 13:59:04 [http-nio-8080-exec-9] INFO  com.training.mts.aop.LoggingAspect - Entering method: RewardServiceImpl.scratchCard(..) with arguments: [1, User{id=2, name='Sowjen Meher', vpa=com.training.mts.model.VPA@4c1c5dbf}]
2026-06-20 13:59:04 [http-nio-8080-exec-9] INFO  com.training.mts.aop.LoggingAspect - Method executed successfully: RewardServiceImpl.scratchCard(..) | Returned: com.training.mts.model.ScratchCard@12e68f84
2026-06-20 13:59:16 [http-nio-8080-exec-1] DEBUG org.springframework.security.web.FilterChainProxy - Securing GET /rewards/status
2026-06-20 13:59:16 [http-nio-8080-exec-1] DEBUG org.springframework.security.web.FilterChainProxy - Secured GET /rewards/status
2026-06-20 14:03:01 [SpringApplicationShutdownHook] INFO  org.springframework.boot.tomcat.GracefulShutdown - Commencing graceful shutdown. Waiting for active requests to complete
2026-06-20 14:03:01 [tomcat-shutdown] INFO  org.springframework.boot.tomcat.GracefulShutdown - Graceful shutdown complete
2026-06-20 14:03:01 [SpringApplicationShutdownHook] INFO  org.springframework.orm.jpa.LocalContainerEntityManagerFactoryBean - Closing JPA EntityManagerFactory for persistence unit 'default'
2026-06-20 14:03:01 [SpringApplicationShutdownHook] INFO  com.zaxxer.hikari.HikariDataSource - HikariPool-1 - Shutdown initiated...
2026-06-20 14:03:01 [SpringApplicationShutdownHook] INFO  com.zaxxer.hikari.HikariDataSource - HikariPool-1 - Shutdown completed.
2026-06-20 14:03:05 [background-preinit] INFO  org.hibernate.validator.internal.util.Version - HV000001: Hibernate Validator 9.0.1.Final
2026-06-20 14:03:05 [main] INFO  com.training.mts.MtsApplication - Starting MtsApplication using Java 21 with PID 37356 (D:\Fidelity\Projects\money-transfer-system-secondary\backend\mts\target\classes started by deepc in D:\Fidelity\Projects\money-transfer-system-secondary\backend\mts)
2026-06-20 14:03:05 [main] INFO  com.training.mts.MtsApplication - No active profile set, falling back to 1 default profile: "default"
2026-06-20 14:03:05 [main] INFO  org.springframework.data.repository.config.RepositoryConfigurationDelegate - Bootstrapping Spring Data JPA repositories in DEFAULT mode.
2026-06-20 14:03:06 [main] INFO  org.springframework.data.repository.config.RepositoryConfigurationDelegate - Finished Spring Data repository scanning in 70 ms. Found 5 JPA repository interfaces.
2026-06-20 14:03:07 [main] INFO  org.springframework.boot.tomcat.TomcatWebServer - Tomcat initialized with port 8080 (http)
2026-06-20 14:03:07 [main] INFO  org.apache.coyote.http11.Http11NioProtocol - Initializing ProtocolHandler ["http-nio-8080"]
2026-06-20 14:03:07 [main] INFO  org.apache.catalina.core.StandardService - Starting service [Tomcat]
2026-06-20 14:03:07 [main] INFO  org.apache.catalina.core.StandardEngine - Starting Servlet engine: [Apache Tomcat/11.0.15]
2026-06-20 14:03:07 [main] INFO  org.springframework.boot.web.context.servlet.WebApplicationContextInitializer - Root WebApplicationContext: initialization completed in 1996 ms
2026-06-20 14:03:07 [main] INFO  org.hibernate.orm.jpa - HHH008540: Processing PersistenceUnitInfo [name: default]
2026-06-20 14:03:07 [main] INFO  org.hibernate.orm.core - HHH000001: Hibernate ORM core version 7.2.1.Final
2026-06-20 14:03:08 [main] INFO  org.springframework.orm.jpa.persistenceunit.SpringPersistenceUnitInfo - No LoadTimeWeaver setup: ignoring JPA class transformer
2026-06-20 14:03:08 [main] INFO  com.zaxxer.hikari.HikariDataSource - HikariPool-1 - Starting...
2026-06-20 14:03:08 [main] INFO  com.zaxxer.hikari.pool.HikariPool - HikariPool-1 - Added connection com.mysql.cj.jdbc.ConnectionImpl@6ba226cd
2026-06-20 14:03:08 [main] INFO  com.zaxxer.hikari.HikariDataSource - HikariPool-1 - Start completed.
2026-06-20 14:03:08 [main] WARN  org.hibernate.orm.deprecation - HHH90000025: MySQLDialect does not need to be specified explicitly using 'hibernate.dialect' (remove the property setting and it will be selected by default)
2026-06-20 14:03:08 [main] INFO  org.hibernate.orm.connections.pooling - HHH10001005: Database info:
	Database JDBC URL [jdbc:mysql://localhost:3306/mts?createDatabaseIfNotExist=true]
	Database driver: MySQL Connector/J
	Database dialect: MySQLDialect
	Database version: 8.0.46
	Default catalog/schema: mts/undefined
	Autocommit mode: undefined/unknown
	Isolation level: REPEATABLE_READ [default REPEATABLE_READ]
	JDBC fetch size: none
	Pool: DataSourceConnectionProvider
	Minimum pool size: undefined/unknown
	Maximum pool size: undefined/unknown
2026-06-20 14:03:09 [main] INFO  org.hibernate.orm.core - HHH000489: No JTA platform available (set 'hibernate.transaction.jta.platform' to enable JTA platform integration)
2026-06-20 14:03:09 [main] INFO  org.springframework.orm.jpa.LocalContainerEntityManagerFactoryBean - Initialized JPA EntityManagerFactory for persistence unit 'default'
2026-06-20 14:03:09 [main] INFO  org.springframework.data.jpa.repository.query.QueryEnhancerFactories - Hibernate is in classpath; If applicable, HQL parser will be used.
2026-06-20 14:03:10 [main] INFO  org.springframework.security.config.annotation.authentication.configuration.InitializeUserDetailsBeanManagerConfigurer$InitializeUserDetailsManagerConfigurer - Global AuthenticationManager configured with UserDetailsService bean with name customUserDetailsService
2026-06-20 14:03:10 [main] WARN  org.springframework.boot.jpa.autoconfigure.JpaBaseConfiguration$JpaWebConfiguration - spring.jpa.open-in-view is enabled by default. Therefore, database queries may be performed during view rendering. Explicitly configure spring.jpa.open-in-view to disable this warning
2026-06-20 14:03:11 [main] DEBUG org.springframework.security.web.DefaultSecurityFilterChain - Will secure any request with filters: DisableEncodeUrlFilter, WebAsyncManagerIntegrationFilter, SecurityContextHolderFilter, HeaderWriterFilter, CorsFilter, LogoutFilter, JwtAuthenticationFilter, RequestCacheAwareFilter, SecurityContextHolderAwareRequestFilter, AnonymousAuthenticationFilter, SessionManagementFilter, ExceptionTranslationFilter, AuthorizationFilter
2026-06-20 14:03:12 [main] INFO  org.apache.coyote.http11.Http11NioProtocol - Starting ProtocolHandler ["http-nio-8080"]
2026-06-20 14:03:12 [main] INFO  org.springframework.boot.tomcat.TomcatWebServer - Tomcat started on port 8080 (http) with context path '/'
2026-06-20 14:03:12 [main] INFO  com.training.mts.MtsApplication - Started MtsApplication in 8.045 seconds (process running for 8.489)
2026-06-20 14:03:20 [http-nio-8080-exec-1] INFO  org.apache.catalina.core.ContainerBase.[Tomcat].[localhost].[/] - Initializing Spring DispatcherServlet 'dispatcherServlet'
2026-06-20 14:03:20 [http-nio-8080-exec-1] INFO  org.springframework.web.servlet.DispatcherServlet - Initializing Servlet 'dispatcherServlet'
2026-06-20 14:03:20 [http-nio-8080-exec-1] INFO  org.springframework.web.servlet.DispatcherServlet - Completed initialization in 2 ms
2026-06-20 14:03:20 [http-nio-8080-exec-1] DEBUG org.springframework.security.web.FilterChainProxy - Securing GET /users/findByPhone?phoneNumber=9090909090
2026-06-20 14:03:20 [http-nio-8080-exec-1] WARN  org.springframework.web.servlet.handler.HandlerMappingIntrospector - Cache miss for REQUEST dispatch to '/users/findByPhone' (previous null). Performing CorsConfiguration lookup. This is logged once only at WARN level, and every time at TRACE.
2026-06-20 14:03:21 [http-nio-8080-exec-1] DEBUG org.springframework.security.web.FilterChainProxy - Secured GET /users/findByPhone?phoneNumber=9090909090
2026-06-20 14:03:21 [http-nio-8080-exec-1] INFO  com.training.mts.aop.LoggingAspect - Entering method: UserServiceImpl.getUserByPhoneNumber(..) with arguments: [9090909090]
2026-06-20 14:03:21 [http-nio-8080-exec-1] INFO  com.training.mts.aop.LoggingAspect - Method executed successfully: UserServiceImpl.getUserByPhoneNumber(..) | Returned: User{id=2, name='Sowjen Meher', vpa=com.training.mts.model.VPA@53625190}
2026-06-20 14:03:22 [http-nio-8080-exec-2] DEBUG org.springframework.security.web.FilterChainProxy - Securing GET /rewards/status
2026-06-20 14:03:22 [http-nio-8080-exec-2] DEBUG org.springframework.security.web.FilterChainProxy - Secured GET /rewards/status
2026-06-20 14:03:22 [http-nio-8080-exec-3] DEBUG org.springframework.security.web.FilterChainProxy - Securing GET /rewards/status
2026-06-20 14:03:22 [http-nio-8080-exec-3] DEBUG org.springframework.security.web.FilterChainProxy - Secured GET /rewards/status
2026-06-20 14:03:22 [http-nio-8080-exec-4] DEBUG org.springframework.security.web.FilterChainProxy - Securing GET /rewards/status
2026-06-20 14:03:22 [http-nio-8080-exec-4] DEBUG org.springframework.security.web.FilterChainProxy - Secured GET /rewards/status
2026-06-20 14:03:22 [http-nio-8080-exec-5] DEBUG org.springframework.security.web.FilterChainProxy - Securing GET /rewards/status
2026-06-20 14:03:22 [http-nio-8080-exec-6] DEBUG org.springframework.security.web.FilterChainProxy - Securing GET /rewards/list
2026-06-20 14:03:22 [http-nio-8080-exec-6] DEBUG org.springframework.security.web.FilterChainProxy - Secured GET /rewards/list
2026-06-20 14:03:22 [http-nio-8080-exec-5] DEBUG org.springframework.security.web.FilterChainProxy - Secured GET /rewards/status
2026-06-20 14:03:22 [http-nio-8080-exec-6] INFO  com.training.mts.aop.LoggingAspect - Entering method: RewardServiceImpl.getUserScratchCards(..) with arguments: [User{id=2, name='Sowjen Meher', vpa=com.training.mts.model.VPA@3212e66e}]
2026-06-20 14:03:22 [http-nio-8080-exec-6] INFO  com.training.mts.aop.LoggingAspect - Method executed successfully: RewardServiceImpl.getUserScratchCards(..) | Returned: [com.training.mts.model.ScratchCard@5b21a2f1]
2026-06-20 14:03:23 [http-nio-8080-exec-7] DEBUG org.springframework.security.web.FilterChainProxy - Securing GET /rewards/status
2026-06-20 14:03:23 [http-nio-8080-exec-7] DEBUG org.springframework.security.web.FilterChainProxy - Secured GET /rewards/status
2026-06-20 14:03:23 [http-nio-8080-exec-8] DEBUG org.springframework.security.web.FilterChainProxy - Securing GET /transactions/gettranslog?vpaId=sowjenmeher1290902@mts
2026-06-20 14:03:23 [http-nio-8080-exec-9] DEBUG org.springframework.security.web.FilterChainProxy - Securing GET /rewards/status
2026-06-20 14:03:23 [http-nio-8080-exec-8] DEBUG org.springframework.security.web.FilterChainProxy - Secured GET /transactions/gettranslog?vpaId=sowjenmeher1290902@mts
2026-06-20 14:03:23 [http-nio-8080-exec-8] INFO  com.training.mts.aop.LoggingAspect - Entering method: TransactionServiceImpl.getTransactionHistory(..) with arguments: [sowjenmeher1290902@mts]
2026-06-20 14:03:23 [http-nio-8080-exec-9] DEBUG org.springframework.security.web.FilterChainProxy - Secured GET /rewards/status
2026-06-20 14:03:23 [http-nio-8080-exec-10] DEBUG org.springframework.security.web.FilterChainProxy - Securing GET /rewards/status
2026-06-20 14:03:23 [http-nio-8080-exec-10] DEBUG org.springframework.security.web.FilterChainProxy - Secured GET /rewards/status
2026-06-20 14:03:23 [http-nio-8080-exec-1] DEBUG org.springframework.security.web.FilterChainProxy - Securing GET /rewards/status
2026-06-20 14:03:23 [http-nio-8080-exec-1] DEBUG org.springframework.security.web.FilterChainProxy - Secured GET /rewards/status
2026-06-20 14:03:23 [http-nio-8080-exec-8] INFO  com.training.mts.aop.LoggingAspect - Method executed successfully: TransactionServiceImpl.getTransactionHistory(..) | Returned: com.training.mts.dto.TransactionHistoryResponse@33495e7e
2026-06-20 14:03:30 [http-nio-8080-exec-2] DEBUG org.springframework.security.web.FilterChainProxy - Securing GET /rewards/status
2026-06-20 14:03:30 [http-nio-8080-exec-2] DEBUG org.springframework.security.web.FilterChainProxy - Secured GET /rewards/status
2026-06-20 14:03:30 [http-nio-8080-exec-3] DEBUG org.springframework.security.web.FilterChainProxy - Securing GET /rewards/status
2026-06-20 14:03:30 [http-nio-8080-exec-3] DEBUG org.springframework.security.web.FilterChainProxy - Secured GET /rewards/status
2026-06-20 14:03:30 [http-nio-8080-exec-4] DEBUG org.springframework.security.web.FilterChainProxy - Securing GET /rewards/status
2026-06-20 14:03:30 [http-nio-8080-exec-4] DEBUG org.springframework.security.web.FilterChainProxy - Secured GET /rewards/status
2026-06-20 14:03:30 [http-nio-8080-exec-5] DEBUG org.springframework.security.web.FilterChainProxy - Securing GET /rewards/status
2026-06-20 14:03:30 [http-nio-8080-exec-5] DEBUG org.springframework.security.web.FilterChainProxy - Secured GET /rewards/status
2026-06-20 14:03:30 [http-nio-8080-exec-6] DEBUG org.springframework.security.web.FilterChainProxy - Securing GET /rewards/status
2026-06-20 14:03:30 [http-nio-8080-exec-6] DEBUG org.springframework.security.web.FilterChainProxy - Secured GET /rewards/status
2026-06-20 14:03:50 [http-nio-8080-exec-7] DEBUG org.springframework.security.web.FilterChainProxy - Securing POST /auth/login
2026-06-20 14:03:50 [http-nio-8080-exec-7] DEBUG org.springframework.security.web.authentication.AnonymousAuthenticationFilter - Set SecurityContextHolder to anonymous SecurityContext
2026-06-20 14:03:50 [http-nio-8080-exec-7] DEBUG org.springframework.security.web.FilterChainProxy - Secured POST /auth/login
2026-06-20 14:03:50 [http-nio-8080-exec-7] DEBUG org.springframework.security.authentication.dao.DaoAuthenticationProvider - Authenticated user
2026-06-20 14:03:50 [http-nio-8080-exec-9] DEBUG org.springframework.security.web.FilterChainProxy - Securing OPTIONS /users/findByPhone?phoneNumber=9840774661
2026-06-20 14:03:50 [http-nio-8080-exec-10] DEBUG org.springframework.security.web.FilterChainProxy - Securing GET /users/findByPhone?phoneNumber=9840774661
2026-06-20 14:03:50 [http-nio-8080-exec-10] DEBUG org.springframework.security.web.FilterChainProxy - Secured GET /users/findByPhone?phoneNumber=9840774661
2026-06-20 14:03:50 [http-nio-8080-exec-10] INFO  com.training.mts.aop.LoggingAspect - Entering method: UserServiceImpl.getUserByPhoneNumber(..) with arguments: [9840774661]
2026-06-20 14:03:50 [http-nio-8080-exec-10] INFO  com.training.mts.aop.LoggingAspect - Method executed successfully: UserServiceImpl.getUserByPhoneNumber(..) | Returned: User{id=6, name='Deepak', vpa=null}
2026-06-20 14:03:50 [http-nio-8080-exec-1] DEBUG org.springframework.security.web.FilterChainProxy - Securing OPTIONS /admin/getusers
2026-06-20 14:03:50 [http-nio-8080-exec-8] DEBUG org.springframework.security.web.FilterChainProxy - Securing OPTIONS /admin/gettranslog
2026-06-20 14:03:50 [http-nio-8080-exec-3] DEBUG org.springframework.security.web.FilterChainProxy - Securing GET /admin/getusers
2026-06-20 14:03:50 [http-nio-8080-exec-2] DEBUG org.springframework.security.web.FilterChainProxy - Securing GET /admin/gettranslog
2026-06-20 14:03:50 [http-nio-8080-exec-2] DEBUG org.springframework.security.web.FilterChainProxy - Secured GET /admin/gettranslog
2026-06-20 14:03:50 [http-nio-8080-exec-3] DEBUG org.springframework.security.web.FilterChainProxy - Secured GET /admin/getusers
2026-06-20 14:03:50 [http-nio-8080-exec-2] INFO  com.training.mts.aop.LoggingAspect - Entering method: AdminServiceImpl.getTransactionHistory() with arguments: []
2026-06-20 14:03:50 [http-nio-8080-exec-3] INFO  com.training.mts.aop.LoggingAspect - Entering method: AdminServiceImpl.findAll() with arguments: []
2026-06-20 14:03:50 [http-nio-8080-exec-2] INFO  com.training.mts.aop.LoggingAspect - Method executed successfully: AdminServiceImpl.getTransactionHistory() | Returned: [com.training.mts.model.Transaction@5418d33a, com.training.mts.model.Transaction@1a98f778, com.training.mts.model.Transaction@691735d6, com.training.mts.model.Transaction@603e8081, com.training.mts.model.Transaction@72ad1ebf, com.training.mts.model.Transaction@2f5314a5]
2026-06-20 14:03:50 [http-nio-8080-exec-3] INFO  com.training.mts.aop.LoggingAspect - Method executed successfully: AdminServiceImpl.findAll() | Returned: [User{id=1, name='Hari Keshav', vpa=com.training.mts.model.VPA@40280257}, User{id=2, name='Sowjen Meher', vpa=com.training.mts.model.VPA@44aca58b}, User{id=3, name='Nethra', vpa=com.training.mts.model.VPA@1598bbc4}, User{id=6, name='Deepak', vpa=null}]
2026-06-20 14:04:12 [http-nio-8080-exec-4] DEBUG org.springframework.security.web.FilterChainProxy - Securing GET /admin/getusers
2026-06-20 14:04:12 [http-nio-8080-exec-4] DEBUG org.springframework.security.web.FilterChainProxy - Secured GET /admin/getusers
2026-06-20 14:04:12 [http-nio-8080-exec-4] INFO  com.training.mts.aop.LoggingAspect - Entering method: AdminServiceImpl.findAll() with arguments: []
2026-06-20 14:04:12 [http-nio-8080-exec-4] INFO  com.training.mts.aop.LoggingAspect - Method executed successfully: AdminServiceImpl.findAll() | Returned: [User{id=1, name='Hari Keshav', vpa=com.training.mts.model.VPA@696b6d09}, User{id=2, name='Sowjen Meher', vpa=com.training.mts.model.VPA@486f3be8}, User{id=3, name='Nethra', vpa=com.training.mts.model.VPA@42091795}, User{id=6, name='Deepak', vpa=null}]
2026-06-20 14:04:16 [http-nio-8080-exec-5] DEBUG org.springframework.security.web.FilterChainProxy - Securing GET /admin/getusers
2026-06-20 14:04:16 [http-nio-8080-exec-6] DEBUG org.springframework.security.web.FilterChainProxy - Securing GET /admin/gettranslog
2026-06-20 14:04:16 [http-nio-8080-exec-5] DEBUG org.springframework.security.web.FilterChainProxy - Secured GET /admin/getusers
2026-06-20 14:04:16 [http-nio-8080-exec-6] DEBUG org.springframework.security.web.FilterChainProxy - Secured GET /admin/gettranslog
2026-06-20 14:04:16 [http-nio-8080-exec-5] INFO  com.training.mts.aop.LoggingAspect - Entering method: AdminServiceImpl.findAll() with arguments: []
2026-06-20 14:04:16 [http-nio-8080-exec-6] INFO  com.training.mts.aop.LoggingAspect - Entering method: AdminServiceImpl.getTransactionHistory() with arguments: []
2026-06-20 14:04:16 [http-nio-8080-exec-6] INFO  com.training.mts.aop.LoggingAspect - Method executed successfully: AdminServiceImpl.getTransactionHistory() | Returned: [com.training.mts.model.Transaction@439b1dbf, com.training.mts.model.Transaction@5a19b52a, com.training.mts.model.Transaction@32c0b745, com.training.mts.model.Transaction@636e19cf, com.training.mts.model.Transaction@780396f8, com.training.mts.model.Transaction@6fa4dc37]
2026-06-20 14:04:16 [http-nio-8080-exec-5] INFO  com.training.mts.aop.LoggingAspect - Method executed successfully: AdminServiceImpl.findAll() | Returned: [User{id=1, name='Hari Keshav', vpa=com.training.mts.model.VPA@6f1b0b8d}, User{id=2, name='Sowjen Meher', vpa=com.training.mts.model.VPA@187ed8a5}, User{id=3, name='Nethra', vpa=com.training.mts.model.VPA@4d851c90}, User{id=6, name='Deepak', vpa=null}]
2026-06-20 14:04:49 [http-nio-8080-exec-9] DEBUG org.springframework.security.web.FilterChainProxy - Securing POST /auth/login
2026-06-20 14:04:49 [http-nio-8080-exec-9] DEBUG org.springframework.security.web.authentication.AnonymousAuthenticationFilter - Set SecurityContextHolder to anonymous SecurityContext
2026-06-20 14:04:49 [http-nio-8080-exec-9] DEBUG org.springframework.security.web.FilterChainProxy - Secured POST /auth/login
2026-06-20 14:04:49 [http-nio-8080-exec-9] DEBUG org.springframework.security.authentication.dao.DaoAuthenticationProvider - Authenticated user
2026-06-20 14:04:49 [http-nio-8080-exec-10] DEBUG org.springframework.security.web.FilterChainProxy - Securing GET /users/findByPhone?phoneNumber=9090909090
2026-06-20 14:04:49 [http-nio-8080-exec-10] DEBUG org.springframework.security.web.FilterChainProxy - Secured GET /users/findByPhone?phoneNumber=9090909090
2026-06-20 14:04:49 [http-nio-8080-exec-10] INFO  com.training.mts.aop.LoggingAspect - Entering method: UserServiceImpl.getUserByPhoneNumber(..) with arguments: [9090909090]
2026-06-20 14:04:49 [http-nio-8080-exec-10] INFO  com.training.mts.aop.LoggingAspect - Method executed successfully: UserServiceImpl.getUserByPhoneNumber(..) | Returned: User{id=2, name='Sowjen Meher', vpa=com.training.mts.model.VPA@33551054}
2026-06-20 14:04:49 [http-nio-8080-exec-8] DEBUG org.springframework.security.web.FilterChainProxy - Securing GET /rewards/status
2026-06-20 14:04:49 [http-nio-8080-exec-8] DEBUG org.springframework.security.web.FilterChainProxy - Secured GET /rewards/status
2026-06-20 14:04:49 [http-nio-8080-exec-1] DEBUG org.springframework.security.web.FilterChainProxy - Securing GET /rewards/status
2026-06-20 14:04:49 [http-nio-8080-exec-3] DEBUG org.springframework.security.web.FilterChainProxy - Securing GET /transactions/gettranslog?vpaId=sowjenmeher1290902@mts
2026-06-20 14:04:49 [http-nio-8080-exec-1] DEBUG org.springframework.security.web.FilterChainProxy - Secured GET /rewards/status
2026-06-20 14:04:49 [http-nio-8080-exec-3] DEBUG org.springframework.security.web.FilterChainProxy - Secured GET /transactions/gettranslog?vpaId=sowjenmeher1290902@mts
2026-06-20 14:04:49 [http-nio-8080-exec-3] INFO  com.training.mts.aop.LoggingAspect - Entering method: TransactionServiceImpl.getTransactionHistory(..) with arguments: [sowjenmeher1290902@mts]
2026-06-20 14:04:49 [http-nio-8080-exec-2] DEBUG org.springframework.security.web.FilterChainProxy - Securing GET /rewards/status
2026-06-20 14:04:49 [http-nio-8080-exec-3] INFO  com.training.mts.aop.LoggingAspect - Method executed successfully: TransactionServiceImpl.getTransactionHistory(..) | Returned: com.training.mts.dto.TransactionHistoryResponse@cba8d73
2026-06-20 14:04:49 [http-nio-8080-exec-2] DEBUG org.springframework.security.web.FilterChainProxy - Secured GET /rewards/status
2026-06-20 14:04:49 [http-nio-8080-exec-4] DEBUG org.springframework.security.web.FilterChainProxy - Securing GET /rewards/status
2026-06-20 14:04:49 [http-nio-8080-exec-4] DEBUG org.springframework.security.web.FilterChainProxy - Secured GET /rewards/status
2026-06-20 14:04:49 [http-nio-8080-exec-6] DEBUG org.springframework.security.web.FilterChainProxy - Securing GET /rewards/status
2026-06-20 14:04:49 [http-nio-8080-exec-6] DEBUG org.springframework.security.web.FilterChainProxy - Secured GET /rewards/status
2026-06-20 14:04:49 [http-nio-8080-exec-5] DEBUG org.springframework.security.web.FilterChainProxy - Securing GET /rewards/status
2026-06-20 14:04:49 [http-nio-8080-exec-5] DEBUG org.springframework.security.web.FilterChainProxy - Secured GET /rewards/status
2026-06-20 14:04:49 [http-nio-8080-exec-5] DEBUG org.springframework.security.web.FilterChainProxy - Securing GET /rewards/status
2026-06-20 14:04:49 [http-nio-8080-exec-5] DEBUG org.springframework.security.web.FilterChainProxy - Secured GET /rewards/status
2026-06-20 14:04:49 [http-nio-8080-exec-9] DEBUG org.springframework.security.web.FilterChainProxy - Securing GET /rewards/status
2026-06-20 14:04:49 [http-nio-8080-exec-9] DEBUG org.springframework.security.web.FilterChainProxy - Secured GET /rewards/status
2026-06-20 14:04:49 [http-nio-8080-exec-10] DEBUG org.springframework.security.web.FilterChainProxy - Securing GET /rewards/status
2026-06-20 14:04:49 [http-nio-8080-exec-10] DEBUG org.springframework.security.web.FilterChainProxy - Secured GET /rewards/status
2026-06-20 14:04:49 [http-nio-8080-exec-8] DEBUG org.springframework.security.web.FilterChainProxy - Securing GET /rewards/status
2026-06-20 14:04:49 [http-nio-8080-exec-8] DEBUG org.springframework.security.web.FilterChainProxy - Secured GET /rewards/status
2026-06-20 14:04:49 [http-nio-8080-exec-1] DEBUG org.springframework.security.web.FilterChainProxy - Securing GET /rewards/status
2026-06-20 14:04:49 [http-nio-8080-exec-1] DEBUG org.springframework.security.web.FilterChainProxy - Secured GET /rewards/status
2026-06-20 14:11:35 [http-nio-8080-exec-6] DEBUG org.springframework.security.web.FilterChainProxy - Securing GET /users/findByPhone?phoneNumber=9090909090
2026-06-20 14:11:35 [http-nio-8080-exec-6] DEBUG org.springframework.security.web.FilterChainProxy - Secured GET /users/findByPhone?phoneNumber=9090909090
2026-06-20 14:11:35 [http-nio-8080-exec-6] INFO  com.training.mts.aop.LoggingAspect - Entering method: UserServiceImpl.getUserByPhoneNumber(..) with arguments: [9090909090]
2026-06-20 14:11:35 [http-nio-8080-exec-6] INFO  com.training.mts.aop.LoggingAspect - Method executed successfully: UserServiceImpl.getUserByPhoneNumber(..) | Returned: User{id=2, name='Sowjen Meher', vpa=com.training.mts.model.VPA@64708944}
2026-06-20 14:11:35 [http-nio-8080-exec-7] DEBUG org.springframework.security.web.FilterChainProxy - Securing GET /rewards/status
2026-06-20 14:11:35 [http-nio-8080-exec-7] DEBUG org.springframework.security.web.FilterChainProxy - Secured GET /rewards/status
2026-06-20 14:11:35 [http-nio-8080-exec-5] DEBUG org.springframework.security.web.FilterChainProxy - Securing GET /transactions/gettranslog?vpaId=sowjenmeher1290902@mts
2026-06-20 14:11:35 [http-nio-8080-exec-5] DEBUG org.springframework.security.web.FilterChainProxy - Secured GET /transactions/gettranslog?vpaId=sowjenmeher1290902@mts
2026-06-20 14:11:35 [http-nio-8080-exec-9] DEBUG org.springframework.security.web.FilterChainProxy - Securing GET /rewards/status
2026-06-20 14:11:35 [http-nio-8080-exec-5] INFO  com.training.mts.aop.LoggingAspect - Entering method: TransactionServiceImpl.getTransactionHistory(..) with arguments: [sowjenmeher1290902@mts]
2026-06-20 14:11:35 [http-nio-8080-exec-9] DEBUG org.springframework.security.web.FilterChainProxy - Secured GET /rewards/status
2026-06-20 14:11:35 [http-nio-8080-exec-10] DEBUG org.springframework.security.web.FilterChainProxy - Securing GET /rewards/status
2026-06-20 14:11:35 [http-nio-8080-exec-5] INFO  com.training.mts.aop.LoggingAspect - Method executed successfully: TransactionServiceImpl.getTransactionHistory(..) | Returned: com.training.mts.dto.TransactionHistoryResponse@6e38bd75
2026-06-20 14:11:35 [http-nio-8080-exec-10] DEBUG org.springframework.security.web.FilterChainProxy - Secured GET /rewards/status
2026-06-20 14:29:01 [http-nio-8080-exec-4] DEBUG org.springframework.security.web.FilterChainProxy - Securing OPTIONS /users/findByPhone?phoneNumber=9090909090
2026-06-20 14:29:01 [http-nio-8080-exec-2] DEBUG org.springframework.security.web.FilterChainProxy - Securing GET /users/findByPhone?phoneNumber=9090909090
2026-06-20 14:29:01 [http-nio-8080-exec-2] DEBUG org.springframework.security.web.FilterChainProxy - Secured GET /users/findByPhone?phoneNumber=9090909090
2026-06-20 14:29:01 [http-nio-8080-exec-2] INFO  com.training.mts.aop.LoggingAspect - Entering method: UserServiceImpl.getUserByPhoneNumber(..) with arguments: [9090909090]
2026-06-20 14:29:01 [http-nio-8080-exec-2] INFO  com.training.mts.aop.LoggingAspect - Method executed successfully: UserServiceImpl.getUserByPhoneNumber(..) | Returned: User{id=2, name='Sowjen Meher', vpa=com.training.mts.model.VPA@47af9ecb}
2026-06-20 14:29:01 [http-nio-8080-exec-6] DEBUG org.springframework.security.web.FilterChainProxy - Securing OPTIONS /rewards/status
2026-06-20 14:29:01 [http-nio-8080-exec-7] DEBUG org.springframework.security.web.FilterChainProxy - Securing GET /rewards/status
2026-06-20 14:29:01 [http-nio-8080-exec-7] DEBUG org.springframework.security.web.FilterChainProxy - Secured GET /rewards/status
2026-06-20 14:29:01 [http-nio-8080-exec-9] DEBUG org.springframework.security.web.FilterChainProxy - Securing OPTIONS /transactions/gettranslog?vpaId=sowjenmeher1290902@mts
2026-06-20 14:29:01 [http-nio-8080-exec-5] DEBUG org.springframework.security.web.FilterChainProxy - Securing GET /transactions/gettranslog?vpaId=sowjenmeher1290902@mts
2026-06-20 14:29:01 [http-nio-8080-exec-10] DEBUG org.springframework.security.web.FilterChainProxy - Securing GET /rewards/status
2026-06-20 14:29:01 [http-nio-8080-exec-5] DEBUG org.springframework.security.web.FilterChainProxy - Secured GET /transactions/gettranslog?vpaId=sowjenmeher1290902@mts
2026-06-20 14:29:01 [http-nio-8080-exec-5] INFO  com.training.mts.aop.LoggingAspect - Entering method: TransactionServiceImpl.getTransactionHistory(..) with arguments: [sowjenmeher1290902@mts]
2026-06-20 14:29:01 [http-nio-8080-exec-10] DEBUG org.springframework.security.web.FilterChainProxy - Secured GET /rewards/status
2026-06-20 14:29:01 [http-nio-8080-exec-3] DEBUG org.springframework.security.web.FilterChainProxy - Securing GET /rewards/status
2026-06-20 14:29:01 [http-nio-8080-exec-3] DEBUG org.springframework.security.web.FilterChainProxy - Secured GET /rewards/status
2026-06-20 14:29:01 [http-nio-8080-exec-5] INFO  com.training.mts.aop.LoggingAspect - Method executed successfully: TransactionServiceImpl.getTransactionHistory(..) | Returned: com.training.mts.dto.TransactionHistoryResponse@53e7dde9
2026-06-20 14:35:01 [http-nio-8080-exec-2] DEBUG org.springframework.security.web.FilterChainProxy - Securing OPTIONS /auth/login
2026-06-20 14:35:01 [http-nio-8080-exec-6] DEBUG org.springframework.security.web.FilterChainProxy - Securing POST /auth/login
2026-06-20 14:35:01 [http-nio-8080-exec-6] DEBUG org.springframework.security.web.authentication.AnonymousAuthenticationFilter - Set SecurityContextHolder to anonymous SecurityContext
2026-06-20 14:35:01 [http-nio-8080-exec-6] DEBUG org.springframework.security.web.FilterChainProxy - Secured POST /auth/login
2026-06-20 14:35:01 [http-nio-8080-exec-6] DEBUG org.springframework.security.authentication.dao.DaoAuthenticationProvider - Authenticated user
2026-06-20 14:35:01 [http-nio-8080-exec-9] DEBUG org.springframework.security.web.FilterChainProxy - Securing OPTIONS /users/findByPhone?phoneNumber=9090909090
2026-06-20 14:35:01 [http-nio-8080-exec-7] DEBUG org.springframework.security.web.FilterChainProxy - Securing GET /users/findByPhone?phoneNumber=9090909090
2026-06-20 14:35:01 [http-nio-8080-exec-7] DEBUG org.springframework.security.web.FilterChainProxy - Secured GET /users/findByPhone?phoneNumber=9090909090
2026-06-20 14:35:01 [http-nio-8080-exec-7] INFO  com.training.mts.aop.LoggingAspect - Entering method: UserServiceImpl.getUserByPhoneNumber(..) with arguments: [9090909090]
2026-06-20 14:35:01 [http-nio-8080-exec-7] INFO  com.training.mts.aop.LoggingAspect - Method executed successfully: UserServiceImpl.getUserByPhoneNumber(..) | Returned: User{id=2, name='Sowjen Meher', vpa=com.training.mts.model.VPA@69769b19}
2026-06-20 14:35:01 [http-nio-8080-exec-10] DEBUG org.springframework.security.web.FilterChainProxy - Securing OPTIONS /rewards/status
2026-06-20 14:35:01 [http-nio-8080-exec-5] DEBUG org.springframework.security.web.FilterChainProxy - Securing OPTIONS /rewards/status
2026-06-20 14:35:01 [http-nio-8080-exec-3] DEBUG org.springframework.security.web.FilterChainProxy - Securing OPTIONS /rewards/status
2026-06-20 14:35:01 [http-nio-8080-exec-8] DEBUG org.springframework.security.web.FilterChainProxy - Securing OPTIONS /transactions/gettranslog?vpaId=sowjenmeher1290902@mts
2026-06-20 14:35:01 [http-nio-8080-exec-4] DEBUG org.springframework.security.web.FilterChainProxy - Securing GET /rewards/status
2026-06-20 14:35:01 [http-nio-8080-exec-1] DEBUG org.springframework.security.web.FilterChainProxy - Securing OPTIONS /rewards/status
2026-06-20 14:35:01 [http-nio-8080-exec-2] DEBUG org.springframework.security.web.FilterChainProxy - Securing GET /transactions/gettranslog?vpaId=sowjenmeher1290902@mts
2026-06-20 14:35:01 [http-nio-8080-exec-4] DEBUG org.springframework.security.web.FilterChainProxy - Secured GET /rewards/status
2026-06-20 14:35:01 [http-nio-8080-exec-2] DEBUG org.springframework.security.web.FilterChainProxy - Secured GET /transactions/gettranslog?vpaId=sowjenmeher1290902@mts
2026-06-20 14:35:01 [http-nio-8080-exec-2] INFO  com.training.mts.aop.LoggingAspect - Entering method: TransactionServiceImpl.getTransactionHistory(..) with arguments: [sowjenmeher1290902@mts]
2026-06-20 14:35:01 [http-nio-8080-exec-4] DEBUG org.springframework.security.web.FilterChainProxy - Securing GET /rewards/status
2026-06-20 14:35:01 [http-nio-8080-exec-4] DEBUG org.springframework.security.web.FilterChainProxy - Secured GET /rewards/status
2026-06-20 14:35:01 [http-nio-8080-exec-9] DEBUG org.springframework.security.web.FilterChainProxy - Securing GET /rewards/status
2026-06-20 14:35:01 [http-nio-8080-exec-2] INFO  com.training.mts.aop.LoggingAspect - Method executed successfully: TransactionServiceImpl.getTransactionHistory(..) | Returned: com.training.mts.dto.TransactionHistoryResponse@3d84e75
2026-06-20 14:35:01 [http-nio-8080-exec-9] DEBUG org.springframework.security.web.FilterChainProxy - Secured GET /rewards/status
2026-06-20 14:35:01 [http-nio-8080-exec-9] DEBUG org.springframework.security.web.FilterChainProxy - Securing GET /rewards/status
2026-06-20 14:35:01 [http-nio-8080-exec-9] DEBUG org.springframework.security.web.FilterChainProxy - Secured GET /rewards/status
2026-06-20 14:35:04 [http-nio-8080-exec-10] DEBUG org.springframework.security.web.FilterChainProxy - Securing GET /rewards/status
2026-06-20 14:35:04 [http-nio-8080-exec-10] DEBUG org.springframework.security.web.FilterChainProxy - Secured GET /rewards/status
2026-06-20 14:35:04 [http-nio-8080-exec-8] DEBUG org.springframework.security.web.FilterChainProxy - Securing GET /rewards/status
2026-06-20 14:35:04 [http-nio-8080-exec-8] DEBUG org.springframework.security.web.FilterChainProxy - Secured GET /rewards/status
2026-06-20 14:35:04 [http-nio-8080-exec-3] DEBUG org.springframework.security.web.FilterChainProxy - Securing GET /rewards/status
2026-06-20 14:35:04 [http-nio-8080-exec-3] DEBUG org.springframework.security.web.FilterChainProxy - Secured GET /rewards/status
2026-06-20 14:35:04 [http-nio-8080-exec-5] DEBUG org.springframework.security.web.FilterChainProxy - Securing GET /rewards/status
2026-06-20 14:35:04 [http-nio-8080-exec-5] DEBUG org.springframework.security.web.FilterChainProxy - Secured GET /rewards/status
2026-06-20 14:35:04 [http-nio-8080-exec-1] DEBUG org.springframework.security.web.FilterChainProxy - Securing GET /rewards/status
2026-06-20 14:35:04 [http-nio-8080-exec-1] DEBUG org.springframework.security.web.FilterChainProxy - Secured GET /rewards/status
2026-06-20 14:36:11 [http-nio-8080-exec-10] DEBUG org.springframework.security.web.FilterChainProxy - Securing OPTIONS /auth/login
2026-06-20 14:36:11 [http-nio-8080-exec-8] DEBUG org.springframework.security.web.FilterChainProxy - Securing POST /auth/login
2026-06-20 14:36:11 [http-nio-8080-exec-8] DEBUG org.springframework.security.web.authentication.AnonymousAuthenticationFilter - Set SecurityContextHolder to anonymous SecurityContext
2026-06-20 14:36:11 [http-nio-8080-exec-8] DEBUG org.springframework.security.web.FilterChainProxy - Secured POST /auth/login
2026-06-20 14:36:11 [http-nio-8080-exec-8] DEBUG org.springframework.security.authentication.dao.DaoAuthenticationProvider - Authenticated user
2026-06-20 14:36:11 [http-nio-8080-exec-3] DEBUG org.springframework.security.web.FilterChainProxy - Securing OPTIONS /users/findByPhone?phoneNumber=9090909090
2026-06-20 14:36:11 [http-nio-8080-exec-5] DEBUG org.springframework.security.web.FilterChainProxy - Securing GET /users/findByPhone?phoneNumber=9090909090
2026-06-20 14:36:11 [http-nio-8080-exec-5] DEBUG org.springframework.security.web.FilterChainProxy - Secured GET /users/findByPhone?phoneNumber=9090909090
2026-06-20 14:36:11 [http-nio-8080-exec-5] INFO  com.training.mts.aop.LoggingAspect - Entering method: UserServiceImpl.getUserByPhoneNumber(..) with arguments: [9090909090]
2026-06-20 14:36:11 [http-nio-8080-exec-5] INFO  com.training.mts.aop.LoggingAspect - Method executed successfully: UserServiceImpl.getUserByPhoneNumber(..) | Returned: User{id=2, name='Sowjen Meher', vpa=com.training.mts.model.VPA@4f217b31}
2026-06-20 14:36:11 [http-nio-8080-exec-1] DEBUG org.springframework.security.web.FilterChainProxy - Securing OPTIONS /rewards/status
2026-06-20 14:36:11 [http-nio-8080-exec-6] DEBUG org.springframework.security.web.FilterChainProxy - Securing OPTIONS /rewards/status
2026-06-20 14:36:11 [http-nio-8080-exec-2] DEBUG org.springframework.security.web.FilterChainProxy - Securing OPTIONS /rewards/status
2026-06-20 14:36:11 [http-nio-8080-exec-4] DEBUG org.springframework.security.web.FilterChainProxy - Securing GET /rewards/status
2026-06-20 14:36:11 [http-nio-8080-exec-9] DEBUG org.springframework.security.web.FilterChainProxy - Securing OPTIONS /transactions/gettranslog?vpaId=sowjenmeher1290902@mts
2026-06-20 14:36:11 [http-nio-8080-exec-7] DEBUG org.springframework.security.web.FilterChainProxy - Securing GET /transactions/gettranslog?vpaId=sowjenmeher1290902@mts
2026-06-20 14:36:11 [http-nio-8080-exec-4] DEBUG org.springframework.security.web.FilterChainProxy - Secured GET /rewards/status
2026-06-20 14:36:11 [http-nio-8080-exec-7] DEBUG org.springframework.security.web.FilterChainProxy - Secured GET /transactions/gettranslog?vpaId=sowjenmeher1290902@mts
2026-06-20 14:36:11 [http-nio-8080-exec-7] INFO  com.training.mts.aop.LoggingAspect - Entering method: TransactionServiceImpl.getTransactionHistory(..) with arguments: [sowjenmeher1290902@mts]
2026-06-20 14:36:11 [http-nio-8080-exec-10] DEBUG org.springframework.security.web.FilterChainProxy - Securing GET /rewards/status
2026-06-20 14:36:11 [http-nio-8080-exec-10] DEBUG org.springframework.security.web.FilterChainProxy - Secured GET /rewards/status
2026-06-20 14:36:11 [http-nio-8080-exec-7] INFO  com.training.mts.aop.LoggingAspect - Method executed successfully: TransactionServiceImpl.getTransactionHistory(..) | Returned: com.training.mts.dto.TransactionHistoryResponse@eb682b1
2026-06-20 14:36:11 [http-nio-8080-exec-8] DEBUG org.springframework.security.web.FilterChainProxy - Securing GET /rewards/status
2026-06-20 14:36:11 [http-nio-8080-exec-8] DEBUG org.springframework.security.web.FilterChainProxy - Secured GET /rewards/status
2026-06-20 14:36:11 [http-nio-8080-exec-3] DEBUG org.springframework.security.web.FilterChainProxy - Securing GET /rewards/status
2026-06-20 14:36:11 [http-nio-8080-exec-3] DEBUG org.springframework.security.web.FilterChainProxy - Secured GET /rewards/status
2026-06-20 14:44:17 [http-nio-8080-exec-2] DEBUG org.springframework.security.web.FilterChainProxy - Securing GET /users/findByPhone?phoneNumber=9090909090
2026-06-20 14:44:17 [http-nio-8080-exec-2] DEBUG org.springframework.security.web.FilterChainProxy - Secured GET /users/findByPhone?phoneNumber=9090909090
2026-06-20 14:44:17 [http-nio-8080-exec-2] INFO  com.training.mts.aop.LoggingAspect - Entering method: UserServiceImpl.getUserByPhoneNumber(..) with arguments: [9090909090]
2026-06-20 14:44:17 [http-nio-8080-exec-2] INFO  com.training.mts.aop.LoggingAspect - Method executed successfully: UserServiceImpl.getUserByPhoneNumber(..) | Returned: User{id=2, name='Sowjen Meher', vpa=com.training.mts.model.VPA@2d63bc81}
2026-06-20 14:44:17 [http-nio-8080-exec-9] DEBUG org.springframework.security.web.FilterChainProxy - Securing GET /rewards/status
2026-06-20 14:44:17 [http-nio-8080-exec-4] DEBUG org.springframework.security.web.FilterChainProxy - Securing GET /transactions/gettranslog?vpaId=sowjenmeher1290902@mts
2026-06-20 14:44:17 [http-nio-8080-exec-9] DEBUG org.springframework.security.web.FilterChainProxy - Secured GET /rewards/status
2026-06-20 14:44:17 [http-nio-8080-exec-4] DEBUG org.springframework.security.web.FilterChainProxy - Secured GET /transactions/gettranslog?vpaId=sowjenmeher1290902@mts
2026-06-20 14:44:17 [http-nio-8080-exec-4] INFO  com.training.mts.aop.LoggingAspect - Entering method: TransactionServiceImpl.getTransactionHistory(..) with arguments: [sowjenmeher1290902@mts]
2026-06-20 14:44:17 [http-nio-8080-exec-10] DEBUG org.springframework.security.web.FilterChainProxy - Securing GET /rewards/status
2026-06-20 14:44:17 [http-nio-8080-exec-10] DEBUG org.springframework.security.web.FilterChainProxy - Secured GET /rewards/status
2026-06-20 14:44:17 [http-nio-8080-exec-4] INFO  com.training.mts.aop.LoggingAspect - Method executed successfully: TransactionServiceImpl.getTransactionHistory(..) | Returned: com.training.mts.dto.TransactionHistoryResponse@40d63e7c
2026-06-20 14:44:17 [http-nio-8080-exec-7] DEBUG org.springframework.security.web.FilterChainProxy - Securing GET /rewards/status
2026-06-20 14:44:17 [http-nio-8080-exec-7] DEBUG org.springframework.security.web.FilterChainProxy - Secured GET /rewards/status
2026-06-20 14:44:23 [http-nio-8080-exec-8] DEBUG org.springframework.security.web.FilterChainProxy - Securing GET /users/findByPhone?phoneNumber=9090909090
2026-06-20 14:44:23 [http-nio-8080-exec-8] DEBUG org.springframework.security.web.FilterChainProxy - Secured GET /users/findByPhone?phoneNumber=9090909090
2026-06-20 14:44:23 [http-nio-8080-exec-8] INFO  com.training.mts.aop.LoggingAspect - Entering method: UserServiceImpl.getUserByPhoneNumber(..) with arguments: [9090909090]
2026-06-20 14:44:23 [http-nio-8080-exec-8] INFO  com.training.mts.aop.LoggingAspect - Method executed successfully: UserServiceImpl.getUserByPhoneNumber(..) | Returned: User{id=2, name='Sowjen Meher', vpa=com.training.mts.model.VPA@76e3022f}
2026-06-20 14:44:23 [http-nio-8080-exec-3] DEBUG org.springframework.security.web.FilterChainProxy - Securing GET /rewards/status
2026-06-20 14:44:23 [http-nio-8080-exec-3] DEBUG org.springframework.security.web.FilterChainProxy - Secured GET /rewards/status
2026-06-20 14:44:23 [http-nio-8080-exec-6] DEBUG org.springframework.security.web.FilterChainProxy - Securing GET /rewards/status
2026-06-20 14:44:23 [http-nio-8080-exec-5] DEBUG org.springframework.security.web.FilterChainProxy - Securing GET /transactions/gettranslog?vpaId=sowjenmeher1290902@mts
2026-06-20 14:44:23 [http-nio-8080-exec-6] DEBUG org.springframework.security.web.FilterChainProxy - Secured GET /rewards/status
2026-06-20 14:44:23 [http-nio-8080-exec-5] DEBUG org.springframework.security.web.FilterChainProxy - Secured GET /transactions/gettranslog?vpaId=sowjenmeher1290902@mts
2026-06-20 14:44:23 [http-nio-8080-exec-5] INFO  com.training.mts.aop.LoggingAspect - Entering method: TransactionServiceImpl.getTransactionHistory(..) with arguments: [sowjenmeher1290902@mts]
2026-06-20 14:44:23 [http-nio-8080-exec-1] DEBUG org.springframework.security.web.FilterChainProxy - Securing GET /rewards/status
2026-06-20 14:44:23 [http-nio-8080-exec-1] DEBUG org.springframework.security.web.FilterChainProxy - Secured GET /rewards/status
2026-06-20 14:44:23 [http-nio-8080-exec-5] INFO  com.training.mts.aop.LoggingAspect - Method executed successfully: TransactionServiceImpl.getTransactionHistory(..) | Returned: com.training.mts.dto.TransactionHistoryResponse@612d46d1
2026-06-20 14:44:30 [http-nio-8080-exec-2] DEBUG org.springframework.security.web.FilterChainProxy - Securing GET /users/findByPhone?phoneNumber=9090909090
2026-06-20 14:44:30 [http-nio-8080-exec-2] DEBUG org.springframework.security.web.FilterChainProxy - Secured GET /users/findByPhone?phoneNumber=9090909090
2026-06-20 14:44:30 [http-nio-8080-exec-2] INFO  com.training.mts.aop.LoggingAspect - Entering method: UserServiceImpl.getUserByPhoneNumber(..) with arguments: [9090909090]
2026-06-20 14:44:30 [http-nio-8080-exec-2] INFO  com.training.mts.aop.LoggingAspect - Method executed successfully: UserServiceImpl.getUserByPhoneNumber(..) | Returned: User{id=2, name='Sowjen Meher', vpa=com.training.mts.model.VPA@3b91277a}
2026-06-20 14:44:30 [http-nio-8080-exec-9] DEBUG org.springframework.security.web.FilterChainProxy - Securing GET /rewards/status
2026-06-20 14:44:30 [http-nio-8080-exec-9] DEBUG org.springframework.security.web.FilterChainProxy - Secured GET /rewards/status
2026-06-20 14:44:30 [http-nio-8080-exec-9] DEBUG org.springframework.security.web.FilterChainProxy - Securing GET /rewards/status
2026-06-20 14:44:30 [http-nio-8080-exec-10] DEBUG org.springframework.security.web.FilterChainProxy - Securing GET /transactions/gettranslog?vpaId=sowjenmeher1290902@mts
2026-06-20 14:44:30 [http-nio-8080-exec-9] DEBUG org.springframework.security.web.FilterChainProxy - Secured GET /rewards/status
2026-06-20 14:44:30 [http-nio-8080-exec-10] DEBUG org.springframework.security.web.FilterChainProxy - Secured GET /transactions/gettranslog?vpaId=sowjenmeher1290902@mts
2026-06-20 14:44:30 [http-nio-8080-exec-10] INFO  com.training.mts.aop.LoggingAspect - Entering method: TransactionServiceImpl.getTransactionHistory(..) with arguments: [sowjenmeher1290902@mts]
2026-06-20 14:44:30 [http-nio-8080-exec-9] DEBUG org.springframework.security.web.FilterChainProxy - Securing GET /rewards/status
2026-06-20 14:44:30 [http-nio-8080-exec-10] INFO  com.training.mts.aop.LoggingAspect - Method executed successfully: TransactionServiceImpl.getTransactionHistory(..) | Returned: com.training.mts.dto.TransactionHistoryResponse@4e48e284
2026-06-20 14:44:30 [http-nio-8080-exec-9] DEBUG org.springframework.security.web.FilterChainProxy - Secured GET /rewards/status
2026-06-20 14:53:55 [http-nio-8080-exec-5] DEBUG org.springframework.security.web.FilterChainProxy - Securing POST /auth/login
2026-06-20 14:53:55 [http-nio-8080-exec-5] DEBUG org.springframework.security.web.authentication.AnonymousAuthenticationFilter - Set SecurityContextHolder to anonymous SecurityContext
2026-06-20 14:53:55 [http-nio-8080-exec-5] DEBUG org.springframework.security.web.FilterChainProxy - Secured POST /auth/login
2026-06-20 14:53:55 [http-nio-8080-exec-5] DEBUG org.springframework.security.authentication.dao.DaoAuthenticationProvider - Authenticated user
2026-06-20 14:53:55 [http-nio-8080-exec-1] DEBUG org.springframework.security.web.FilterChainProxy - Securing OPTIONS /users/findByPhone?phoneNumber=9840774661
2026-06-20 14:53:55 [http-nio-8080-exec-2] DEBUG org.springframework.security.web.FilterChainProxy - Securing GET /users/findByPhone?phoneNumber=9840774661
2026-06-20 14:53:55 [http-nio-8080-exec-2] DEBUG org.springframework.security.web.FilterChainProxy - Secured GET /users/findByPhone?phoneNumber=9840774661
2026-06-20 14:53:55 [http-nio-8080-exec-2] INFO  com.training.mts.aop.LoggingAspect - Entering method: UserServiceImpl.getUserByPhoneNumber(..) with arguments: [9840774661]
2026-06-20 14:53:55 [http-nio-8080-exec-2] INFO  com.training.mts.aop.LoggingAspect - Method executed successfully: UserServiceImpl.getUserByPhoneNumber(..) | Returned: User{id=6, name='Deepak', vpa=null}
2026-06-20 14:53:55 [http-nio-8080-exec-4] DEBUG org.springframework.security.web.FilterChainProxy - Securing OPTIONS /admin/getusers
2026-06-20 14:53:55 [http-nio-8080-exec-7] DEBUG org.springframework.security.web.FilterChainProxy - Securing OPTIONS /admin/gettranslog
2026-06-20 14:53:55 [http-nio-8080-exec-10] DEBUG org.springframework.security.web.FilterChainProxy - Securing GET /admin/getusers
2026-06-20 14:53:55 [http-nio-8080-exec-9] DEBUG org.springframework.security.web.FilterChainProxy - Securing GET /admin/gettranslog
2026-06-20 14:53:55 [http-nio-8080-exec-10] DEBUG org.springframework.security.web.FilterChainProxy - Secured GET /admin/getusers
2026-06-20 14:53:55 [http-nio-8080-exec-10] INFO  com.training.mts.aop.LoggingAspect - Entering method: AdminServiceImpl.findAll() with arguments: []
2026-06-20 14:53:55 [http-nio-8080-exec-9] DEBUG org.springframework.security.web.FilterChainProxy - Secured GET /admin/gettranslog
2026-06-20 14:53:55 [http-nio-8080-exec-9] INFO  com.training.mts.aop.LoggingAspect - Entering method: AdminServiceImpl.getTransactionHistory() with arguments: []
2026-06-20 14:53:55 [http-nio-8080-exec-9] INFO  com.training.mts.aop.LoggingAspect - Method executed successfully: AdminServiceImpl.getTransactionHistory() | Returned: [com.training.mts.model.Transaction@f1b621, com.training.mts.model.Transaction@589d2b1, com.training.mts.model.Transaction@9e4a004, com.training.mts.model.Transaction@6e663e11, com.training.mts.model.Transaction@632bcd42, com.training.mts.model.Transaction@28fc87cc]
2026-06-20 14:53:55 [http-nio-8080-exec-10] INFO  com.training.mts.aop.LoggingAspect - Method executed successfully: AdminServiceImpl.findAll() | Returned: [User{id=1, name='Hari Keshav', vpa=com.training.mts.model.VPA@5e833ff4}, User{id=2, name='Sowjen Meher', vpa=com.training.mts.model.VPA@dbe73f9}, User{id=3, name='Nethra', vpa=com.training.mts.model.VPA@48505c2}, User{id=6, name='Deepak', vpa=null}]
2026-06-20 14:53:58 [http-nio-8080-exec-8] DEBUG org.springframework.security.web.FilterChainProxy - Securing GET /admin/getusers
2026-06-20 14:53:58 [http-nio-8080-exec-8] DEBUG org.springframework.security.web.FilterChainProxy - Secured GET /admin/getusers
2026-06-20 14:53:58 [http-nio-8080-exec-8] INFO  com.training.mts.aop.LoggingAspect - Entering method: AdminServiceImpl.findAll() with arguments: []
2026-06-20 14:53:58 [http-nio-8080-exec-8] INFO  com.training.mts.aop.LoggingAspect - Method executed successfully: AdminServiceImpl.findAll() | Returned: [User{id=1, name='Hari Keshav', vpa=com.training.mts.model.VPA@452ec39f}, User{id=2, name='Sowjen Meher', vpa=com.training.mts.model.VPA@68c82501}, User{id=3, name='Nethra', vpa=com.training.mts.model.VPA@769fadc2}, User{id=6, name='Deepak', vpa=null}]
2026-06-20 14:54:00 [http-nio-8080-exec-3] DEBUG org.springframework.security.web.FilterChainProxy - Securing OPTIONS /admin/changeStatus
2026-06-20 14:54:00 [http-nio-8080-exec-6] DEBUG org.springframework.security.web.FilterChainProxy - Securing PUT /admin/changeStatus
2026-06-20 14:54:00 [http-nio-8080-exec-6] DEBUG org.springframework.security.web.FilterChainProxy - Secured PUT /admin/changeStatus
2026-06-20 14:54:00 [http-nio-8080-exec-6] INFO  com.training.mts.aop.LoggingAspect - Entering method: AdminServiceImpl.updateUser(..) with arguments: [sowjenmeher1290902@mts, LOCKED]
2026-06-20 14:54:00 [http-nio-8080-exec-6] INFO  com.training.mts.aop.LoggingAspect - Method executed successfully: AdminServiceImpl.updateUser(..) | Returned: User{id=2, name='Sowjen Meher', vpa=com.training.mts.model.VPA@373c1d97}
2026-06-20 14:54:00 [http-nio-8080-exec-5] DEBUG org.springframework.security.web.FilterChainProxy - Securing GET /admin/getusers
2026-06-20 14:54:00 [http-nio-8080-exec-5] DEBUG org.springframework.security.web.FilterChainProxy - Secured GET /admin/getusers
2026-06-20 14:54:00 [http-nio-8080-exec-5] INFO  com.training.mts.aop.LoggingAspect - Entering method: AdminServiceImpl.findAll() with arguments: []
2026-06-20 14:54:00 [http-nio-8080-exec-5] INFO  com.training.mts.aop.LoggingAspect - Method executed successfully: AdminServiceImpl.findAll() | Returned: [User{id=1, name='Hari Keshav', vpa=com.training.mts.model.VPA@6cfa7e29}, User{id=2, name='Sowjen Meher', vpa=com.training.mts.model.VPA@40eaae8}, User{id=3, name='Nethra', vpa=com.training.mts.model.VPA@4bca72d8}, User{id=6, name='Deepak', vpa=null}]
2026-06-20 14:54:14 [http-nio-8080-exec-1] DEBUG org.springframework.security.web.FilterChainProxy - Securing POST /auth/login
2026-06-20 14:54:14 [http-nio-8080-exec-1] DEBUG org.springframework.security.web.authentication.AnonymousAuthenticationFilter - Set SecurityContextHolder to anonymous SecurityContext
2026-06-20 14:54:14 [http-nio-8080-exec-1] DEBUG org.springframework.security.web.FilterChainProxy - Secured POST /auth/login
2026-06-20 14:54:14 [http-nio-8080-exec-1] DEBUG org.springframework.security.authentication.dao.DaoAuthenticationProvider - Authenticated user
2026-06-20 14:54:14 [http-nio-8080-exec-2] DEBUG org.springframework.security.web.FilterChainProxy - Securing GET /users/findByPhone?phoneNumber=9090909090
2026-06-20 14:54:14 [http-nio-8080-exec-2] DEBUG org.springframework.security.web.FilterChainProxy - Secured GET /users/findByPhone?phoneNumber=9090909090
2026-06-20 14:54:14 [http-nio-8080-exec-2] INFO  com.training.mts.aop.LoggingAspect - Entering method: UserServiceImpl.getUserByPhoneNumber(..) with arguments: [9090909090]
2026-06-20 14:54:14 [http-nio-8080-exec-2] INFO  com.training.mts.aop.LoggingAspect - Method executed successfully: UserServiceImpl.getUserByPhoneNumber(..) | Returned: User{id=2, name='Sowjen Meher', vpa=com.training.mts.model.VPA@156fe072}
2026-06-20 14:54:14 [http-nio-8080-exec-4] DEBUG org.springframework.security.web.FilterChainProxy - Securing GET /rewards/status
2026-06-20 14:54:14 [http-nio-8080-exec-4] DEBUG org.springframework.security.web.FilterChainProxy - Secured GET /rewards/status
2026-06-20 14:54:14 [http-nio-8080-exec-7] DEBUG org.springframework.security.web.FilterChainProxy - Securing GET /rewards/status
2026-06-20 14:54:14 [http-nio-8080-exec-7] DEBUG org.springframework.security.web.FilterChainProxy - Secured GET /rewards/status
2026-06-20 14:54:14 [http-nio-8080-exec-9] DEBUG org.springframework.security.web.FilterChainProxy - Securing GET /rewards/status
2026-06-20 14:54:14 [http-nio-8080-exec-9] DEBUG org.springframework.security.web.FilterChainProxy - Secured GET /rewards/status
2026-06-20 14:54:14 [http-nio-8080-exec-10] DEBUG org.springframework.security.web.FilterChainProxy - Securing GET /rewards/status
2026-06-20 14:54:14 [http-nio-8080-exec-10] DEBUG org.springframework.security.web.FilterChainProxy - Secured GET /rewards/status
2026-06-20 14:54:14 [http-nio-8080-exec-8] DEBUG org.springframework.security.web.FilterChainProxy - Securing GET /rewards/status
2026-06-20 14:54:14 [http-nio-8080-exec-8] DEBUG org.springframework.security.web.FilterChainProxy - Secured GET /rewards/status
2026-06-20 14:54:14 [http-nio-8080-exec-3] DEBUG org.springframework.security.web.FilterChainProxy - Securing GET /rewards/status
2026-06-20 14:54:14 [http-nio-8080-exec-3] DEBUG org.springframework.security.web.FilterChainProxy - Secured GET /rewards/status
2026-06-20 14:54:14 [http-nio-8080-exec-6] DEBUG org.springframework.security.web.FilterChainProxy - Securing GET /rewards/status
2026-06-20 14:54:14 [http-nio-8080-exec-6] DEBUG org.springframework.security.web.FilterChainProxy - Secured GET /rewards/status
2026-06-20 14:54:14 [http-nio-8080-exec-5] DEBUG org.springframework.security.web.FilterChainProxy - Securing GET /rewards/status
2026-06-20 14:54:14 [http-nio-8080-exec-5] DEBUG org.springframework.security.web.FilterChainProxy - Secured GET /rewards/status
2026-06-20 14:54:17 [http-nio-8080-exec-1] DEBUG org.springframework.security.web.FilterChainProxy - Securing GET /rewards/status
2026-06-20 14:54:17 [http-nio-8080-exec-1] DEBUG org.springframework.security.web.FilterChainProxy - Secured GET /rewards/status
2026-06-20 14:54:17 [http-nio-8080-exec-2] DEBUG org.springframework.security.web.FilterChainProxy - Securing GET /rewards/status
2026-06-20 14:54:17 [http-nio-8080-exec-2] DEBUG org.springframework.security.web.FilterChainProxy - Secured GET /rewards/status
2026-06-20 14:54:17 [http-nio-8080-exec-2] DEBUG org.springframework.security.web.FilterChainProxy - Securing GET /rewards/status
2026-06-20 14:54:17 [http-nio-8080-exec-2] DEBUG org.springframework.security.web.FilterChainProxy - Secured GET /rewards/status
2026-06-20 14:54:17 [http-nio-8080-exec-2] DEBUG org.springframework.security.web.FilterChainProxy - Securing GET /rewards/status
2026-06-20 14:54:17 [http-nio-8080-exec-2] DEBUG org.springframework.security.web.FilterChainProxy - Secured GET /rewards/status
2026-06-20 14:54:17 [http-nio-8080-exec-9] DEBUG org.springframework.security.web.FilterChainProxy - Securing GET /rewards/status
2026-06-20 14:54:17 [http-nio-8080-exec-9] DEBUG org.springframework.security.web.FilterChainProxy - Secured GET /rewards/status
2026-06-20 14:54:17 [http-nio-8080-exec-10] DEBUG org.springframework.security.web.FilterChainProxy - Securing GET /rewards/status
2026-06-20 14:54:17 [http-nio-8080-exec-10] DEBUG org.springframework.security.web.FilterChainProxy - Secured GET /rewards/status
2026-06-20 14:54:17 [http-nio-8080-exec-8] DEBUG org.springframework.security.web.FilterChainProxy - Securing GET /rewards/status
2026-06-20 14:54:17 [http-nio-8080-exec-8] DEBUG org.springframework.security.web.FilterChainProxy - Secured GET /rewards/status
2026-06-20 14:54:17 [http-nio-8080-exec-3] DEBUG org.springframework.security.web.FilterChainProxy - Securing GET /rewards/status
2026-06-20 14:54:17 [http-nio-8080-exec-3] DEBUG org.springframework.security.web.FilterChainProxy - Secured GET /rewards/status
2026-06-20 14:54:17 [http-nio-8080-exec-3] DEBUG org.springframework.security.web.FilterChainProxy - Securing GET /rewards/status
2026-06-20 14:54:17 [http-nio-8080-exec-3] DEBUG org.springframework.security.web.FilterChainProxy - Secured GET /rewards/status
2026-06-20 14:54:36 [http-nio-8080-exec-5] DEBUG org.springframework.security.web.FilterChainProxy - Securing POST /auth/login
2026-06-20 14:54:36 [http-nio-8080-exec-5] DEBUG org.springframework.security.web.authentication.AnonymousAuthenticationFilter - Set SecurityContextHolder to anonymous SecurityContext
2026-06-20 14:54:36 [http-nio-8080-exec-5] DEBUG org.springframework.security.web.FilterChainProxy - Secured POST /auth/login
2026-06-20 14:54:36 [http-nio-8080-exec-5] DEBUG org.springframework.security.authentication.dao.DaoAuthenticationProvider - Authenticated user
2026-06-20 14:54:36 [http-nio-8080-exec-1] DEBUG org.springframework.security.web.FilterChainProxy - Securing OPTIONS /users/findByPhone?phoneNumber=9840774662
2026-06-20 14:54:36 [http-nio-8080-exec-4] DEBUG org.springframework.security.web.FilterChainProxy - Securing GET /users/findByPhone?phoneNumber=9840774662
2026-06-20 14:54:36 [http-nio-8080-exec-4] DEBUG org.springframework.security.web.FilterChainProxy - Secured GET /users/findByPhone?phoneNumber=9840774662
2026-06-20 14:54:36 [http-nio-8080-exec-4] INFO  com.training.mts.aop.LoggingAspect - Entering method: UserServiceImpl.getUserByPhoneNumber(..) with arguments: [9840774662]
2026-06-20 14:54:36 [http-nio-8080-exec-4] INFO  com.training.mts.aop.LoggingAspect - Method executed successfully: UserServiceImpl.getUserByPhoneNumber(..) | Returned: User{id=1, name='Hari Keshav', vpa=com.training.mts.model.VPA@7fa7a2aa}
2026-06-20 14:54:36 [http-nio-8080-exec-7] DEBUG org.springframework.security.web.FilterChainProxy - Securing GET /rewards/status
2026-06-20 14:54:36 [http-nio-8080-exec-2] DEBUG org.springframework.security.web.FilterChainProxy - Securing OPTIONS /transactions/gettranslog?vpaId=deepchan0498401@mts
2026-06-20 14:54:36 [http-nio-8080-exec-9] DEBUG org.springframework.security.web.FilterChainProxy - Securing GET /transactions/gettranslog?vpaId=deepchan0498401@mts
2026-06-20 14:54:36 [http-nio-8080-exec-7] DEBUG org.springframework.security.web.FilterChainProxy - Secured GET /rewards/status
2026-06-20 14:54:36 [http-nio-8080-exec-9] DEBUG org.springframework.security.web.FilterChainProxy - Secured GET /transactions/gettranslog?vpaId=deepchan0498401@mts
2026-06-20 14:54:36 [http-nio-8080-exec-9] INFO  com.training.mts.aop.LoggingAspect - Entering method: TransactionServiceImpl.getTransactionHistory(..) with arguments: [deepchan0498401@mts]
2026-06-20 14:54:36 [http-nio-8080-exec-10] DEBUG org.springframework.security.web.FilterChainProxy - Securing GET /rewards/status
2026-06-20 14:54:36 [http-nio-8080-exec-10] DEBUG org.springframework.security.web.FilterChainProxy - Secured GET /rewards/status
2026-06-20 14:54:36 [http-nio-8080-exec-9] INFO  com.training.mts.aop.LoggingAspect - Method executed successfully: TransactionServiceImpl.getTransactionHistory(..) | Returned: com.training.mts.dto.TransactionHistoryResponse@53515de4
2026-06-20 14:54:36 [http-nio-8080-exec-8] DEBUG org.springframework.security.web.FilterChainProxy - Securing GET /rewards/status
2026-06-20 14:54:36 [http-nio-8080-exec-8] DEBUG org.springframework.security.web.FilterChainProxy - Secured GET /rewards/status
2026-06-20 14:54:36 [http-nio-8080-exec-6] DEBUG org.springframework.security.web.FilterChainProxy - Securing GET /rewards/status
2026-06-20 14:54:36 [http-nio-8080-exec-6] DEBUG org.springframework.security.web.FilterChainProxy - Secured GET /rewards/status
2026-06-20 14:54:36 [http-nio-8080-exec-3] DEBUG org.springframework.security.web.FilterChainProxy - Securing GET /rewards/status
2026-06-20 14:54:36 [http-nio-8080-exec-3] DEBUG org.springframework.security.web.FilterChainProxy - Secured GET /rewards/status
2026-06-20 14:54:36 [http-nio-8080-exec-5] DEBUG org.springframework.security.web.FilterChainProxy - Securing GET /rewards/status
2026-06-20 14:54:36 [http-nio-8080-exec-5] DEBUG org.springframework.security.web.FilterChainProxy - Secured GET /rewards/status
2026-06-20 14:54:36 [http-nio-8080-exec-1] DEBUG org.springframework.security.web.FilterChainProxy - Securing GET /rewards/status
2026-06-20 14:54:36 [http-nio-8080-exec-1] DEBUG org.springframework.security.web.FilterChainProxy - Secured GET /rewards/status
2026-06-20 14:54:36 [http-nio-8080-exec-4] DEBUG org.springframework.security.web.FilterChainProxy - Securing GET /rewards/status
2026-06-20 14:54:36 [http-nio-8080-exec-4] DEBUG org.springframework.security.web.FilterChainProxy - Secured GET /rewards/status
2026-06-20 14:54:36 [http-nio-8080-exec-2] DEBUG org.springframework.security.web.FilterChainProxy - Securing GET /rewards/status
2026-06-20 14:54:36 [http-nio-8080-exec-2] DEBUG org.springframework.security.web.FilterChainProxy - Secured GET /rewards/status
2026-06-20 14:54:36 [http-nio-8080-exec-2] DEBUG org.springframework.security.web.FilterChainProxy - Securing GET /rewards/status
2026-06-20 14:54:36 [http-nio-8080-exec-2] DEBUG org.springframework.security.web.FilterChainProxy - Secured GET /rewards/status
2026-06-20 14:54:36 [http-nio-8080-exec-10] DEBUG org.springframework.security.web.FilterChainProxy - Securing GET /rewards/status
2026-06-20 14:54:36 [http-nio-8080-exec-10] DEBUG org.springframework.security.web.FilterChainProxy - Secured GET /rewards/status
2026-06-20 14:54:36 [http-nio-8080-exec-9] DEBUG org.springframework.security.web.FilterChainProxy - Securing GET /rewards/status
2026-06-20 14:54:37 [http-nio-8080-exec-9] DEBUG org.springframework.security.web.FilterChainProxy - Secured GET /rewards/status
2026-06-20 14:54:37 [http-nio-8080-exec-8] DEBUG org.springframework.security.web.FilterChainProxy - Securing GET /rewards/status
2026-06-20 14:54:37 [http-nio-8080-exec-8] DEBUG org.springframework.security.web.FilterChainProxy - Secured GET /rewards/status
2026-06-20 14:54:40 [http-nio-8080-exec-6] DEBUG org.springframework.security.web.FilterChainProxy - Securing GET /rewards/status
2026-06-20 14:54:40 [http-nio-8080-exec-3] DEBUG org.springframework.security.web.FilterChainProxy - Securing OPTIONS /users/getusers
2026-06-20 14:54:40 [http-nio-8080-exec-5] DEBUG org.springframework.security.web.FilterChainProxy - Securing GET /users/getusers
2026-06-20 14:54:40 [http-nio-8080-exec-6] DEBUG org.springframework.security.web.FilterChainProxy - Secured GET /rewards/status
2026-06-20 14:54:40 [http-nio-8080-exec-5] DEBUG org.springframework.security.web.FilterChainProxy - Secured GET /users/getusers
2026-06-20 14:54:40 [http-nio-8080-exec-5] INFO  com.training.mts.aop.LoggingAspect - Entering method: UserServiceImpl.getAllUsers() with arguments: []
2026-06-20 14:54:40 [http-nio-8080-exec-1] DEBUG org.springframework.security.web.FilterChainProxy - Securing GET /rewards/status
2026-06-20 14:54:40 [http-nio-8080-exec-1] DEBUG org.springframework.security.web.FilterChainProxy - Secured GET /rewards/status
2026-06-20 14:54:40 [http-nio-8080-exec-5] INFO  com.training.mts.aop.LoggingAspect - Method executed successfully: UserServiceImpl.getAllUsers() | Returned: [com.training.mts.dto.GetAllUsersRequest@64d42518, com.training.mts.dto.GetAllUsersRequest@198fbcbb, com.training.mts.dto.GetAllUsersRequest@22b77e82]
2026-06-20 14:54:40 [http-nio-8080-exec-5] DEBUG org.springframework.security.web.FilterChainProxy - Securing GET /rewards/status
2026-06-20 14:54:40 [http-nio-8080-exec-5] DEBUG org.springframework.security.web.FilterChainProxy - Secured GET /rewards/status
2026-06-20 14:54:40 [http-nio-8080-exec-7] DEBUG org.springframework.security.web.FilterChainProxy - Securing GET /rewards/status
2026-06-20 14:54:40 [http-nio-8080-exec-7] DEBUG org.springframework.security.web.FilterChainProxy - Secured GET /rewards/status
2026-06-20 14:54:40 [http-nio-8080-exec-2] DEBUG org.springframework.security.web.FilterChainProxy - Securing GET /rewards/status
2026-06-20 14:54:40 [http-nio-8080-exec-2] DEBUG org.springframework.security.web.FilterChainProxy - Secured GET /rewards/status
2026-06-20 14:54:40 [http-nio-8080-exec-10] DEBUG org.springframework.security.web.FilterChainProxy - Securing GET /rewards/status
2026-06-20 14:54:40 [http-nio-8080-exec-10] DEBUG org.springframework.security.web.FilterChainProxy - Secured GET /rewards/status
2026-06-20 14:54:40 [http-nio-8080-exec-9] DEBUG org.springframework.security.web.FilterChainProxy - Securing GET /rewards/status
2026-06-20 14:54:40 [http-nio-8080-exec-9] DEBUG org.springframework.security.web.FilterChainProxy - Secured GET /rewards/status
2026-06-20 14:54:40 [http-nio-8080-exec-8] DEBUG org.springframework.security.web.FilterChainProxy - Securing GET /rewards/status
2026-06-20 14:54:40 [http-nio-8080-exec-8] DEBUG org.springframework.security.web.FilterChainProxy - Secured GET /rewards/status
2026-06-20 14:54:40 [http-nio-8080-exec-3] DEBUG org.springframework.security.web.FilterChainProxy - Securing GET /rewards/status
2026-06-20 14:54:40 [http-nio-8080-exec-3] DEBUG org.springframework.security.web.FilterChainProxy - Secured GET /rewards/status
2026-06-20 14:54:40 [http-nio-8080-exec-6] DEBUG org.springframework.security.web.FilterChainProxy - Securing GET /rewards/status
2026-06-20 14:54:41 [http-nio-8080-exec-6] DEBUG org.springframework.security.web.FilterChainProxy - Secured GET /rewards/status
2026-06-20 14:54:41 [http-nio-8080-exec-4] DEBUG org.springframework.security.web.FilterChainProxy - Securing GET /rewards/status
2026-06-20 14:54:41 [http-nio-8080-exec-4] DEBUG org.springframework.security.web.FilterChainProxy - Secured GET /rewards/status
2026-06-20 14:54:41 [http-nio-8080-exec-1] DEBUG org.springframework.security.web.FilterChainProxy - Securing GET /rewards/status
2026-06-20 14:54:41 [http-nio-8080-exec-1] DEBUG org.springframework.security.web.FilterChainProxy - Secured GET /rewards/status
2026-06-20 14:54:41 [http-nio-8080-exec-5] DEBUG org.springframework.security.web.FilterChainProxy - Securing GET /rewards/status
2026-06-20 14:54:41 [http-nio-8080-exec-5] DEBUG org.springframework.security.web.FilterChainProxy - Secured GET /rewards/status
2026-06-20 14:54:41 [http-nio-8080-exec-7] DEBUG org.springframework.security.web.FilterChainProxy - Securing GET /rewards/status
2026-06-20 14:54:41 [http-nio-8080-exec-7] DEBUG org.springframework.security.web.FilterChainProxy - Secured GET /rewards/status
2026-06-20 14:54:50 [http-nio-8080-exec-2] DEBUG org.springframework.security.web.FilterChainProxy - Securing OPTIONS /transactions/pay
2026-06-20 14:54:50 [http-nio-8080-exec-10] DEBUG org.springframework.security.web.FilterChainProxy - Securing POST /transactions/pay
2026-06-20 14:54:50 [http-nio-8080-exec-10] DEBUG org.springframework.security.web.FilterChainProxy - Secured POST /transactions/pay
2026-06-20 14:54:50 [http-nio-8080-exec-10] INFO  com.training.mts.aop.LoggingAspect - Entering method: TransactionServiceImpl.initiatePayment(..) with arguments: [com.training.mts.dto.TransactionRequest@36762cc2]
2026-06-20 14:54:50 [http-nio-8080-exec-10] INFO  com.training.mts.aop.LoggingAspect - Entering method: TransactionFailServiceImpl.saveFailedTransaction(..) with arguments: [1_1781947490814_evlbducu4wm, User{id=1, name='Hari Keshav', vpa=com.training.mts.model.VPA@4a5762de}, User{id=2, name='Sowjen Meher', vpa=com.training.mts.model.VPA@1a410fb7}, 100.0, Account of usercom.training.mts.model.VPA@1a410fb7 is not active]
2026-06-20 14:54:51 [http-nio-8080-exec-10] INFO  com.training.mts.aop.LoggingAspect - Method executed successfully: TransactionFailServiceImpl.saveFailedTransaction(..) | Returned: com.training.mts.model.Transaction@1dc38523
2026-06-20 14:54:51 [http-nio-8080-exec-10] ERROR com.training.mts.aop.LoggingAspect - Exception in method: TransactionServiceImpl.initiatePayment(..) | Message: Account of usersowjenmeher1290902@mts is not active | Arguments: [com.training.mts.dto.TransactionRequest@36762cc2]
com.training.mts.exceptions.AccountNotActiveException: Account of usersowjenmeher1290902@mts is not active
	at com.training.mts.service.TransactionServiceImpl.initiatePayment(TransactionServiceImpl.java:79)
	at java.base/jdk.internal.reflect.DirectMethodHandleAccessor.invoke(DirectMethodHandleAccessor.java:103)
	at java.base/java.lang.reflect.Method.invoke(Method.java:580)
	at org.springframework.aop.support.AopUtils.invokeJoinpointUsingReflection(AopUtils.java:359)
	at org.springframework.aop.framework.ReflectiveMethodInvocation.invokeJoinpoint(ReflectiveMethodInvocation.java:190)
	at org.springframework.aop.framework.ReflectiveMethodInvocation.proceed(ReflectiveMethodInvocation.java:158)
	at org.springframework.aop.aspectj.AspectJAfterThrowingAdvice.invoke(AspectJAfterThrowingAdvice.java:63)
	at org.springframework.aop.framework.ReflectiveMethodInvocation.proceed(ReflectiveMethodInvocation.java:179)
	at org.springframework.aop.framework.adapter.AfterReturningAdviceInterceptor.invoke(AfterReturningAdviceInterceptor.java:56)
	at org.springframework.aop.framework.ReflectiveMethodInvocation.proceed(ReflectiveMethodInvocation.java:179)
	at org.springframework.aop.framework.adapter.MethodBeforeAdviceInterceptor.invoke(MethodBeforeAdviceInterceptor.java:57)
	at org.springframework.aop.framework.ReflectiveMethodInvocation.proceed(ReflectiveMethodInvocation.java:179)
	at org.springframework.transaction.interceptor.TransactionInterceptor$1.proceedWithInvocation(TransactionInterceptor.java:133)
	at org.springframework.transaction.interceptor.TransactionAspectSupport.invokeWithinTransaction(TransactionAspectSupport.java:371)
	at org.springframework.transaction.interceptor.TransactionInterceptor.invoke(TransactionInterceptor.java:130)
	at org.springframework.aop.framework.ReflectiveMethodInvocation.proceed(ReflectiveMethodInvocation.java:179)
	at org.springframework.aop.interceptor.ExposeInvocationInterceptor.invoke(ExposeInvocationInterceptor.java:96)
	at org.springframework.aop.framework.ReflectiveMethodInvocation.proceed(ReflectiveMethodInvocation.java:179)
	at org.springframework.aop.framework.CglibAopProxy$DynamicAdvisedInterceptor.intercept(CglibAopProxy.java:719)
	at com.training.mts.service.TransactionServiceImpl$$SpringCGLIB$$0.initiatePayment(<generated>)
	at com.training.mts.controller.TransactionController.initiatePayment(TransactionController.java:30)
	at java.base/jdk.internal.reflect.DirectMethodHandleAccessor.invoke(DirectMethodHandleAccessor.java:103)
	at java.base/java.lang.reflect.Method.invoke(Method.java:580)
	at org.springframework.web.method.support.InvocableHandlerMethod.doInvoke(InvocableHandlerMethod.java:258)
	at org.springframework.web.method.support.InvocableHandlerMethod.invokeForRequest(InvocableHandlerMethod.java:190)
	at org.springframework.web.servlet.mvc.method.annotation.ServletInvocableHandlerMethod.invokeAndHandle(ServletInvocableHandlerMethod.java:117)
	at org.springframework.web.servlet.mvc.method.annotation.RequestMappingHandlerAdapter.invokeHandlerMethod(RequestMappingHandlerAdapter.java:934)
	at org.springframework.web.servlet.mvc.method.annotation.RequestMappingHandlerAdapter.handleInternal(RequestMappingHandlerAdapter.java:853)
	at org.springframework.web.servlet.mvc.method.AbstractHandlerMethodAdapter.handle(AbstractHandlerMethodAdapter.java:86)
	at org.springframework.web.servlet.DispatcherServlet.doDispatch(DispatcherServlet.java:963)
	at org.springframework.web.servlet.DispatcherServlet.doService(DispatcherServlet.java:866)
	at org.springframework.web.servlet.FrameworkServlet.processRequest(FrameworkServlet.java:1003)
	at org.springframework.web.servlet.FrameworkServlet.doPost(FrameworkServlet.java:903)
	at jakarta.servlet.http.HttpServlet.service(HttpServlet.java:649)
	at org.springframework.web.servlet.FrameworkServlet.service(FrameworkServlet.java:874)
	at jakarta.servlet.http.HttpServlet.service(HttpServlet.java:710)
	at org.apache.catalina.core.ApplicationFilterChain.doFilter(ApplicationFilterChain.java:128)
	at org.apache.tomcat.websocket.server.WsFilter.doFilter(WsFilter.java:53)
	at org.apache.catalina.core.ApplicationFilterChain.doFilter(ApplicationFilterChain.java:107)
	at org.springframework.web.filter.OncePerRequestFilter.doFilter(OncePerRequestFilter.java:110)
	at org.apache.catalina.core.ApplicationFilterChain.doFilter(ApplicationFilterChain.java:107)
	at org.springframework.web.filter.CompositeFilter$VirtualFilterChain.doFilter(CompositeFilter.java:108)
	at org.springframework.security.web.FilterChainProxy.lambda$doFilterInternal$3(FilterChainProxy.java:235)
	at org.springframework.security.web.FilterChainProxy$VirtualFilterChain.doFilter(FilterChainProxy.java:371)
	at org.springframework.security.web.access.intercept.AuthorizationFilter.doFilter(AuthorizationFilter.java:101)
	at org.springframework.security.web.FilterChainProxy$VirtualFilterChain.doFilter(FilterChainProxy.java:380)
	at org.springframework.security.web.access.ExceptionTranslationFilter.doFilter(ExceptionTranslationFilter.java:126)
	at org.springframework.security.web.access.ExceptionTranslationFilter.doFilter(ExceptionTranslationFilter.java:120)
	at org.springframework.security.web.FilterChainProxy$VirtualFilterChain.doFilter(FilterChainProxy.java:380)
	at org.springframework.security.web.session.SessionManagementFilter.doFilter(SessionManagementFilter.java:132)
	at org.springframework.security.web.session.SessionManagementFilter.doFilter(SessionManagementFilter.java:86)
	at org.springframework.security.web.FilterChainProxy$VirtualFilterChain.doFilter(FilterChainProxy.java:380)
	at org.springframework.security.web.authentication.AnonymousAuthenticationFilter.doFilter(AnonymousAuthenticationFilter.java:100)
	at org.springframework.security.web.FilterChainProxy$VirtualFilterChain.doFilter(FilterChainProxy.java:380)
	at org.springframework.security.web.servletapi.SecurityContextHolderAwareRequestFilter.doFilter(SecurityContextHolderAwareRequestFilter.java:181)
	at org.springframework.security.web.FilterChainProxy$VirtualFilterChain.doFilter(FilterChainProxy.java:380)
	at org.springframework.security.web.savedrequest.RequestCacheAwareFilter.doFilter(RequestCacheAwareFilter.java:63)
	at org.springframework.security.web.FilterChainProxy$VirtualFilterChain.doFilter(FilterChainProxy.java:380)
	at com.training.mts.security.JwtAuthenticationFilter.doFilterInternal(JwtAuthenticationFilter.java:48)
	at org.springframework.web.filter.OncePerRequestFilter.doFilter(OncePerRequestFilter.java:116)
	at org.springframework.security.web.FilterChainProxy$VirtualFilterChain.doFilter(FilterChainProxy.java:380)
	at org.springframework.security.web.authentication.logout.LogoutFilter.doFilter(LogoutFilter.java:110)
	at org.springframework.security.web.authentication.logout.LogoutFilter.doFilter(LogoutFilter.java:96)
	at org.springframework.security.web.FilterChainProxy$VirtualFilterChain.doFilter(FilterChainProxy.java:380)
	at org.springframework.web.filter.CorsFilter.doFilterInternal(CorsFilter.java:91)
	at org.springframework.web.filter.OncePerRequestFilter.doFilter(OncePerRequestFilter.java:116)
	at org.springframework.security.web.FilterChainProxy$VirtualFilterChain.doFilter(FilterChainProxy.java:380)
	at org.springframework.security.web.header.HeaderWriterFilter.doHeadersAfter(HeaderWriterFilter.java:90)
	at org.springframework.security.web.header.HeaderWriterFilter.doFilterInternal(HeaderWriterFilter.java:75)
	at org.springframework.web.filter.OncePerRequestFilter.doFilter(OncePerRequestFilter.java:116)
	at org.springframework.security.web.FilterChainProxy$VirtualFilterChain.doFilter(FilterChainProxy.java:380)
	at org.springframework.security.web.context.SecurityContextHolderFilter.doFilter(SecurityContextHolderFilter.java:82)
	at org.springframework.security.web.context.SecurityContextHolderFilter.doFilter(SecurityContextHolderFilter.java:69)
	at org.springframework.security.web.FilterChainProxy$VirtualFilterChain.doFilter(FilterChainProxy.java:380)
	at org.springframework.security.web.context.request.async.WebAsyncManagerIntegrationFilter.doFilterInternal(WebAsyncManagerIntegrationFilter.java:62)
	at org.springframework.web.filter.OncePerRequestFilter.doFilter(OncePerRequestFilter.java:116)
	at org.springframework.security.web.FilterChainProxy$VirtualFilterChain.doFilter(FilterChainProxy.java:380)
	at org.springframework.security.web.session.DisableEncodeUrlFilter.doFilterInternal(DisableEncodeUrlFilter.java:42)
	at org.springframework.web.filter.OncePerRequestFilter.doFilter(OncePerRequestFilter.java:116)
	at org.springframework.security.web.FilterChainProxy$VirtualFilterChain.doFilter(FilterChainProxy.java:380)
	at org.springframework.security.web.FilterChainProxy.doFilterInternal(FilterChainProxy.java:237)
	at org.springframework.security.web.FilterChainProxy.doFilter(FilterChainProxy.java:195)
	at org.springframework.web.filter.CompositeFilter$VirtualFilterChain.doFilter(CompositeFilter.java:113)
	at org.springframework.web.filter.ServletRequestPathFilter.doFilter(ServletRequestPathFilter.java:52)
	at org.springframework.web.filter.CompositeFilter$VirtualFilterChain.doFilter(CompositeFilter.java:113)
	at org.springframework.web.filter.CompositeFilter.doFilter(CompositeFilter.java:74)
	at org.springframework.security.config.annotation.web.configuration.WebSecurityConfiguration$CompositeFilterChainProxy.doFilter(WebSecurityConfiguration.java:317)
	at org.springframework.web.filter.DelegatingFilterProxy.invokeDelegate(DelegatingFilterProxy.java:355)
	at org.springframework.web.filter.DelegatingFilterProxy.doFilter(DelegatingFilterProxy.java:272)
	at org.apache.catalina.core.ApplicationFilterChain.doFilter(ApplicationFilterChain.java:107)
	at org.springframework.web.filter.RequestContextFilter.doFilterInternal(RequestContextFilter.java:100)
	at org.springframework.web.filter.OncePerRequestFilter.doFilter(OncePerRequestFilter.java:116)
	at org.apache.catalina.core.ApplicationFilterChain.doFilter(ApplicationFilterChain.java:107)
	at org.springframework.web.filter.FormContentFilter.doFilterInternal(FormContentFilter.java:93)
	at org.springframework.web.filter.OncePerRequestFilter.doFilter(OncePerRequestFilter.java:116)
	at org.apache.catalina.core.ApplicationFilterChain.doFilter(ApplicationFilterChain.java:107)
	at org.springframework.web.filter.CharacterEncodingFilter.doFilterInternal(CharacterEncodingFilter.java:199)
	at org.springframework.web.filter.OncePerRequestFilter.doFilter(OncePerRequestFilter.java:116)
	at org.apache.catalina.core.ApplicationFilterChain.doFilter(ApplicationFilterChain.java:107)
	at org.apache.catalina.core.StandardWrapperValve.invoke(StandardWrapperValve.java:165)
	at org.apache.catalina.core.StandardContextValve.invoke(StandardContextValve.java:77)
	at org.apache.catalina.authenticator.AuthenticatorBase.invoke(AuthenticatorBase.java:482)
	at org.apache.catalina.core.StandardHostValve.invoke(StandardHostValve.java:113)
	at org.apache.catalina.valves.ErrorReportValve.invoke(ErrorReportValve.java:83)
	at org.apache.catalina.core.StandardEngineValve.invoke(StandardEngineValve.java:72)
	at org.apache.catalina.connector.CoyoteAdapter.service(CoyoteAdapter.java:341)
	at org.apache.coyote.http11.Http11Processor.service(Http11Processor.java:397)
	at org.apache.coyote.AbstractProcessorLight.process(AbstractProcessorLight.java:63)
	at org.apache.coyote.AbstractProtocol$ConnectionHandler.process(AbstractProtocol.java:903)
	at org.apache.tomcat.util.net.NioEndpoint$SocketProcessor.doRun(NioEndpoint.java:1778)
	at org.apache.tomcat.util.net.SocketProcessorBase.run(SocketProcessorBase.java:52)
	at org.apache.tomcat.util.threads.ThreadPoolExecutor.runWorker(ThreadPoolExecutor.java:946)
	at org.apache.tomcat.util.threads.ThreadPoolExecutor$Worker.run(ThreadPoolExecutor.java:480)
	at org.apache.tomcat.util.threads.TaskThread$WrappingRunnable.run(TaskThread.java:57)
	at java.base/java.lang.Thread.run(Thread.java:1583)
2026-06-20 14:55:24 [http-nio-8080-exec-9] DEBUG org.springframework.security.web.FilterChainProxy - Securing POST /transactions/pay
2026-06-20 14:55:24 [http-nio-8080-exec-9] DEBUG org.springframework.security.web.FilterChainProxy - Secured POST /transactions/pay
2026-06-20 14:55:24 [http-nio-8080-exec-9] INFO  com.training.mts.aop.LoggingAspect - Entering method: TransactionServiceImpl.initiatePayment(..) with arguments: [com.training.mts.dto.TransactionRequest@1a870dfd]
2026-06-20 14:55:24 [http-nio-8080-exec-9] INFO  com.training.mts.aop.LoggingAspect - Entering method: BankAccountServiceImpl.getBankAccount(..) with arguments: [deepchan0498401@mts]
2026-06-20 14:55:24 [http-nio-8080-exec-9] INFO  com.training.mts.aop.LoggingAspect - Method executed successfully: BankAccountServiceImpl.getBankAccount(..) | Returned: com.training.mts.model.BankAccount@2c7ab51e
2026-06-20 14:55:24 [http-nio-8080-exec-9] INFO  com.training.mts.aop.LoggingAspect - Entering method: BankAccountServiceImpl.getBankAccount(..) with arguments: [nethra91913@mts]
2026-06-20 14:55:24 [http-nio-8080-exec-9] ERROR com.training.mts.aop.LoggingAspect - Exception in method: BankAccountServiceImpl.getBankAccount(..) | Message: Account not linked | Arguments: [nethra91913@mts]
com.training.mts.exceptions.AccountNotLinkedException: Account not linked
	at com.training.mts.service.BankAccountServiceImpl.getBankAccount(BankAccountServiceImpl.java:79)
	at java.base/jdk.internal.reflect.DirectMethodHandleAccessor.invoke(DirectMethodHandleAccessor.java:103)
	at java.base/java.lang.reflect.Method.invoke(Method.java:580)
	at org.springframework.aop.support.AopUtils.invokeJoinpointUsingReflection(AopUtils.java:359)
	at org.springframework.aop.framework.ReflectiveMethodInvocation.invokeJoinpoint(ReflectiveMethodInvocation.java:190)
	at org.springframework.aop.framework.ReflectiveMethodInvocation.proceed(ReflectiveMethodInvocation.java:158)
	at org.springframework.aop.aspectj.AspectJAfterThrowingAdvice.invoke(AspectJAfterThrowingAdvice.java:63)
	at org.springframework.aop.framework.ReflectiveMethodInvocation.proceed(ReflectiveMethodInvocation.java:179)
	at org.springframework.aop.framework.adapter.AfterReturningAdviceInterceptor.invoke(AfterReturningAdviceInterceptor.java:56)
	at org.springframework.aop.framework.ReflectiveMethodInvocation.proceed(ReflectiveMethodInvocation.java:179)
	at org.springframework.aop.framework.adapter.MethodBeforeAdviceInterceptor.invoke(MethodBeforeAdviceInterceptor.java:57)
	at org.springframework.aop.framework.ReflectiveMethodInvocation.proceed(ReflectiveMethodInvocation.java:179)
	at org.springframework.aop.interceptor.ExposeInvocationInterceptor.invoke(ExposeInvocationInterceptor.java:96)
	at org.springframework.aop.framework.ReflectiveMethodInvocation.proceed(ReflectiveMethodInvocation.java:179)
	at org.springframework.aop.framework.CglibAopProxy$DynamicAdvisedInterceptor.intercept(CglibAopProxy.java:719)
	at com.training.mts.service.BankAccountServiceImpl$$SpringCGLIB$$0.getBankAccount(<generated>)
	at com.training.mts.service.TransactionServiceImpl.getValidatedAccount(TransactionServiceImpl.java:184)
	at com.training.mts.service.TransactionServiceImpl.initiatePayment(TransactionServiceImpl.java:88)
	at java.base/jdk.internal.reflect.DirectMethodHandleAccessor.invoke(DirectMethodHandleAccessor.java:103)
	at java.base/java.lang.reflect.Method.invoke(Method.java:580)
	at org.springframework.aop.support.AopUtils.invokeJoinpointUsingReflection(AopUtils.java:359)
	at org.springframework.aop.framework.ReflectiveMethodInvocation.invokeJoinpoint(ReflectiveMethodInvocation.java:190)
	at org.springframework.aop.framework.ReflectiveMethodInvocation.proceed(ReflectiveMethodInvocation.java:158)
	at org.springframework.aop.aspectj.AspectJAfterThrowingAdvice.invoke(AspectJAfterThrowingAdvice.java:63)
	at org.springframework.aop.framework.ReflectiveMethodInvocation.proceed(ReflectiveMethodInvocation.java:179)
	at org.springframework.aop.framework.adapter.AfterReturningAdviceInterceptor.invoke(AfterReturningAdviceInterceptor.java:56)
	at org.springframework.aop.framework.ReflectiveMethodInvocation.proceed(ReflectiveMethodInvocation.java:179)
	at org.springframework.aop.framework.adapter.MethodBeforeAdviceInterceptor.invoke(MethodBeforeAdviceInterceptor.java:57)
	at org.springframework.aop.framework.ReflectiveMethodInvocation.proceed(ReflectiveMethodInvocation.java:179)
	at org.springframework.transaction.interceptor.TransactionInterceptor$1.proceedWithInvocation(TransactionInterceptor.java:133)
	at org.springframework.transaction.interceptor.TransactionAspectSupport.invokeWithinTransaction(TransactionAspectSupport.java:371)
	at org.springframework.transaction.interceptor.TransactionInterceptor.invoke(TransactionInterceptor.java:130)
	at org.springframework.aop.framework.ReflectiveMethodInvocation.proceed(ReflectiveMethodInvocation.java:179)
	at org.springframework.aop.interceptor.ExposeInvocationInterceptor.invoke(ExposeInvocationInterceptor.java:96)
	at org.springframework.aop.framework.ReflectiveMethodInvocation.proceed(ReflectiveMethodInvocation.java:179)
	at org.springframework.aop.framework.CglibAopProxy$DynamicAdvisedInterceptor.intercept(CglibAopProxy.java:719)
	at com.training.mts.service.TransactionServiceImpl$$SpringCGLIB$$0.initiatePayment(<generated>)
	at com.training.mts.controller.TransactionController.initiatePayment(TransactionController.java:30)
	at java.base/jdk.internal.reflect.DirectMethodHandleAccessor.invoke(DirectMethodHandleAccessor.java:103)
	at java.base/java.lang.reflect.Method.invoke(Method.java:580)
	at org.springframework.web.method.support.InvocableHandlerMethod.doInvoke(InvocableHandlerMethod.java:258)
	at org.springframework.web.method.support.InvocableHandlerMethod.invokeForRequest(InvocableHandlerMethod.java:190)
	at org.springframework.web.servlet.mvc.method.annotation.ServletInvocableHandlerMethod.invokeAndHandle(ServletInvocableHandlerMethod.java:117)
	at org.springframework.web.servlet.mvc.method.annotation.RequestMappingHandlerAdapter.invokeHandlerMethod(RequestMappingHandlerAdapter.java:934)
	at org.springframework.web.servlet.mvc.method.annotation.RequestMappingHandlerAdapter.handleInternal(RequestMappingHandlerAdapter.java:853)
	at org.springframework.web.servlet.mvc.method.AbstractHandlerMethodAdapter.handle(AbstractHandlerMethodAdapter.java:86)
	at org.springframework.web.servlet.DispatcherServlet.doDispatch(DispatcherServlet.java:963)
	at org.springframework.web.servlet.DispatcherServlet.doService(DispatcherServlet.java:866)
	at org.springframework.web.servlet.FrameworkServlet.processRequest(FrameworkServlet.java:1003)
	at org.springframework.web.servlet.FrameworkServlet.doPost(FrameworkServlet.java:903)
	at jakarta.servlet.http.HttpServlet.service(HttpServlet.java:649)
	at org.springframework.web.servlet.FrameworkServlet.service(FrameworkServlet.java:874)
	at jakarta.servlet.http.HttpServlet.service(HttpServlet.java:710)
	at org.apache.catalina.core.ApplicationFilterChain.doFilter(ApplicationFilterChain.java:128)
	at org.apache.tomcat.websocket.server.WsFilter.doFilter(WsFilter.java:53)
	at org.apache.catalina.core.ApplicationFilterChain.doFilter(ApplicationFilterChain.java:107)
	at org.springframework.web.filter.OncePerRequestFilter.doFilter(OncePerRequestFilter.java:110)
	at org.apache.catalina.core.ApplicationFilterChain.doFilter(ApplicationFilterChain.java:107)
	at org.springframework.web.filter.CompositeFilter$VirtualFilterChain.doFilter(CompositeFilter.java:108)
	at org.springframework.security.web.FilterChainProxy.lambda$doFilterInternal$3(FilterChainProxy.java:235)
	at org.springframework.security.web.FilterChainProxy$VirtualFilterChain.doFilter(FilterChainProxy.java:371)
	at org.springframework.security.web.access.intercept.AuthorizationFilter.doFilter(AuthorizationFilter.java:101)
	at org.springframework.security.web.FilterChainProxy$VirtualFilterChain.doFilter(FilterChainProxy.java:380)
	at org.springframework.security.web.access.ExceptionTranslationFilter.doFilter(ExceptionTranslationFilter.java:126)
	at org.springframework.security.web.access.ExceptionTranslationFilter.doFilter(ExceptionTranslationFilter.java:120)
	at org.springframework.security.web.FilterChainProxy$VirtualFilterChain.doFilter(FilterChainProxy.java:380)
	at org.springframework.security.web.session.SessionManagementFilter.doFilter(SessionManagementFilter.java:132)
	at org.springframework.security.web.session.SessionManagementFilter.doFilter(SessionManagementFilter.java:86)
	at org.springframework.security.web.FilterChainProxy$VirtualFilterChain.doFilter(FilterChainProxy.java:380)
	at org.springframework.security.web.authentication.AnonymousAuthenticationFilter.doFilter(AnonymousAuthenticationFilter.java:100)
	at org.springframework.security.web.FilterChainProxy$VirtualFilterChain.doFilter(FilterChainProxy.java:380)
	at org.springframework.security.web.servletapi.SecurityContextHolderAwareRequestFilter.doFilter(SecurityContextHolderAwareRequestFilter.java:181)
	at org.springframework.security.web.FilterChainProxy$VirtualFilterChain.doFilter(FilterChainProxy.java:380)
	at org.springframework.security.web.savedrequest.RequestCacheAwareFilter.doFilter(RequestCacheAwareFilter.java:63)
	at org.springframework.security.web.FilterChainProxy$VirtualFilterChain.doFilter(FilterChainProxy.java:380)
	at com.training.mts.security.JwtAuthenticationFilter.doFilterInternal(JwtAuthenticationFilter.java:48)
	at org.springframework.web.filter.OncePerRequestFilter.doFilter(OncePerRequestFilter.java:116)
	at org.springframework.security.web.FilterChainProxy$VirtualFilterChain.doFilter(FilterChainProxy.java:380)
	at org.springframework.security.web.authentication.logout.LogoutFilter.doFilter(LogoutFilter.java:110)
	at org.springframework.security.web.authentication.logout.LogoutFilter.doFilter(LogoutFilter.java:96)
	at org.springframework.security.web.FilterChainProxy$VirtualFilterChain.doFilter(FilterChainProxy.java:380)
	at org.springframework.web.filter.CorsFilter.doFilterInternal(CorsFilter.java:91)
	at org.springframework.web.filter.OncePerRequestFilter.doFilter(OncePerRequestFilter.java:116)
	at org.springframework.security.web.FilterChainProxy$VirtualFilterChain.doFilter(FilterChainProxy.java:380)
	at org.springframework.security.web.header.HeaderWriterFilter.doHeadersAfter(HeaderWriterFilter.java:90)
	at org.springframework.security.web.header.HeaderWriterFilter.doFilterInternal(HeaderWriterFilter.java:75)
	at org.springframework.web.filter.OncePerRequestFilter.doFilter(OncePerRequestFilter.java:116)
	at org.springframework.security.web.FilterChainProxy$VirtualFilterChain.doFilter(FilterChainProxy.java:380)
	at org.springframework.security.web.context.SecurityContextHolderFilter.doFilter(SecurityContextHolderFilter.java:82)
	at org.springframework.security.web.context.SecurityContextHolderFilter.doFilter(SecurityContextHolderFilter.java:69)
	at org.springframework.security.web.FilterChainProxy$VirtualFilterChain.doFilter(FilterChainProxy.java:380)
	at org.springframework.security.web.context.request.async.WebAsyncManagerIntegrationFilter.doFilterInternal(WebAsyncManagerIntegrationFilter.java:62)
	at org.springframework.web.filter.OncePerRequestFilter.doFilter(OncePerRequestFilter.java:116)
	at org.springframework.security.web.FilterChainProxy$VirtualFilterChain.doFilter(FilterChainProxy.java:380)
	at org.springframework.security.web.session.DisableEncodeUrlFilter.doFilterInternal(DisableEncodeUrlFilter.java:42)
	at org.springframework.web.filter.OncePerRequestFilter.doFilter(OncePerRequestFilter.java:116)
	at org.springframework.security.web.FilterChainProxy$VirtualFilterChain.doFilter(FilterChainProxy.java:380)
	at org.springframework.security.web.FilterChainProxy.doFilterInternal(FilterChainProxy.java:237)
	at org.springframework.security.web.FilterChainProxy.doFilter(FilterChainProxy.java:195)
	at org.springframework.web.filter.CompositeFilter$VirtualFilterChain.doFilter(CompositeFilter.java:113)
	at org.springframework.web.filter.ServletRequestPathFilter.doFilter(ServletRequestPathFilter.java:52)
	at org.springframework.web.filter.CompositeFilter$VirtualFilterChain.doFilter(CompositeFilter.java:113)
	at org.springframework.web.filter.CompositeFilter.doFilter(CompositeFilter.java:74)
	at org.springframework.security.config.annotation.web.configuration.WebSecurityConfiguration$CompositeFilterChainProxy.doFilter(WebSecurityConfiguration.java:317)
	at org.springframework.web.filter.DelegatingFilterProxy.invokeDelegate(DelegatingFilterProxy.java:355)
	at org.springframework.web.filter.DelegatingFilterProxy.doFilter(DelegatingFilterProxy.java:272)
	at org.apache.catalina.core.ApplicationFilterChain.doFilter(ApplicationFilterChain.java:107)
	at org.springframework.web.filter.RequestContextFilter.doFilterInternal(RequestContextFilter.java:100)
	at org.springframework.web.filter.OncePerRequestFilter.doFilter(OncePerRequestFilter.java:116)
	at org.apache.catalina.core.ApplicationFilterChain.doFilter(ApplicationFilterChain.java:107)
	at org.springframework.web.filter.FormContentFilter.doFilterInternal(FormContentFilter.java:93)
	at org.springframework.web.filter.OncePerRequestFilter.doFilter(OncePerRequestFilter.java:116)
	at org.apache.catalina.core.ApplicationFilterChain.doFilter(ApplicationFilterChain.java:107)
	at org.springframework.web.filter.CharacterEncodingFilter.doFilterInternal(CharacterEncodingFilter.java:199)
	at org.springframework.web.filter.OncePerRequestFilter.doFilter(OncePerRequestFilter.java:116)
	at org.apache.catalina.core.ApplicationFilterChain.doFilter(ApplicationFilterChain.java:107)
	at org.apache.catalina.core.StandardWrapperValve.invoke(StandardWrapperValve.java:165)
	at org.apache.catalina.core.StandardContextValve.invoke(StandardContextValve.java:77)
	at org.apache.catalina.authenticator.AuthenticatorBase.invoke(AuthenticatorBase.java:482)
	at org.apache.catalina.core.StandardHostValve.invoke(StandardHostValve.java:113)
	at org.apache.catalina.valves.ErrorReportValve.invoke(ErrorReportValve.java:83)
	at org.apache.catalina.core.StandardEngineValve.invoke(StandardEngineValve.java:72)
	at org.apache.catalina.connector.CoyoteAdapter.service(CoyoteAdapter.java:341)
	at org.apache.coyote.http11.Http11Processor.service(Http11Processor.java:397)
	at org.apache.coyote.AbstractProcessorLight.process(AbstractProcessorLight.java:63)
	at org.apache.coyote.AbstractProtocol$ConnectionHandler.process(AbstractProtocol.java:903)
	at org.apache.tomcat.util.net.NioEndpoint$SocketProcessor.doRun(NioEndpoint.java:1778)
	at org.apache.tomcat.util.net.SocketProcessorBase.run(SocketProcessorBase.java:52)
	at org.apache.tomcat.util.threads.ThreadPoolExecutor.runWorker(ThreadPoolExecutor.java:946)
	at org.apache.tomcat.util.threads.ThreadPoolExecutor$Worker.run(ThreadPoolExecutor.java:480)
	at org.apache.tomcat.util.threads.TaskThread$WrappingRunnable.run(TaskThread.java:57)
	at java.base/java.lang.Thread.run(Thread.java:1583)
2026-06-20 14:55:24 [http-nio-8080-exec-9] ERROR com.training.mts.aop.LoggingAspect - Exception in method: TransactionServiceImpl.initiatePayment(..) | Message: Account not linked | Arguments: [com.training.mts.dto.TransactionRequest@1a870dfd]
com.training.mts.exceptions.AccountNotLinkedException: Account not linked
	at com.training.mts.service.BankAccountServiceImpl.getBankAccount(BankAccountServiceImpl.java:79)
	at java.base/jdk.internal.reflect.DirectMethodHandleAccessor.invoke(DirectMethodHandleAccessor.java:103)
	at java.base/java.lang.reflect.Method.invoke(Method.java:580)
	at org.springframework.aop.support.AopUtils.invokeJoinpointUsingReflection(AopUtils.java:359)
	at org.springframework.aop.framework.ReflectiveMethodInvocation.invokeJoinpoint(ReflectiveMethodInvocation.java:190)
	at org.springframework.aop.framework.ReflectiveMethodInvocation.proceed(ReflectiveMethodInvocation.java:158)
	at org.springframework.aop.aspectj.AspectJAfterThrowingAdvice.invoke(AspectJAfterThrowingAdvice.java:63)
	at org.springframework.aop.framework.ReflectiveMethodInvocation.proceed(ReflectiveMethodInvocation.java:179)
	at org.springframework.aop.framework.adapter.AfterReturningAdviceInterceptor.invoke(AfterReturningAdviceInterceptor.java:56)
	at org.springframework.aop.framework.ReflectiveMethodInvocation.proceed(ReflectiveMethodInvocation.java:179)
	at org.springframework.aop.framework.adapter.MethodBeforeAdviceInterceptor.invoke(MethodBeforeAdviceInterceptor.java:57)
	at org.springframework.aop.framework.ReflectiveMethodInvocation.proceed(ReflectiveMethodInvocation.java:179)
	at org.springframework.aop.interceptor.ExposeInvocationInterceptor.invoke(ExposeInvocationInterceptor.java:96)
	at org.springframework.aop.framework.ReflectiveMethodInvocation.proceed(ReflectiveMethodInvocation.java:179)
	at org.springframework.aop.framework.CglibAopProxy$DynamicAdvisedInterceptor.intercept(CglibAopProxy.java:719)
	at com.training.mts.service.BankAccountServiceImpl$$SpringCGLIB$$0.getBankAccount(<generated>)
	at com.training.mts.service.TransactionServiceImpl.getValidatedAccount(TransactionServiceImpl.java:184)
	at com.training.mts.service.TransactionServiceImpl.initiatePayment(TransactionServiceImpl.java:88)
	at java.base/jdk.internal.reflect.DirectMethodHandleAccessor.invoke(DirectMethodHandleAccessor.java:103)
	at java.base/java.lang.reflect.Method.invoke(Method.java:580)
	at org.springframework.aop.support.AopUtils.invokeJoinpointUsingReflection(AopUtils.java:359)
	at org.springframework.aop.framework.ReflectiveMethodInvocation.invokeJoinpoint(ReflectiveMethodInvocation.java:190)
	at org.springframework.aop.framework.ReflectiveMethodInvocation.proceed(ReflectiveMethodInvocation.java:158)
	at org.springframework.aop.aspectj.AspectJAfterThrowingAdvice.invoke(AspectJAfterThrowingAdvice.java:63)
	at org.springframework.aop.framework.ReflectiveMethodInvocation.proceed(ReflectiveMethodInvocation.java:179)
	at org.springframework.aop.framework.adapter.AfterReturningAdviceInterceptor.invoke(AfterReturningAdviceInterceptor.java:56)
	at org.springframework.aop.framework.ReflectiveMethodInvocation.proceed(ReflectiveMethodInvocation.java:179)
	at org.springframework.aop.framework.adapter.MethodBeforeAdviceInterceptor.invoke(MethodBeforeAdviceInterceptor.java:57)
	at org.springframework.aop.framework.ReflectiveMethodInvocation.proceed(ReflectiveMethodInvocation.java:179)
	at org.springframework.transaction.interceptor.TransactionInterceptor$1.proceedWithInvocation(TransactionInterceptor.java:133)
	at org.springframework.transaction.interceptor.TransactionAspectSupport.invokeWithinTransaction(TransactionAspectSupport.java:371)
	at org.springframework.transaction.interceptor.TransactionInterceptor.invoke(TransactionInterceptor.java:130)
	at org.springframework.aop.framework.ReflectiveMethodInvocation.proceed(ReflectiveMethodInvocation.java:179)
	at org.springframework.aop.interceptor.ExposeInvocationInterceptor.invoke(ExposeInvocationInterceptor.java:96)
	at org.springframework.aop.framework.ReflectiveMethodInvocation.proceed(ReflectiveMethodInvocation.java:179)
	at org.springframework.aop.framework.CglibAopProxy$DynamicAdvisedInterceptor.intercept(CglibAopProxy.java:719)
	at com.training.mts.service.TransactionServiceImpl$$SpringCGLIB$$0.initiatePayment(<generated>)
	at com.training.mts.controller.TransactionController.initiatePayment(TransactionController.java:30)
	at java.base/jdk.internal.reflect.DirectMethodHandleAccessor.invoke(DirectMethodHandleAccessor.java:103)
	at java.base/java.lang.reflect.Method.invoke(Method.java:580)
	at org.springframework.web.method.support.InvocableHandlerMethod.doInvoke(InvocableHandlerMethod.java:258)
	at org.springframework.web.method.support.InvocableHandlerMethod.invokeForRequest(InvocableHandlerMethod.java:190)
	at org.springframework.web.servlet.mvc.method.annotation.ServletInvocableHandlerMethod.invokeAndHandle(ServletInvocableHandlerMethod.java:117)
	at org.springframework.web.servlet.mvc.method.annotation.RequestMappingHandlerAdapter.invokeHandlerMethod(RequestMappingHandlerAdapter.java:934)
	at org.springframework.web.servlet.mvc.method.annotation.RequestMappingHandlerAdapter.handleInternal(RequestMappingHandlerAdapter.java:853)
	at org.springframework.web.servlet.mvc.method.AbstractHandlerMethodAdapter.handle(AbstractHandlerMethodAdapter.java:86)
	at org.springframework.web.servlet.DispatcherServlet.doDispatch(DispatcherServlet.java:963)
	at org.springframework.web.servlet.DispatcherServlet.doService(DispatcherServlet.java:866)
	at org.springframework.web.servlet.FrameworkServlet.processRequest(FrameworkServlet.java:1003)
	at org.springframework.web.servlet.FrameworkServlet.doPost(FrameworkServlet.java:903)
	at jakarta.servlet.http.HttpServlet.service(HttpServlet.java:649)
	at org.springframework.web.servlet.FrameworkServlet.service(FrameworkServlet.java:874)
	at jakarta.servlet.http.HttpServlet.service(HttpServlet.java:710)
	at org.apache.catalina.core.ApplicationFilterChain.doFilter(ApplicationFilterChain.java:128)
	at org.apache.tomcat.websocket.server.WsFilter.doFilter(WsFilter.java:53)
	at org.apache.catalina.core.ApplicationFilterChain.doFilter(ApplicationFilterChain.java:107)
	at org.springframework.web.filter.OncePerRequestFilter.doFilter(OncePerRequestFilter.java:110)
	at org.apache.catalina.core.ApplicationFilterChain.doFilter(ApplicationFilterChain.java:107)
	at org.springframework.web.filter.CompositeFilter$VirtualFilterChain.doFilter(CompositeFilter.java:108)
	at org.springframework.security.web.FilterChainProxy.lambda$doFilterInternal$3(FilterChainProxy.java:235)
	at org.springframework.security.web.FilterChainProxy$VirtualFilterChain.doFilter(FilterChainProxy.java:371)
	at org.springframework.security.web.access.intercept.AuthorizationFilter.doFilter(AuthorizationFilter.java:101)
	at org.springframework.security.web.FilterChainProxy$VirtualFilterChain.doFilter(FilterChainProxy.java:380)
	at org.springframework.security.web.access.ExceptionTranslationFilter.doFilter(ExceptionTranslationFilter.java:126)
	at org.springframework.security.web.access.ExceptionTranslationFilter.doFilter(ExceptionTranslationFilter.java:120)
	at org.springframework.security.web.FilterChainProxy$VirtualFilterChain.doFilter(FilterChainProxy.java:380)
	at org.springframework.security.web.session.SessionManagementFilter.doFilter(SessionManagementFilter.java:132)
	at org.springframework.security.web.session.SessionManagementFilter.doFilter(SessionManagementFilter.java:86)
	at org.springframework.security.web.FilterChainProxy$VirtualFilterChain.doFilter(FilterChainProxy.java:380)
	at org.springframework.security.web.authentication.AnonymousAuthenticationFilter.doFilter(AnonymousAuthenticationFilter.java:100)
	at org.springframework.security.web.FilterChainProxy$VirtualFilterChain.doFilter(FilterChainProxy.java:380)
	at org.springframework.security.web.servletapi.SecurityContextHolderAwareRequestFilter.doFilter(SecurityContextHolderAwareRequestFilter.java:181)
	at org.springframework.security.web.FilterChainProxy$VirtualFilterChain.doFilter(FilterChainProxy.java:380)
	at org.springframework.security.web.savedrequest.RequestCacheAwareFilter.doFilter(RequestCacheAwareFilter.java:63)
	at org.springframework.security.web.FilterChainProxy$VirtualFilterChain.doFilter(FilterChainProxy.java:380)
	at com.training.mts.security.JwtAuthenticationFilter.doFilterInternal(JwtAuthenticationFilter.java:48)
	at org.springframework.web.filter.OncePerRequestFilter.doFilter(OncePerRequestFilter.java:116)
	at org.springframework.security.web.FilterChainProxy$VirtualFilterChain.doFilter(FilterChainProxy.java:380)
	at org.springframework.security.web.authentication.logout.LogoutFilter.doFilter(LogoutFilter.java:110)
	at org.springframework.security.web.authentication.logout.LogoutFilter.doFilter(LogoutFilter.java:96)
	at org.springframework.security.web.FilterChainProxy$VirtualFilterChain.doFilter(FilterChainProxy.java:380)
	at org.springframework.web.filter.CorsFilter.doFilterInternal(CorsFilter.java:91)
	at org.springframework.web.filter.OncePerRequestFilter.doFilter(OncePerRequestFilter.java:116)
	at org.springframework.security.web.FilterChainProxy$VirtualFilterChain.doFilter(FilterChainProxy.java:380)
	at org.springframework.security.web.header.HeaderWriterFilter.doHeadersAfter(HeaderWriterFilter.java:90)
	at org.springframework.security.web.header.HeaderWriterFilter.doFilterInternal(HeaderWriterFilter.java:75)
	at org.springframework.web.filter.OncePerRequestFilter.doFilter(OncePerRequestFilter.java:116)
	at org.springframework.security.web.FilterChainProxy$VirtualFilterChain.doFilter(FilterChainProxy.java:380)
	at org.springframework.security.web.context.SecurityContextHolderFilter.doFilter(SecurityContextHolderFilter.java:82)
	at org.springframework.security.web.context.SecurityContextHolderFilter.doFilter(SecurityContextHolderFilter.java:69)
	at org.springframework.security.web.FilterChainProxy$VirtualFilterChain.doFilter(FilterChainProxy.java:380)
	at org.springframework.security.web.context.request.async.WebAsyncManagerIntegrationFilter.doFilterInternal(WebAsyncManagerIntegrationFilter.java:62)
	at org.springframework.web.filter.OncePerRequestFilter.doFilter(OncePerRequestFilter.java:116)
	at org.springframework.security.web.FilterChainProxy$VirtualFilterChain.doFilter(FilterChainProxy.java:380)
	at org.springframework.security.web.session.DisableEncodeUrlFilter.doFilterInternal(DisableEncodeUrlFilter.java:42)
	at org.springframework.web.filter.OncePerRequestFilter.doFilter(OncePerRequestFilter.java:116)
	at org.springframework.security.web.FilterChainProxy$VirtualFilterChain.doFilter(FilterChainProxy.java:380)
	at org.springframework.security.web.FilterChainProxy.doFilterInternal(FilterChainProxy.java:237)
	at org.springframework.security.web.FilterChainProxy.doFilter(FilterChainProxy.java:195)
	at org.springframework.web.filter.CompositeFilter$VirtualFilterChain.doFilter(CompositeFilter.java:113)
	at org.springframework.web.filter.ServletRequestPathFilter.doFilter(ServletRequestPathFilter.java:52)
	at org.springframework.web.filter.CompositeFilter$VirtualFilterChain.doFilter(CompositeFilter.java:113)
	at org.springframework.web.filter.CompositeFilter.doFilter(CompositeFilter.java:74)
	at org.springframework.security.config.annotation.web.configuration.WebSecurityConfiguration$CompositeFilterChainProxy.doFilter(WebSecurityConfiguration.java:317)
	at org.springframework.web.filter.DelegatingFilterProxy.invokeDelegate(DelegatingFilterProxy.java:355)
	at org.springframework.web.filter.DelegatingFilterProxy.doFilter(DelegatingFilterProxy.java:272)
	at org.apache.catalina.core.ApplicationFilterChain.doFilter(ApplicationFilterChain.java:107)
	at org.springframework.web.filter.RequestContextFilter.doFilterInternal(RequestContextFilter.java:100)
	at org.springframework.web.filter.OncePerRequestFilter.doFilter(OncePerRequestFilter.java:116)
	at org.apache.catalina.core.ApplicationFilterChain.doFilter(ApplicationFilterChain.java:107)
	at org.springframework.web.filter.FormContentFilter.doFilterInternal(FormContentFilter.java:93)
	at org.springframework.web.filter.OncePerRequestFilter.doFilter(OncePerRequestFilter.java:116)
	at org.apache.catalina.core.ApplicationFilterChain.doFilter(ApplicationFilterChain.java:107)
	at org.springframework.web.filter.CharacterEncodingFilter.doFilterInternal(CharacterEncodingFilter.java:199)
	at org.springframework.web.filter.OncePerRequestFilter.doFilter(OncePerRequestFilter.java:116)
	at org.apache.catalina.core.ApplicationFilterChain.doFilter(ApplicationFilterChain.java:107)
	at org.apache.catalina.core.StandardWrapperValve.invoke(StandardWrapperValve.java:165)
	at org.apache.catalina.core.StandardContextValve.invoke(StandardContextValve.java:77)
	at org.apache.catalina.authenticator.AuthenticatorBase.invoke(AuthenticatorBase.java:482)
	at org.apache.catalina.core.StandardHostValve.invoke(StandardHostValve.java:113)
	at org.apache.catalina.valves.ErrorReportValve.invoke(ErrorReportValve.java:83)
	at org.apache.catalina.core.StandardEngineValve.invoke(StandardEngineValve.java:72)
	at org.apache.catalina.connector.CoyoteAdapter.service(CoyoteAdapter.java:341)
	at org.apache.coyote.http11.Http11Processor.service(Http11Processor.java:397)
	at org.apache.coyote.AbstractProcessorLight.process(AbstractProcessorLight.java:63)
	at org.apache.coyote.AbstractProtocol$ConnectionHandler.process(AbstractProtocol.java:903)
	at org.apache.tomcat.util.net.NioEndpoint$SocketProcessor.doRun(NioEndpoint.java:1778)
	at org.apache.tomcat.util.net.SocketProcessorBase.run(SocketProcessorBase.java:52)
	at org.apache.tomcat.util.threads.ThreadPoolExecutor.runWorker(ThreadPoolExecutor.java:946)
	at org.apache.tomcat.util.threads.ThreadPoolExecutor$Worker.run(ThreadPoolExecutor.java:480)
	at org.apache.tomcat.util.threads.TaskThread$WrappingRunnable.run(TaskThread.java:57)
	at java.base/java.lang.Thread.run(Thread.java:1583)
2026-06-20 14:55:33 [http-nio-8080-exec-8] DEBUG org.springframework.security.web.FilterChainProxy - Securing GET /rewards/status
2026-06-20 14:55:33 [http-nio-8080-exec-3] DEBUG org.springframework.security.web.FilterChainProxy - Securing GET /transactions/gettranslog?vpaId=deepchan0498401@mts
2026-06-20 14:55:33 [http-nio-8080-exec-8] DEBUG org.springframework.security.web.FilterChainProxy - Secured GET /rewards/status
2026-06-20 14:55:33 [http-nio-8080-exec-3] DEBUG org.springframework.security.web.FilterChainProxy - Secured GET /transactions/gettranslog?vpaId=deepchan0498401@mts
2026-06-20 14:55:33 [http-nio-8080-exec-3] INFO  com.training.mts.aop.LoggingAspect - Entering method: TransactionServiceImpl.getTransactionHistory(..) with arguments: [deepchan0498401@mts]
2026-06-20 14:55:33 [http-nio-8080-exec-6] DEBUG org.springframework.security.web.FilterChainProxy - Securing GET /rewards/status
2026-06-20 14:55:33 [http-nio-8080-exec-6] DEBUG org.springframework.security.web.FilterChainProxy - Secured GET /rewards/status
2026-06-20 14:55:33 [http-nio-8080-exec-4] DEBUG org.springframework.security.web.FilterChainProxy - Securing GET /rewards/status
2026-06-20 14:55:33 [http-nio-8080-exec-4] DEBUG org.springframework.security.web.FilterChainProxy - Secured GET /rewards/status
2026-06-20 14:55:33 [http-nio-8080-exec-3] INFO  com.training.mts.aop.LoggingAspect - Method executed successfully: TransactionServiceImpl.getTransactionHistory(..) | Returned: com.training.mts.dto.TransactionHistoryResponse@38b3649f
2026-06-20 14:55:33 [http-nio-8080-exec-1] DEBUG org.springframework.security.web.FilterChainProxy - Securing GET /rewards/status
2026-06-20 14:55:33 [http-nio-8080-exec-1] DEBUG org.springframework.security.web.FilterChainProxy - Secured GET /rewards/status
2026-06-20 14:55:33 [http-nio-8080-exec-5] DEBUG org.springframework.security.web.FilterChainProxy - Securing GET /rewards/status
2026-06-20 14:55:33 [http-nio-8080-exec-5] DEBUG org.springframework.security.web.FilterChainProxy - Secured GET /rewards/status
2026-06-20 14:55:33 [http-nio-8080-exec-7] DEBUG org.springframework.security.web.FilterChainProxy - Securing GET /rewards/status
2026-06-20 14:55:33 [http-nio-8080-exec-7] DEBUG org.springframework.security.web.FilterChainProxy - Secured GET /rewards/status
2026-06-20 14:55:33 [http-nio-8080-exec-2] DEBUG org.springframework.security.web.FilterChainProxy - Securing GET /rewards/status
2026-06-20 14:55:33 [http-nio-8080-exec-2] DEBUG org.springframework.security.web.FilterChainProxy - Secured GET /rewards/status
2026-06-20 14:55:33 [http-nio-8080-exec-10] DEBUG org.springframework.security.web.FilterChainProxy - Securing GET /rewards/status
2026-06-20 14:55:33 [http-nio-8080-exec-10] DEBUG org.springframework.security.web.FilterChainProxy - Secured GET /rewards/status
2026-06-20 14:55:33 [http-nio-8080-exec-9] DEBUG org.springframework.security.web.FilterChainProxy - Securing GET /rewards/status
2026-06-20 14:55:33 [http-nio-8080-exec-9] DEBUG org.springframework.security.web.FilterChainProxy - Secured GET /rewards/status
2026-06-20 14:55:33 [http-nio-8080-exec-8] DEBUG org.springframework.security.web.FilterChainProxy - Securing GET /rewards/status
2026-06-20 14:55:33 [http-nio-8080-exec-8] DEBUG org.springframework.security.web.FilterChainProxy - Secured GET /rewards/status
2026-06-20 14:55:33 [http-nio-8080-exec-6] DEBUG org.springframework.security.web.FilterChainProxy - Securing GET /rewards/status
2026-06-20 14:55:33 [http-nio-8080-exec-6] DEBUG org.springframework.security.web.FilterChainProxy - Secured GET /rewards/status
2026-06-20 14:55:33 [http-nio-8080-exec-3] DEBUG org.springframework.security.web.FilterChainProxy - Securing GET /rewards/status
2026-06-20 14:55:33 [http-nio-8080-exec-3] DEBUG org.springframework.security.web.FilterChainProxy - Secured GET /rewards/status
2026-06-20 14:55:33 [http-nio-8080-exec-3] DEBUG org.springframework.security.web.FilterChainProxy - Securing GET /rewards/status
2026-06-20 14:55:33 [http-nio-8080-exec-3] DEBUG org.springframework.security.web.FilterChainProxy - Secured GET /rewards/status
2026-06-20 14:55:33 [http-nio-8080-exec-1] DEBUG org.springframework.security.web.FilterChainProxy - Securing GET /rewards/status
2026-06-20 14:55:33 [http-nio-8080-exec-1] DEBUG org.springframework.security.web.FilterChainProxy - Secured GET /rewards/status
2026-06-20 14:55:33 [http-nio-8080-exec-5] DEBUG org.springframework.security.web.FilterChainProxy - Securing GET /rewards/status
2026-06-20 14:55:33 [http-nio-8080-exec-5] DEBUG org.springframework.security.web.FilterChainProxy - Secured GET /rewards/status
2026-06-20 14:55:38 [http-nio-8080-exec-7] DEBUG org.springframework.security.web.FilterChainProxy - Securing GET /rewards/status
2026-06-20 14:55:38 [http-nio-8080-exec-7] DEBUG org.springframework.security.web.FilterChainProxy - Secured GET /rewards/status
2026-06-20 14:55:38 [http-nio-8080-exec-2] DEBUG org.springframework.security.web.FilterChainProxy - Securing GET /transactions/gettranslog?vpaId=deepchan0498401@mts
2026-06-20 14:55:38 [http-nio-8080-exec-10] DEBUG org.springframework.security.web.FilterChainProxy - Securing GET /rewards/status
2026-06-20 14:55:38 [http-nio-8080-exec-2] DEBUG org.springframework.security.web.FilterChainProxy - Secured GET /transactions/gettranslog?vpaId=deepchan0498401@mts
2026-06-20 14:55:38 [http-nio-8080-exec-2] INFO  com.training.mts.aop.LoggingAspect - Entering method: TransactionServiceImpl.getTransactionHistory(..) with arguments: [deepchan0498401@mts]
2026-06-20 14:55:38 [http-nio-8080-exec-10] DEBUG org.springframework.security.web.FilterChainProxy - Secured GET /rewards/status
2026-06-20 14:55:38 [http-nio-8080-exec-9] DEBUG org.springframework.security.web.FilterChainProxy - Securing GET /rewards/status
2026-06-20 14:55:38 [http-nio-8080-exec-9] DEBUG org.springframework.security.web.FilterChainProxy - Secured GET /rewards/status
2026-06-20 14:55:38 [http-nio-8080-exec-2] INFO  com.training.mts.aop.LoggingAspect - Method executed successfully: TransactionServiceImpl.getTransactionHistory(..) | Returned: com.training.mts.dto.TransactionHistoryResponse@57913946
2026-06-20 14:55:38 [http-nio-8080-exec-8] DEBUG org.springframework.security.web.FilterChainProxy - Securing GET /rewards/status
2026-06-20 14:55:38 [http-nio-8080-exec-8] DEBUG org.springframework.security.web.FilterChainProxy - Secured GET /rewards/status
2026-06-20 14:55:38 [http-nio-8080-exec-6] DEBUG org.springframework.security.web.FilterChainProxy - Securing GET /rewards/status
2026-06-20 14:55:38 [http-nio-8080-exec-6] DEBUG org.springframework.security.web.FilterChainProxy - Secured GET /rewards/status
2026-06-20 14:55:38 [http-nio-8080-exec-4] DEBUG org.springframework.security.web.FilterChainProxy - Securing GET /rewards/status
2026-06-20 14:55:38 [http-nio-8080-exec-4] DEBUG org.springframework.security.web.FilterChainProxy - Secured GET /rewards/status
2026-06-20 14:55:38 [http-nio-8080-exec-3] DEBUG org.springframework.security.web.FilterChainProxy - Securing GET /rewards/status
2026-06-20 14:55:38 [http-nio-8080-exec-3] DEBUG org.springframework.security.web.FilterChainProxy - Secured GET /rewards/status
2026-06-20 14:55:38 [http-nio-8080-exec-1] DEBUG org.springframework.security.web.FilterChainProxy - Securing GET /rewards/status
2026-06-20 14:55:38 [http-nio-8080-exec-1] DEBUG org.springframework.security.web.FilterChainProxy - Secured GET /rewards/status
2026-06-20 14:55:38 [http-nio-8080-exec-1] DEBUG org.springframework.security.web.FilterChainProxy - Securing GET /rewards/status
2026-06-20 14:55:38 [http-nio-8080-exec-1] DEBUG org.springframework.security.web.FilterChainProxy - Secured GET /rewards/status
2026-06-20 14:55:38 [http-nio-8080-exec-7] DEBUG org.springframework.security.web.FilterChainProxy - Securing GET /rewards/status
2026-06-20 14:55:38 [http-nio-8080-exec-7] DEBUG org.springframework.security.web.FilterChainProxy - Secured GET /rewards/status
2026-06-20 14:55:38 [http-nio-8080-exec-10] DEBUG org.springframework.security.web.FilterChainProxy - Securing GET /rewards/status
2026-06-20 14:55:38 [http-nio-8080-exec-10] DEBUG org.springframework.security.web.FilterChainProxy - Secured GET /rewards/status
2026-06-20 14:55:38 [http-nio-8080-exec-2] DEBUG org.springframework.security.web.FilterChainProxy - Securing GET /rewards/status
2026-06-20 14:55:38 [http-nio-8080-exec-2] DEBUG org.springframework.security.web.FilterChainProxy - Secured GET /rewards/status
2026-06-20 14:55:38 [http-nio-8080-exec-9] DEBUG org.springframework.security.web.FilterChainProxy - Securing GET /rewards/status
2026-06-20 14:55:38 [http-nio-8080-exec-9] DEBUG org.springframework.security.web.FilterChainProxy - Secured GET /rewards/status
2026-06-20 14:55:38 [http-nio-8080-exec-8] DEBUG org.springframework.security.web.FilterChainProxy - Securing GET /rewards/status
2026-06-20 14:55:38 [http-nio-8080-exec-8] DEBUG org.springframework.security.web.FilterChainProxy - Secured GET /rewards/status
2026-06-20 14:55:38 [http-nio-8080-exec-6] DEBUG org.springframework.security.web.FilterChainProxy - Securing GET /rewards/status
2026-06-20 14:55:38 [http-nio-8080-exec-6] DEBUG org.springframework.security.web.FilterChainProxy - Secured GET /rewards/status
2026-06-20 14:55:38 [http-nio-8080-exec-4] DEBUG org.springframework.security.web.FilterChainProxy - Securing GET /rewards/status
2026-06-20 14:55:38 [http-nio-8080-exec-4] DEBUG org.springframework.security.web.FilterChainProxy - Secured GET /rewards/status
2026-06-20 14:57:02 [http-nio-8080-exec-7] DEBUG org.springframework.security.web.FilterChainProxy - Securing GET /rewards/status
2026-06-20 14:57:02 [http-nio-8080-exec-10] DEBUG org.springframework.security.web.FilterChainProxy - Securing GET /transactions/gettranslog?vpaId=deepchan0498401@mts
2026-06-20 14:57:02 [http-nio-8080-exec-7] DEBUG org.springframework.security.web.FilterChainProxy - Secured GET /rewards/status
2026-06-20 14:57:02 [http-nio-8080-exec-10] DEBUG org.springframework.security.web.FilterChainProxy - Secured GET /transactions/gettranslog?vpaId=deepchan0498401@mts
2026-06-20 14:57:02 [http-nio-8080-exec-10] INFO  com.training.mts.aop.LoggingAspect - Entering method: TransactionServiceImpl.getTransactionHistory(..) with arguments: [deepchan0498401@mts]
2026-06-20 14:57:02 [http-nio-8080-exec-2] DEBUG org.springframework.security.web.FilterChainProxy - Securing GET /rewards/status
2026-06-20 14:57:02 [http-nio-8080-exec-2] DEBUG org.springframework.security.web.FilterChainProxy - Secured GET /rewards/status
2026-06-20 14:57:02 [http-nio-8080-exec-10] INFO  com.training.mts.aop.LoggingAspect - Method executed successfully: TransactionServiceImpl.getTransactionHistory(..) | Returned: com.training.mts.dto.TransactionHistoryResponse@6578b45f
2026-06-20 14:57:02 [http-nio-8080-exec-2] DEBUG org.springframework.security.web.FilterChainProxy - Securing GET /rewards/status
2026-06-20 14:57:02 [http-nio-8080-exec-2] DEBUG org.springframework.security.web.FilterChainProxy - Secured GET /rewards/status
2026-06-20 14:57:02 [http-nio-8080-exec-8] DEBUG org.springframework.security.web.FilterChainProxy - Securing GET /rewards/status
2026-06-20 14:57:02 [http-nio-8080-exec-8] DEBUG org.springframework.security.web.FilterChainProxy - Secured GET /rewards/status
2026-06-20 14:57:02 [http-nio-8080-exec-6] DEBUG org.springframework.security.web.FilterChainProxy - Securing GET /rewards/status
2026-06-20 14:57:02 [http-nio-8080-exec-6] DEBUG org.springframework.security.web.FilterChainProxy - Secured GET /rewards/status
2026-06-20 14:57:02 [http-nio-8080-exec-4] DEBUG org.springframework.security.web.FilterChainProxy - Securing GET /rewards/status
2026-06-20 14:57:02 [http-nio-8080-exec-4] DEBUG org.springframework.security.web.FilterChainProxy - Secured GET /rewards/status
2026-06-20 14:57:02 [http-nio-8080-exec-1] DEBUG org.springframework.security.web.FilterChainProxy - Securing GET /rewards/status
2026-06-20 14:57:02 [http-nio-8080-exec-1] DEBUG org.springframework.security.web.FilterChainProxy - Secured GET /rewards/status
2026-06-20 14:57:02 [http-nio-8080-exec-1] DEBUG org.springframework.security.web.FilterChainProxy - Securing GET /rewards/status
2026-06-20 14:57:02 [http-nio-8080-exec-1] DEBUG org.springframework.security.web.FilterChainProxy - Secured GET /rewards/status
2026-06-20 14:57:02 [http-nio-8080-exec-3] DEBUG org.springframework.security.web.FilterChainProxy - Securing GET /rewards/status
2026-06-20 14:57:02 [http-nio-8080-exec-3] DEBUG org.springframework.security.web.FilterChainProxy - Secured GET /rewards/status
2026-06-20 14:57:02 [http-nio-8080-exec-7] DEBUG org.springframework.security.web.FilterChainProxy - Securing GET /rewards/status
2026-06-20 14:57:02 [http-nio-8080-exec-7] DEBUG org.springframework.security.web.FilterChainProxy - Secured GET /rewards/status
2026-06-20 14:57:02 [http-nio-8080-exec-9] DEBUG org.springframework.security.web.FilterChainProxy - Securing GET /rewards/status
2026-06-20 14:57:02 [http-nio-8080-exec-9] DEBUG org.springframework.security.web.FilterChainProxy - Secured GET /rewards/status
2026-06-20 14:57:02 [http-nio-8080-exec-10] DEBUG org.springframework.security.web.FilterChainProxy - Securing GET /rewards/status
2026-06-20 14:57:02 [http-nio-8080-exec-10] DEBUG org.springframework.security.web.FilterChainProxy - Secured GET /rewards/status
2026-06-20 14:57:02 [http-nio-8080-exec-2] DEBUG org.springframework.security.web.FilterChainProxy - Securing GET /rewards/status
2026-06-20 14:57:02 [http-nio-8080-exec-2] DEBUG org.springframework.security.web.FilterChainProxy - Secured GET /rewards/status
2026-06-20 14:57:02 [http-nio-8080-exec-8] DEBUG org.springframework.security.web.FilterChainProxy - Securing GET /rewards/status
2026-06-20 14:57:02 [http-nio-8080-exec-8] DEBUG org.springframework.security.web.FilterChainProxy - Secured GET /rewards/status
2026-06-20 14:57:02 [http-nio-8080-exec-6] DEBUG org.springframework.security.web.FilterChainProxy - Securing GET /rewards/status
2026-06-20 14:57:02 [http-nio-8080-exec-6] DEBUG org.springframework.security.web.FilterChainProxy - Secured GET /rewards/status
2026-06-20 14:57:02 [http-nio-8080-exec-4] DEBUG org.springframework.security.web.FilterChainProxy - Securing GET /rewards/status
2026-06-20 14:57:02 [http-nio-8080-exec-4] DEBUG org.springframework.security.web.FilterChainProxy - Secured GET /rewards/status
2026-06-20 14:57:02 [http-nio-8080-exec-5] DEBUG org.springframework.security.web.FilterChainProxy - Securing GET /rewards/status
2026-06-20 14:57:02 [http-nio-8080-exec-5] DEBUG org.springframework.security.web.FilterChainProxy - Secured GET /rewards/status
2026-06-20 14:57:04 [http-nio-8080-exec-1] DEBUG org.springframework.security.web.FilterChainProxy - Securing GET /rewards/status
2026-06-20 14:57:04 [http-nio-8080-exec-1] DEBUG org.springframework.security.web.FilterChainProxy - Secured GET /rewards/status
2026-06-20 14:57:04 [http-nio-8080-exec-3] DEBUG org.springframework.security.web.FilterChainProxy - Securing GET /transactions/gettranslog?vpaId=deepchan0498401@mts
2026-06-20 14:57:04 [http-nio-8080-exec-7] DEBUG org.springframework.security.web.FilterChainProxy - Securing GET /rewards/status
2026-06-20 14:57:04 [http-nio-8080-exec-3] DEBUG org.springframework.security.web.FilterChainProxy - Secured GET /transactions/gettranslog?vpaId=deepchan0498401@mts
2026-06-20 14:57:04 [http-nio-8080-exec-3] INFO  com.training.mts.aop.LoggingAspect - Entering method: TransactionServiceImpl.getTransactionHistory(..) with arguments: [deepchan0498401@mts]
2026-06-20 14:57:04 [http-nio-8080-exec-7] DEBUG org.springframework.security.web.FilterChainProxy - Secured GET /rewards/status
2026-06-20 14:57:04 [http-nio-8080-exec-9] DEBUG org.springframework.security.web.FilterChainProxy - Securing GET /rewards/status
2026-06-20 14:57:04 [http-nio-8080-exec-3] INFO  com.training.mts.aop.LoggingAspect - Method executed successfully: TransactionServiceImpl.getTransactionHistory(..) | Returned: com.training.mts.dto.TransactionHistoryResponse@6938d35a
2026-06-20 14:57:04 [http-nio-8080-exec-9] DEBUG org.springframework.security.web.FilterChainProxy - Secured GET /rewards/status
2026-06-20 14:57:04 [http-nio-8080-exec-10] DEBUG org.springframework.security.web.FilterChainProxy - Securing GET /rewards/status
2026-06-20 14:57:04 [http-nio-8080-exec-10] DEBUG org.springframework.security.web.FilterChainProxy - Secured GET /rewards/status
2026-06-20 14:57:04 [http-nio-8080-exec-2] DEBUG org.springframework.security.web.FilterChainProxy - Securing GET /rewards/status
2026-06-20 14:57:04 [http-nio-8080-exec-2] DEBUG org.springframework.security.web.FilterChainProxy - Secured GET /rewards/status
2026-06-20 14:57:04 [http-nio-8080-exec-2] DEBUG org.springframework.security.web.FilterChainProxy - Securing GET /rewards/status
2026-06-20 14:57:04 [http-nio-8080-exec-2] DEBUG org.springframework.security.web.FilterChainProxy - Secured GET /rewards/status
2026-06-20 14:57:04 [http-nio-8080-exec-6] DEBUG org.springframework.security.web.FilterChainProxy - Securing GET /rewards/status
2026-06-20 14:57:04 [http-nio-8080-exec-6] DEBUG org.springframework.security.web.FilterChainProxy - Secured GET /rewards/status
2026-06-20 14:57:04 [http-nio-8080-exec-4] DEBUG org.springframework.security.web.FilterChainProxy - Securing GET /rewards/status
2026-06-20 14:57:04 [http-nio-8080-exec-4] DEBUG org.springframework.security.web.FilterChainProxy - Secured GET /rewards/status
2026-06-20 14:57:04 [http-nio-8080-exec-5] DEBUG org.springframework.security.web.FilterChainProxy - Securing GET /rewards/status
2026-06-20 14:57:04 [http-nio-8080-exec-5] DEBUG org.springframework.security.web.FilterChainProxy - Secured GET /rewards/status
2026-06-20 14:57:04 [http-nio-8080-exec-1] DEBUG org.springframework.security.web.FilterChainProxy - Securing GET /rewards/status
2026-06-20 14:57:04 [http-nio-8080-exec-1] DEBUG org.springframework.security.web.FilterChainProxy - Secured GET /rewards/status
2026-06-20 14:57:04 [http-nio-8080-exec-7] DEBUG org.springframework.security.web.FilterChainProxy - Securing GET /rewards/status
2026-06-20 14:57:04 [http-nio-8080-exec-7] DEBUG org.springframework.security.web.FilterChainProxy - Secured GET /rewards/status
2026-06-20 14:57:04 [http-nio-8080-exec-3] DEBUG org.springframework.security.web.FilterChainProxy - Securing GET /rewards/status
2026-06-20 14:57:04 [http-nio-8080-exec-3] DEBUG org.springframework.security.web.FilterChainProxy - Secured GET /rewards/status
2026-06-20 14:57:04 [http-nio-8080-exec-9] DEBUG org.springframework.security.web.FilterChainProxy - Securing GET /rewards/status
2026-06-20 14:57:04 [http-nio-8080-exec-9] DEBUG org.springframework.security.web.FilterChainProxy - Secured GET /rewards/status
2026-06-20 14:57:04 [http-nio-8080-exec-10] DEBUG org.springframework.security.web.FilterChainProxy - Securing GET /rewards/status
2026-06-20 14:57:04 [http-nio-8080-exec-10] DEBUG org.springframework.security.web.FilterChainProxy - Secured GET /rewards/status
2026-06-20 14:57:04 [http-nio-8080-exec-8] DEBUG org.springframework.security.web.FilterChainProxy - Securing GET /rewards/status
2026-06-20 14:57:04 [http-nio-8080-exec-8] DEBUG org.springframework.security.web.FilterChainProxy - Secured GET /rewards/status
2026-06-20 14:57:04 [http-nio-8080-exec-2] DEBUG org.springframework.security.web.FilterChainProxy - Securing GET /rewards/status
2026-06-20 14:57:04 [http-nio-8080-exec-2] DEBUG org.springframework.security.web.FilterChainProxy - Secured GET /rewards/status
2026-06-20 14:57:04 [http-nio-8080-exec-6] DEBUG org.springframework.security.web.FilterChainProxy - Securing GET /rewards/status
2026-06-20 14:57:04 [http-nio-8080-exec-6] DEBUG org.springframework.security.web.FilterChainProxy - Secured GET /rewards/status
2026-06-20 14:57:04 [http-nio-8080-exec-4] DEBUG org.springframework.security.web.FilterChainProxy - Securing GET /rewards/status
2026-06-20 14:57:04 [http-nio-8080-exec-4] DEBUG org.springframework.security.web.FilterChainProxy - Secured GET /rewards/status
2026-06-20 14:57:33 [http-nio-8080-exec-5] DEBUG org.springframework.security.web.FilterChainProxy - Securing GET /rewards/status
2026-06-20 14:57:33 [http-nio-8080-exec-1] DEBUG org.springframework.security.web.FilterChainProxy - Securing GET /transactions/gettranslog?vpaId=deepchan0498401@mts
2026-06-20 14:57:33 [http-nio-8080-exec-5] DEBUG org.springframework.security.web.FilterChainProxy - Secured GET /rewards/status
2026-06-20 14:57:33 [http-nio-8080-exec-1] DEBUG org.springframework.security.web.FilterChainProxy - Secured GET /transactions/gettranslog?vpaId=deepchan0498401@mts
2026-06-20 14:57:33 [http-nio-8080-exec-1] INFO  com.training.mts.aop.LoggingAspect - Entering method: TransactionServiceImpl.getTransactionHistory(..) with arguments: [deepchan0498401@mts]
2026-06-20 14:57:33 [http-nio-8080-exec-7] DEBUG org.springframework.security.web.FilterChainProxy - Securing GET /rewards/status
2026-06-20 14:57:33 [http-nio-8080-exec-7] DEBUG org.springframework.security.web.FilterChainProxy - Secured GET /rewards/status
2026-06-20 14:57:33 [http-nio-8080-exec-3] DEBUG org.springframework.security.web.FilterChainProxy - Securing GET /rewards/status
2026-06-20 14:57:33 [http-nio-8080-exec-1] INFO  com.training.mts.aop.LoggingAspect - Method executed successfully: TransactionServiceImpl.getTransactionHistory(..) | Returned: com.training.mts.dto.TransactionHistoryResponse@4d1aec0c
2026-06-20 14:57:33 [http-nio-8080-exec-3] DEBUG org.springframework.security.web.FilterChainProxy - Secured GET /rewards/status
2026-06-20 14:57:33 [http-nio-8080-exec-3] DEBUG org.springframework.security.web.FilterChainProxy - Securing GET /rewards/status
2026-06-20 14:57:33 [http-nio-8080-exec-3] DEBUG org.springframework.security.web.FilterChainProxy - Secured GET /rewards/status
2026-06-20 14:57:33 [http-nio-8080-exec-3] DEBUG org.springframework.security.web.FilterChainProxy - Securing GET /rewards/status
2026-06-20 14:57:33 [http-nio-8080-exec-3] DEBUG org.springframework.security.web.FilterChainProxy - Secured GET /rewards/status
2026-06-20 14:57:33 [http-nio-8080-exec-8] DEBUG org.springframework.security.web.FilterChainProxy - Securing GET /rewards/status
2026-06-20 14:57:33 [http-nio-8080-exec-8] DEBUG org.springframework.security.web.FilterChainProxy - Secured GET /rewards/status
2026-06-20 14:57:33 [http-nio-8080-exec-2] DEBUG org.springframework.security.web.FilterChainProxy - Securing GET /rewards/status
2026-06-20 14:57:33 [http-nio-8080-exec-2] DEBUG org.springframework.security.web.FilterChainProxy - Secured GET /rewards/status
2026-06-20 14:57:33 [http-nio-8080-exec-6] DEBUG org.springframework.security.web.FilterChainProxy - Securing GET /rewards/status
2026-06-20 14:57:33 [http-nio-8080-exec-6] DEBUG org.springframework.security.web.FilterChainProxy - Secured GET /rewards/status
2026-06-20 14:57:33 [http-nio-8080-exec-4] DEBUG org.springframework.security.web.FilterChainProxy - Securing GET /rewards/status
2026-06-20 14:57:33 [http-nio-8080-exec-4] DEBUG org.springframework.security.web.FilterChainProxy - Secured GET /rewards/status
2026-06-20 14:57:33 [http-nio-8080-exec-5] DEBUG org.springframework.security.web.FilterChainProxy - Securing GET /rewards/status
2026-06-20 14:57:33 [http-nio-8080-exec-5] DEBUG org.springframework.security.web.FilterChainProxy - Secured GET /rewards/status
2026-06-20 14:57:33 [http-nio-8080-exec-7] DEBUG org.springframework.security.web.FilterChainProxy - Securing GET /rewards/status
2026-06-20 14:57:33 [http-nio-8080-exec-7] DEBUG org.springframework.security.web.FilterChainProxy - Secured GET /rewards/status
2026-06-20 14:57:33 [http-nio-8080-exec-1] DEBUG org.springframework.security.web.FilterChainProxy - Securing GET /rewards/status
2026-06-20 14:57:33 [http-nio-8080-exec-1] DEBUG org.springframework.security.web.FilterChainProxy - Secured GET /rewards/status
2026-06-20 14:57:33 [http-nio-8080-exec-9] DEBUG org.springframework.security.web.FilterChainProxy - Securing GET /rewards/status
2026-06-20 14:57:33 [http-nio-8080-exec-9] DEBUG org.springframework.security.web.FilterChainProxy - Secured GET /rewards/status
2026-06-20 14:57:33 [http-nio-8080-exec-10] DEBUG org.springframework.security.web.FilterChainProxy - Securing GET /rewards/status
2026-06-20 14:57:33 [http-nio-8080-exec-10] DEBUG org.springframework.security.web.FilterChainProxy - Secured GET /rewards/status
2026-06-20 14:57:33 [http-nio-8080-exec-3] DEBUG org.springframework.security.web.FilterChainProxy - Securing GET /rewards/status
2026-06-20 14:57:33 [http-nio-8080-exec-3] DEBUG org.springframework.security.web.FilterChainProxy - Secured GET /rewards/status
2026-06-20 14:57:33 [http-nio-8080-exec-8] DEBUG org.springframework.security.web.FilterChainProxy - Securing GET /rewards/status
2026-06-20 14:57:33 [http-nio-8080-exec-8] DEBUG org.springframework.security.web.FilterChainProxy - Secured GET /rewards/status
2026-06-20 14:57:33 [http-nio-8080-exec-2] DEBUG org.springframework.security.web.FilterChainProxy - Securing GET /rewards/status
2026-06-20 14:57:33 [http-nio-8080-exec-2] DEBUG org.springframework.security.web.FilterChainProxy - Secured GET /rewards/status
2026-06-20 14:57:33 [http-nio-8080-exec-6] DEBUG org.springframework.security.web.FilterChainProxy - Securing GET /rewards/status
2026-06-20 14:57:33 [http-nio-8080-exec-6] DEBUG org.springframework.security.web.FilterChainProxy - Secured GET /rewards/status
2026-06-20 14:57:33 [http-nio-8080-exec-6] DEBUG org.springframework.security.web.FilterChainProxy - Securing GET /rewards/status
2026-06-20 14:57:33 [http-nio-8080-exec-6] DEBUG org.springframework.security.web.FilterChainProxy - Secured GET /rewards/status
2026-06-20 14:57:47 [http-nio-8080-exec-5] DEBUG org.springframework.security.web.FilterChainProxy - Securing POST /auth/login
2026-06-20 14:57:47 [http-nio-8080-exec-5] DEBUG org.springframework.security.web.authentication.AnonymousAuthenticationFilter - Set SecurityContextHolder to anonymous SecurityContext
2026-06-20 14:57:47 [http-nio-8080-exec-5] DEBUG org.springframework.security.web.FilterChainProxy - Secured POST /auth/login
2026-06-20 14:57:47 [http-nio-8080-exec-5] DEBUG org.springframework.security.authentication.dao.DaoAuthenticationProvider - Failed to find user '9040774661'
2026-06-20 14:57:47 [http-nio-8080-exec-5] DEBUG org.springframework.security.authentication.ProviderManager - Authentication failed with provider DaoAuthenticationProvider since Bad credentials
2026-06-20 14:57:55 [http-nio-8080-exec-7] DEBUG org.springframework.security.web.FilterChainProxy - Securing POST /auth/login
2026-06-20 14:57:55 [http-nio-8080-exec-7] DEBUG org.springframework.security.web.authentication.AnonymousAuthenticationFilter - Set SecurityContextHolder to anonymous SecurityContext
2026-06-20 14:57:55 [http-nio-8080-exec-7] DEBUG org.springframework.security.web.FilterChainProxy - Secured POST /auth/login
2026-06-20 14:57:55 [http-nio-8080-exec-7] DEBUG org.springframework.security.authentication.dao.DaoAuthenticationProvider - Authenticated user
2026-06-20 14:57:55 [http-nio-8080-exec-1] DEBUG org.springframework.security.web.FilterChainProxy - Securing GET /users/findByPhone?phoneNumber=9840774661
2026-06-20 14:57:55 [http-nio-8080-exec-1] DEBUG org.springframework.security.web.FilterChainProxy - Secured GET /users/findByPhone?phoneNumber=9840774661
2026-06-20 14:57:55 [http-nio-8080-exec-1] INFO  com.training.mts.aop.LoggingAspect - Entering method: UserServiceImpl.getUserByPhoneNumber(..) with arguments: [9840774661]
2026-06-20 14:57:55 [http-nio-8080-exec-1] INFO  com.training.mts.aop.LoggingAspect - Method executed successfully: UserServiceImpl.getUserByPhoneNumber(..) | Returned: User{id=6, name='Deepak', vpa=null}
2026-06-20 14:57:55 [http-nio-8080-exec-10] DEBUG org.springframework.security.web.FilterChainProxy - Securing GET /admin/gettranslog
2026-06-20 14:57:55 [http-nio-8080-exec-9] DEBUG org.springframework.security.web.FilterChainProxy - Securing GET /admin/getusers
2026-06-20 14:57:55 [http-nio-8080-exec-10] DEBUG org.springframework.security.web.FilterChainProxy - Secured GET /admin/gettranslog
2026-06-20 14:57:55 [http-nio-8080-exec-10] INFO  com.training.mts.aop.LoggingAspect - Entering method: AdminServiceImpl.getTransactionHistory() with arguments: []
2026-06-20 14:57:55 [http-nio-8080-exec-9] DEBUG org.springframework.security.web.FilterChainProxy - Secured GET /admin/getusers
2026-06-20 14:57:55 [http-nio-8080-exec-9] INFO  com.training.mts.aop.LoggingAspect - Entering method: AdminServiceImpl.findAll() with arguments: []
2026-06-20 14:57:55 [http-nio-8080-exec-10] INFO  com.training.mts.aop.LoggingAspect - Method executed successfully: AdminServiceImpl.getTransactionHistory() | Returned: [com.training.mts.model.Transaction@52959d7a, com.training.mts.model.Transaction@173e9c90, com.training.mts.model.Transaction@6340127d, com.training.mts.model.Transaction@7712c2e2, com.training.mts.model.Transaction@912ef37, com.training.mts.model.Transaction@6a2b3899, com.training.mts.model.Transaction@99b1c5b]
2026-06-20 14:57:55 [http-nio-8080-exec-9] INFO  com.training.mts.aop.LoggingAspect - Method executed successfully: AdminServiceImpl.findAll() | Returned: [User{id=1, name='Hari Keshav', vpa=com.training.mts.model.VPA@7da16c2f}, User{id=2, name='Sowjen Meher', vpa=com.training.mts.model.VPA@5b7508a4}, User{id=3, name='Nethra', vpa=com.training.mts.model.VPA@2122726b}, User{id=6, name='Deepak', vpa=null}]
2026-06-20 14:58:10 [http-nio-8080-exec-3] DEBUG org.springframework.security.web.FilterChainProxy - Securing POST /auth/login
2026-06-20 14:58:10 [http-nio-8080-exec-3] DEBUG org.springframework.security.web.authentication.AnonymousAuthenticationFilter - Set SecurityContextHolder to anonymous SecurityContext
2026-06-20 14:58:10 [http-nio-8080-exec-3] DEBUG org.springframework.security.web.FilterChainProxy - Secured POST /auth/login
2026-06-20 14:58:10 [http-nio-8080-exec-3] DEBUG org.springframework.security.authentication.dao.DaoAuthenticationProvider - Authenticated user
2026-06-20 14:58:10 [http-nio-8080-exec-8] DEBUG org.springframework.security.web.FilterChainProxy - Securing GET /users/findByPhone?phoneNumber=9840774662
2026-06-20 14:58:10 [http-nio-8080-exec-8] DEBUG org.springframework.security.web.FilterChainProxy - Secured GET /users/findByPhone?phoneNumber=9840774662
2026-06-20 14:58:10 [http-nio-8080-exec-8] INFO  com.training.mts.aop.LoggingAspect - Entering method: UserServiceImpl.getUserByPhoneNumber(..) with arguments: [9840774662]
2026-06-20 14:58:10 [http-nio-8080-exec-8] INFO  com.training.mts.aop.LoggingAspect - Method executed successfully: UserServiceImpl.getUserByPhoneNumber(..) | Returned: User{id=1, name='Hari Keshav', vpa=com.training.mts.model.VPA@5a59cba5}
2026-06-20 14:58:10 [http-nio-8080-exec-2] DEBUG org.springframework.security.web.FilterChainProxy - Securing GET /rewards/status
2026-06-20 14:58:10 [http-nio-8080-exec-4] DEBUG org.springframework.security.web.FilterChainProxy - Securing GET /transactions/gettranslog?vpaId=deepchan0498401@mts
2026-06-20 14:58:10 [http-nio-8080-exec-2] DEBUG org.springframework.security.web.FilterChainProxy - Secured GET /rewards/status
2026-06-20 14:58:10 [http-nio-8080-exec-4] DEBUG org.springframework.security.web.FilterChainProxy - Secured GET /transactions/gettranslog?vpaId=deepchan0498401@mts
2026-06-20 14:58:10 [http-nio-8080-exec-4] INFO  com.training.mts.aop.LoggingAspect - Entering method: TransactionServiceImpl.getTransactionHistory(..) with arguments: [deepchan0498401@mts]
2026-06-20 14:58:10 [http-nio-8080-exec-6] DEBUG org.springframework.security.web.FilterChainProxy - Securing GET /rewards/status
2026-06-20 14:58:10 [http-nio-8080-exec-6] DEBUG org.springframework.security.web.FilterChainProxy - Secured GET /rewards/status
2026-06-20 14:58:10 [http-nio-8080-exec-5] DEBUG org.springframework.security.web.FilterChainProxy - Securing GET /rewards/status
2026-06-20 14:58:10 [http-nio-8080-exec-4] INFO  com.training.mts.aop.LoggingAspect - Method executed successfully: TransactionServiceImpl.getTransactionHistory(..) | Returned: com.training.mts.dto.TransactionHistoryResponse@4de024e0
2026-06-20 14:58:10 [http-nio-8080-exec-5] DEBUG org.springframework.security.web.FilterChainProxy - Secured GET /rewards/status
2026-06-20 14:58:10 [http-nio-8080-exec-7] DEBUG org.springframework.security.web.FilterChainProxy - Securing GET /rewards/status
2026-06-20 14:58:10 [http-nio-8080-exec-7] DEBUG org.springframework.security.web.FilterChainProxy - Secured GET /rewards/status
2026-06-20 14:58:10 [http-nio-8080-exec-1] DEBUG org.springframework.security.web.FilterChainProxy - Securing GET /rewards/status
2026-06-20 14:58:10 [http-nio-8080-exec-1] DEBUG org.springframework.security.web.FilterChainProxy - Secured GET /rewards/status
2026-06-20 14:58:10 [http-nio-8080-exec-10] DEBUG org.springframework.security.web.FilterChainProxy - Securing GET /rewards/status
2026-06-20 14:58:10 [http-nio-8080-exec-10] DEBUG org.springframework.security.web.FilterChainProxy - Secured GET /rewards/status
2026-06-20 14:58:10 [http-nio-8080-exec-9] DEBUG org.springframework.security.web.FilterChainProxy - Securing GET /rewards/status
2026-06-20 14:58:10 [http-nio-8080-exec-9] DEBUG org.springframework.security.web.FilterChainProxy - Secured GET /rewards/status
2026-06-20 14:58:10 [http-nio-8080-exec-3] DEBUG org.springframework.security.web.FilterChainProxy - Securing GET /rewards/status
2026-06-20 14:58:10 [http-nio-8080-exec-3] DEBUG org.springframework.security.web.FilterChainProxy - Secured GET /rewards/status
2026-06-20 14:58:10 [http-nio-8080-exec-8] DEBUG org.springframework.security.web.FilterChainProxy - Securing GET /rewards/status
2026-06-20 14:58:10 [http-nio-8080-exec-8] DEBUG org.springframework.security.web.FilterChainProxy - Secured GET /rewards/status
2026-06-20 14:58:10 [http-nio-8080-exec-2] DEBUG org.springframework.security.web.FilterChainProxy - Securing GET /rewards/status
2026-06-20 14:58:10 [http-nio-8080-exec-2] DEBUG org.springframework.security.web.FilterChainProxy - Secured GET /rewards/status
2026-06-20 14:58:10 [http-nio-8080-exec-6] DEBUG org.springframework.security.web.FilterChainProxy - Securing GET /rewards/status
2026-06-20 14:58:10 [http-nio-8080-exec-6] DEBUG org.springframework.security.web.FilterChainProxy - Secured GET /rewards/status
2026-06-20 14:58:10 [http-nio-8080-exec-4] DEBUG org.springframework.security.web.FilterChainProxy - Securing GET /rewards/status
2026-06-20 14:58:10 [http-nio-8080-exec-4] DEBUG org.springframework.security.web.FilterChainProxy - Secured GET /rewards/status
2026-06-20 14:58:10 [http-nio-8080-exec-5] DEBUG org.springframework.security.web.FilterChainProxy - Securing GET /rewards/status
2026-06-20 14:58:10 [http-nio-8080-exec-5] DEBUG org.springframework.security.web.FilterChainProxy - Secured GET /rewards/status
2026-06-20 14:58:10 [http-nio-8080-exec-7] DEBUG org.springframework.security.web.FilterChainProxy - Securing GET /rewards/status
2026-06-20 14:58:10 [http-nio-8080-exec-7] DEBUG org.springframework.security.web.FilterChainProxy - Secured GET /rewards/status
2026-06-20 14:58:10 [http-nio-8080-exec-1] DEBUG org.springframework.security.web.FilterChainProxy - Securing GET /rewards/status
2026-06-20 14:58:10 [http-nio-8080-exec-1] DEBUG org.springframework.security.web.FilterChainProxy - Secured GET /rewards/status
2026-06-20 14:58:10 [http-nio-8080-exec-10] DEBUG org.springframework.security.web.FilterChainProxy - Securing GET /rewards/status
2026-06-20 14:58:10 [http-nio-8080-exec-10] DEBUG org.springframework.security.web.FilterChainProxy - Secured GET /rewards/status
2026-06-20 14:58:10 [http-nio-8080-exec-9] DEBUG org.springframework.security.web.FilterChainProxy - Securing GET /rewards/status
2026-06-20 14:58:10 [http-nio-8080-exec-9] DEBUG org.springframework.security.web.FilterChainProxy - Secured GET /rewards/status
2026-06-20 14:58:10 [http-nio-8080-exec-3] DEBUG org.springframework.security.web.FilterChainProxy - Securing GET /rewards/status
2026-06-20 14:58:10 [http-nio-8080-exec-3] DEBUG org.springframework.security.web.FilterChainProxy - Secured GET /rewards/status
2026-06-20 14:58:10 [http-nio-8080-exec-8] DEBUG org.springframework.security.web.FilterChainProxy - Securing GET /rewards/status
2026-06-20 14:58:10 [http-nio-8080-exec-8] DEBUG org.springframework.security.web.FilterChainProxy - Secured GET /rewards/status
2026-06-20 14:58:10 [http-nio-8080-exec-2] DEBUG org.springframework.security.web.FilterChainProxy - Securing GET /rewards/status
2026-06-20 14:58:10 [http-nio-8080-exec-2] DEBUG org.springframework.security.web.FilterChainProxy - Secured GET /rewards/status
2026-06-20 14:58:10 [http-nio-8080-exec-6] DEBUG org.springframework.security.web.FilterChainProxy - Securing GET /rewards/status
2026-06-20 14:58:10 [http-nio-8080-exec-6] DEBUG org.springframework.security.web.FilterChainProxy - Secured GET /rewards/status
2026-06-20 14:58:10 [http-nio-8080-exec-4] DEBUG org.springframework.security.web.FilterChainProxy - Securing GET /rewards/status
2026-06-20 14:58:10 [http-nio-8080-exec-4] DEBUG org.springframework.security.web.FilterChainProxy - Secured GET /rewards/status
2026-06-20 14:58:10 [http-nio-8080-exec-5] DEBUG org.springframework.security.web.FilterChainProxy - Securing GET /rewards/status
2026-06-20 14:58:11 [http-nio-8080-exec-5] DEBUG org.springframework.security.web.FilterChainProxy - Secured GET /rewards/status
2026-06-20 14:58:13 [http-nio-8080-exec-7] DEBUG org.springframework.security.web.FilterChainProxy - Securing GET /rewards/status
2026-06-20 14:58:13 [http-nio-8080-exec-1] DEBUG org.springframework.security.web.FilterChainProxy - Securing GET /users/getusers
2026-06-20 14:58:13 [http-nio-8080-exec-7] DEBUG org.springframework.security.web.FilterChainProxy - Secured GET /rewards/status
2026-06-20 14:58:13 [http-nio-8080-exec-1] DEBUG org.springframework.security.web.FilterChainProxy - Secured GET /users/getusers
2026-06-20 14:58:13 [http-nio-8080-exec-1] INFO  com.training.mts.aop.LoggingAspect - Entering method: UserServiceImpl.getAllUsers() with arguments: []
2026-06-20 14:58:13 [http-nio-8080-exec-10] DEBUG org.springframework.security.web.FilterChainProxy - Securing GET /rewards/status
2026-06-20 14:58:13 [http-nio-8080-exec-10] DEBUG org.springframework.security.web.FilterChainProxy - Secured GET /rewards/status
2026-06-20 14:58:13 [http-nio-8080-exec-1] INFO  com.training.mts.aop.LoggingAspect - Method executed successfully: UserServiceImpl.getAllUsers() | Returned: [com.training.mts.dto.GetAllUsersRequest@3f1e9b74, com.training.mts.dto.GetAllUsersRequest@2263813f, com.training.mts.dto.GetAllUsersRequest@372dcafb]
2026-06-20 14:58:13 [http-nio-8080-exec-9] DEBUG org.springframework.security.web.FilterChainProxy - Securing GET /rewards/status
2026-06-20 14:58:13 [http-nio-8080-exec-9] DEBUG org.springframework.security.web.FilterChainProxy - Secured GET /rewards/status
2026-06-20 14:58:13 [http-nio-8080-exec-3] DEBUG org.springframework.security.web.FilterChainProxy - Securing GET /rewards/status
2026-06-20 14:58:13 [http-nio-8080-exec-3] DEBUG org.springframework.security.web.FilterChainProxy - Secured GET /rewards/status
2026-06-20 14:58:13 [http-nio-8080-exec-8] DEBUG org.springframework.security.web.FilterChainProxy - Securing GET /rewards/status
2026-06-20 14:58:13 [http-nio-8080-exec-8] DEBUG org.springframework.security.web.FilterChainProxy - Secured GET /rewards/status
2026-06-20 14:58:13 [http-nio-8080-exec-2] DEBUG org.springframework.security.web.FilterChainProxy - Securing GET /rewards/status
2026-06-20 14:58:13 [http-nio-8080-exec-2] DEBUG org.springframework.security.web.FilterChainProxy - Secured GET /rewards/status
2026-06-20 14:58:13 [http-nio-8080-exec-6] DEBUG org.springframework.security.web.FilterChainProxy - Securing GET /rewards/status
2026-06-20 14:58:13 [http-nio-8080-exec-6] DEBUG org.springframework.security.web.FilterChainProxy - Secured GET /rewards/status
2026-06-20 14:58:13 [http-nio-8080-exec-4] DEBUG org.springframework.security.web.FilterChainProxy - Securing GET /rewards/status
2026-06-20 14:58:13 [http-nio-8080-exec-4] DEBUG org.springframework.security.web.FilterChainProxy - Secured GET /rewards/status
2026-06-20 14:58:13 [http-nio-8080-exec-5] DEBUG org.springframework.security.web.FilterChainProxy - Securing GET /rewards/status
2026-06-20 14:58:13 [http-nio-8080-exec-5] DEBUG org.springframework.security.web.FilterChainProxy - Secured GET /rewards/status
2026-06-20 14:58:13 [http-nio-8080-exec-7] DEBUG org.springframework.security.web.FilterChainProxy - Securing GET /rewards/status
2026-06-20 14:58:13 [http-nio-8080-exec-7] DEBUG org.springframework.security.web.FilterChainProxy - Secured GET /rewards/status
2026-06-20 14:58:13 [http-nio-8080-exec-1] DEBUG org.springframework.security.web.FilterChainProxy - Securing GET /rewards/status
2026-06-20 14:58:13 [http-nio-8080-exec-1] DEBUG org.springframework.security.web.FilterChainProxy - Secured GET /rewards/status
2026-06-20 14:58:13 [http-nio-8080-exec-10] DEBUG org.springframework.security.web.FilterChainProxy - Securing GET /rewards/status
2026-06-20 14:58:13 [http-nio-8080-exec-10] DEBUG org.springframework.security.web.FilterChainProxy - Secured GET /rewards/status
2026-06-20 14:58:13 [http-nio-8080-exec-9] DEBUG org.springframework.security.web.FilterChainProxy - Securing GET /rewards/status
2026-06-20 14:58:13 [http-nio-8080-exec-9] DEBUG org.springframework.security.web.FilterChainProxy - Secured GET /rewards/status
2026-06-20 14:58:13 [http-nio-8080-exec-3] DEBUG org.springframework.security.web.FilterChainProxy - Securing GET /rewards/status
2026-06-20 14:58:13 [http-nio-8080-exec-3] DEBUG org.springframework.security.web.FilterChainProxy - Secured GET /rewards/status
2026-06-20 14:58:13 [http-nio-8080-exec-8] DEBUG org.springframework.security.web.FilterChainProxy - Securing GET /rewards/status
2026-06-20 14:58:13 [http-nio-8080-exec-8] DEBUG org.springframework.security.web.FilterChainProxy - Secured GET /rewards/status
2026-06-20 14:58:13 [http-nio-8080-exec-2] DEBUG org.springframework.security.web.FilterChainProxy - Securing GET /rewards/status
2026-06-20 14:58:13 [http-nio-8080-exec-2] DEBUG org.springframework.security.web.FilterChainProxy - Secured GET /rewards/status
2026-06-20 14:58:13 [http-nio-8080-exec-6] DEBUG org.springframework.security.web.FilterChainProxy - Securing GET /rewards/status
2026-06-20 14:58:13 [http-nio-8080-exec-6] DEBUG org.springframework.security.web.FilterChainProxy - Secured GET /rewards/status
2026-06-20 14:58:13 [http-nio-8080-exec-4] DEBUG org.springframework.security.web.FilterChainProxy - Securing GET /rewards/status
2026-06-20 14:58:13 [http-nio-8080-exec-4] DEBUG org.springframework.security.web.FilterChainProxy - Secured GET /rewards/status
2026-06-20 14:58:13 [http-nio-8080-exec-5] DEBUG org.springframework.security.web.FilterChainProxy - Securing GET /rewards/status
2026-06-20 14:58:13 [http-nio-8080-exec-5] DEBUG org.springframework.security.web.FilterChainProxy - Secured GET /rewards/status
2026-06-20 14:58:13 [http-nio-8080-exec-7] DEBUG org.springframework.security.web.FilterChainProxy - Securing GET /rewards/status
2026-06-20 14:58:13 [http-nio-8080-exec-7] DEBUG org.springframework.security.web.FilterChainProxy - Secured GET /rewards/status
2026-06-20 14:58:13 [http-nio-8080-exec-1] DEBUG org.springframework.security.web.FilterChainProxy - Securing GET /rewards/status
2026-06-20 14:58:13 [http-nio-8080-exec-1] DEBUG org.springframework.security.web.FilterChainProxy - Secured GET /rewards/status
2026-06-20 14:58:13 [http-nio-8080-exec-10] DEBUG org.springframework.security.web.FilterChainProxy - Securing GET /rewards/status
2026-06-20 14:58:13 [http-nio-8080-exec-10] DEBUG org.springframework.security.web.FilterChainProxy - Secured GET /rewards/status
2026-06-20 14:58:13 [http-nio-8080-exec-9] DEBUG org.springframework.security.web.FilterChainProxy - Securing GET /rewards/status
2026-06-20 14:58:13 [http-nio-8080-exec-9] DEBUG org.springframework.security.web.FilterChainProxy - Secured GET /rewards/status
2026-06-20 14:58:13 [http-nio-8080-exec-3] DEBUG org.springframework.security.web.FilterChainProxy - Securing GET /rewards/status
2026-06-20 14:58:13 [http-nio-8080-exec-3] DEBUG org.springframework.security.web.FilterChainProxy - Secured GET /rewards/status
2026-06-20 14:58:40 [http-nio-8080-exec-8] DEBUG org.springframework.security.web.FilterChainProxy - Securing POST /auth/login
2026-06-20 14:58:40 [http-nio-8080-exec-8] DEBUG org.springframework.security.web.authentication.AnonymousAuthenticationFilter - Set SecurityContextHolder to anonymous SecurityContext
2026-06-20 14:58:40 [http-nio-8080-exec-8] DEBUG org.springframework.security.web.FilterChainProxy - Secured POST /auth/login
2026-06-20 14:58:40 [http-nio-8080-exec-8] DEBUG org.springframework.security.authentication.dao.DaoAuthenticationProvider - Authenticated user
2026-06-20 14:58:40 [http-nio-8080-exec-2] DEBUG org.springframework.security.web.FilterChainProxy - Securing GET /users/findByPhone?phoneNumber=9840774661
2026-06-20 14:58:40 [http-nio-8080-exec-2] DEBUG org.springframework.security.web.FilterChainProxy - Secured GET /users/findByPhone?phoneNumber=9840774661
2026-06-20 14:58:40 [http-nio-8080-exec-2] INFO  com.training.mts.aop.LoggingAspect - Entering method: UserServiceImpl.getUserByPhoneNumber(..) with arguments: [9840774661]
2026-06-20 14:58:40 [http-nio-8080-exec-2] INFO  com.training.mts.aop.LoggingAspect - Method executed successfully: UserServiceImpl.getUserByPhoneNumber(..) | Returned: User{id=6, name='Deepak', vpa=null}
2026-06-20 14:58:40 [http-nio-8080-exec-6] DEBUG org.springframework.security.web.FilterChainProxy - Securing GET /admin/getusers
2026-06-20 14:58:40 [http-nio-8080-exec-4] DEBUG org.springframework.security.web.FilterChainProxy - Securing GET /admin/gettranslog
2026-06-20 14:58:40 [http-nio-8080-exec-4] DEBUG org.springframework.security.web.FilterChainProxy - Secured GET /admin/gettranslog
2026-06-20 14:58:40 [http-nio-8080-exec-6] DEBUG org.springframework.security.web.FilterChainProxy - Secured GET /admin/getusers
2026-06-20 14:58:40 [http-nio-8080-exec-4] INFO  com.training.mts.aop.LoggingAspect - Entering method: AdminServiceImpl.getTransactionHistory() with arguments: []
2026-06-20 14:58:40 [http-nio-8080-exec-6] INFO  com.training.mts.aop.LoggingAspect - Entering method: AdminServiceImpl.findAll() with arguments: []
2026-06-20 14:58:40 [http-nio-8080-exec-6] INFO  com.training.mts.aop.LoggingAspect - Method executed successfully: AdminServiceImpl.findAll() | Returned: [User{id=1, name='Hari Keshav', vpa=com.training.mts.model.VPA@6f601d72}, User{id=2, name='Sowjen Meher', vpa=com.training.mts.model.VPA@5529c6ad}, User{id=3, name='Nethra', vpa=com.training.mts.model.VPA@882f40f}, User{id=6, name='Deepak', vpa=null}]
2026-06-20 14:58:40 [http-nio-8080-exec-4] INFO  com.training.mts.aop.LoggingAspect - Method executed successfully: AdminServiceImpl.getTransactionHistory() | Returned: [com.training.mts.model.Transaction@7e4e5464, com.training.mts.model.Transaction@53a1c109, com.training.mts.model.Transaction@af0fd33, com.training.mts.model.Transaction@71f584ed, com.training.mts.model.Transaction@7d9413c3, com.training.mts.model.Transaction@20602cf1, com.training.mts.model.Transaction@2df444ab]
2026-06-20 15:01:45 [http-nio-8080-exec-10] DEBUG org.springframework.security.web.FilterChainProxy - Securing GET /admin/getusers
2026-06-20 15:01:45 [http-nio-8080-exec-10] DEBUG org.springframework.security.web.FilterChainProxy - Secured GET /admin/getusers
2026-06-20 15:01:45 [http-nio-8080-exec-10] INFO  com.training.mts.aop.LoggingAspect - Entering method: AdminServiceImpl.findAll() with arguments: []
2026-06-20 15:01:45 [http-nio-8080-exec-10] INFO  com.training.mts.aop.LoggingAspect - Method executed successfully: AdminServiceImpl.findAll() | Returned: [User{id=1, name='Hari Keshav', vpa=com.training.mts.model.VPA@185adbaa}, User{id=2, name='Sowjen Meher', vpa=com.training.mts.model.VPA@3b7112ef}, User{id=3, name='Nethra', vpa=com.training.mts.model.VPA@3646d2f9}, User{id=6, name='Deepak', vpa=null}]
2026-06-20 15:01:46 [http-nio-8080-exec-9] DEBUG org.springframework.security.web.FilterChainProxy - Securing PUT /admin/changeStatus
2026-06-20 15:01:46 [http-nio-8080-exec-9] DEBUG org.springframework.security.web.FilterChainProxy - Secured PUT /admin/changeStatus
2026-06-20 15:01:46 [http-nio-8080-exec-9] INFO  com.training.mts.aop.LoggingAspect - Entering method: AdminServiceImpl.updateUser(..) with arguments: [sowjenmeher1290902@mts, ACTIVE]
2026-06-20 15:01:46 [http-nio-8080-exec-9] INFO  com.training.mts.aop.LoggingAspect - Method executed successfully: AdminServiceImpl.updateUser(..) | Returned: User{id=2, name='Sowjen Meher', vpa=com.training.mts.model.VPA@52b52142}
2026-06-20 15:01:46 [http-nio-8080-exec-3] DEBUG org.springframework.security.web.FilterChainProxy - Securing GET /admin/getusers
2026-06-20 15:01:46 [http-nio-8080-exec-3] DEBUG org.springframework.security.web.FilterChainProxy - Secured GET /admin/getusers
2026-06-20 15:01:46 [http-nio-8080-exec-3] INFO  com.training.mts.aop.LoggingAspect - Entering method: AdminServiceImpl.findAll() with arguments: []
2026-06-20 15:01:46 [http-nio-8080-exec-3] INFO  com.training.mts.aop.LoggingAspect - Method executed successfully: AdminServiceImpl.findAll() | Returned: [User{id=1, name='Hari Keshav', vpa=com.training.mts.model.VPA@627d5155}, User{id=2, name='Sowjen Meher', vpa=com.training.mts.model.VPA@4f9ba131}, User{id=3, name='Nethra', vpa=com.training.mts.model.VPA@2c556194}, User{id=6, name='Deepak', vpa=null}]
2026-06-20 15:02:07 [http-nio-8080-exec-8] DEBUG org.springframework.security.web.FilterChainProxy - Securing POST /auth/login
2026-06-20 15:02:07 [http-nio-8080-exec-8] DEBUG org.springframework.security.web.authentication.AnonymousAuthenticationFilter - Set SecurityContextHolder to anonymous SecurityContext
2026-06-20 15:02:07 [http-nio-8080-exec-8] DEBUG org.springframework.security.web.FilterChainProxy - Secured POST /auth/login
2026-06-20 15:02:07 [http-nio-8080-exec-8] DEBUG org.springframework.security.authentication.dao.DaoAuthenticationProvider - Authenticated user
2026-06-20 15:02:07 [http-nio-8080-exec-2] DEBUG org.springframework.security.web.FilterChainProxy - Securing GET /users/findByPhone?phoneNumber=9840774662
2026-06-20 15:02:07 [http-nio-8080-exec-2] DEBUG org.springframework.security.web.FilterChainProxy - Secured GET /users/findByPhone?phoneNumber=9840774662
2026-06-20 15:02:07 [http-nio-8080-exec-2] INFO  com.training.mts.aop.LoggingAspect - Entering method: UserServiceImpl.getUserByPhoneNumber(..) with arguments: [9840774662]
2026-06-20 15:02:07 [http-nio-8080-exec-2] INFO  com.training.mts.aop.LoggingAspect - Method executed successfully: UserServiceImpl.getUserByPhoneNumber(..) | Returned: User{id=1, name='Hari Keshav', vpa=com.training.mts.model.VPA@12b48645}
2026-06-20 15:02:07 [http-nio-8080-exec-6] DEBUG org.springframework.security.web.FilterChainProxy - Securing GET /rewards/status
2026-06-20 15:02:07 [http-nio-8080-exec-4] DEBUG org.springframework.security.web.FilterChainProxy - Securing GET /transactions/gettranslog?vpaId=deepchan0498401@mts
2026-06-20 15:02:07 [http-nio-8080-exec-6] DEBUG org.springframework.security.web.FilterChainProxy - Secured GET /rewards/status
2026-06-20 15:02:07 [http-nio-8080-exec-4] DEBUG org.springframework.security.web.FilterChainProxy - Secured GET /transactions/gettranslog?vpaId=deepchan0498401@mts
2026-06-20 15:02:07 [http-nio-8080-exec-4] INFO  com.training.mts.aop.LoggingAspect - Entering method: TransactionServiceImpl.getTransactionHistory(..) with arguments: [deepchan0498401@mts]
2026-06-20 15:02:07 [http-nio-8080-exec-5] DEBUG org.springframework.security.web.FilterChainProxy - Securing GET /rewards/status
2026-06-20 15:02:07 [http-nio-8080-exec-5] DEBUG org.springframework.security.web.FilterChainProxy - Secured GET /rewards/status
2026-06-20 15:02:07 [http-nio-8080-exec-4] INFO  com.training.mts.aop.LoggingAspect - Method executed successfully: TransactionServiceImpl.getTransactionHistory(..) | Returned: com.training.mts.dto.TransactionHistoryResponse@1d9a36f3
2026-06-20 15:02:07 [http-nio-8080-exec-7] DEBUG org.springframework.security.web.FilterChainProxy - Securing GET /rewards/status
2026-06-20 15:02:07 [http-nio-8080-exec-7] DEBUG org.springframework.security.web.FilterChainProxy - Secured GET /rewards/status
2026-06-20 15:02:07 [http-nio-8080-exec-1] DEBUG org.springframework.security.web.FilterChainProxy - Securing GET /rewards/status
2026-06-20 15:02:07 [http-nio-8080-exec-1] DEBUG org.springframework.security.web.FilterChainProxy - Secured GET /rewards/status
2026-06-20 15:02:07 [http-nio-8080-exec-10] DEBUG org.springframework.security.web.FilterChainProxy - Securing GET /rewards/status
2026-06-20 15:02:07 [http-nio-8080-exec-10] DEBUG org.springframework.security.web.FilterChainProxy - Secured GET /rewards/status
2026-06-20 15:02:07 [http-nio-8080-exec-9] DEBUG org.springframework.security.web.FilterChainProxy - Securing GET /rewards/status
2026-06-20 15:02:07 [http-nio-8080-exec-9] DEBUG org.springframework.security.web.FilterChainProxy - Secured GET /rewards/status
2026-06-20 15:02:07 [http-nio-8080-exec-3] DEBUG org.springframework.security.web.FilterChainProxy - Securing GET /rewards/status
2026-06-20 15:02:07 [http-nio-8080-exec-3] DEBUG org.springframework.security.web.FilterChainProxy - Secured GET /rewards/status
2026-06-20 15:02:07 [http-nio-8080-exec-8] DEBUG org.springframework.security.web.FilterChainProxy - Securing GET /rewards/status
2026-06-20 15:02:07 [http-nio-8080-exec-8] DEBUG org.springframework.security.web.FilterChainProxy - Secured GET /rewards/status
2026-06-20 15:02:07 [http-nio-8080-exec-2] DEBUG org.springframework.security.web.FilterChainProxy - Securing GET /rewards/status
2026-06-20 15:02:07 [http-nio-8080-exec-2] DEBUG org.springframework.security.web.FilterChainProxy - Secured GET /rewards/status
2026-06-20 15:02:07 [http-nio-8080-exec-6] DEBUG org.springframework.security.web.FilterChainProxy - Securing GET /rewards/status
2026-06-20 15:02:07 [http-nio-8080-exec-6] DEBUG org.springframework.security.web.FilterChainProxy - Secured GET /rewards/status
2026-06-20 15:02:07 [http-nio-8080-exec-5] DEBUG org.springframework.security.web.FilterChainProxy - Securing GET /rewards/status
2026-06-20 15:02:07 [http-nio-8080-exec-5] DEBUG org.springframework.security.web.FilterChainProxy - Secured GET /rewards/status
2026-06-20 15:02:07 [http-nio-8080-exec-4] DEBUG org.springframework.security.web.FilterChainProxy - Securing GET /rewards/status
2026-06-20 15:02:07 [http-nio-8080-exec-4] DEBUG org.springframework.security.web.FilterChainProxy - Secured GET /rewards/status
2026-06-20 15:02:07 [http-nio-8080-exec-7] DEBUG org.springframework.security.web.FilterChainProxy - Securing GET /rewards/status
2026-06-20 15:02:07 [http-nio-8080-exec-7] DEBUG org.springframework.security.web.FilterChainProxy - Secured GET /rewards/status
2026-06-20 15:02:07 [http-nio-8080-exec-1] DEBUG org.springframework.security.web.FilterChainProxy - Securing GET /rewards/status
2026-06-20 15:02:07 [http-nio-8080-exec-1] DEBUG org.springframework.security.web.FilterChainProxy - Secured GET /rewards/status
2026-06-20 15:02:07 [http-nio-8080-exec-10] DEBUG org.springframework.security.web.FilterChainProxy - Securing GET /rewards/status
2026-06-20 15:02:07 [http-nio-8080-exec-10] DEBUG org.springframework.security.web.FilterChainProxy - Secured GET /rewards/status
2026-06-20 15:02:07 [http-nio-8080-exec-9] DEBUG org.springframework.security.web.FilterChainProxy - Securing GET /rewards/status
2026-06-20 15:02:07 [http-nio-8080-exec-9] DEBUG org.springframework.security.web.FilterChainProxy - Secured GET /rewards/status
2026-06-20 15:02:07 [http-nio-8080-exec-3] DEBUG org.springframework.security.web.FilterChainProxy - Securing GET /rewards/status
2026-06-20 15:02:07 [http-nio-8080-exec-3] DEBUG org.springframework.security.web.FilterChainProxy - Secured GET /rewards/status
2026-06-20 15:02:07 [http-nio-8080-exec-8] DEBUG org.springframework.security.web.FilterChainProxy - Securing GET /rewards/status
2026-06-20 15:02:07 [http-nio-8080-exec-8] DEBUG org.springframework.security.web.FilterChainProxy - Secured GET /rewards/status
2026-06-20 15:02:07 [http-nio-8080-exec-2] DEBUG org.springframework.security.web.FilterChainProxy - Securing GET /rewards/status
2026-06-20 15:02:07 [http-nio-8080-exec-2] DEBUG org.springframework.security.web.FilterChainProxy - Secured GET /rewards/status
2026-06-20 15:02:07 [http-nio-8080-exec-6] DEBUG org.springframework.security.web.FilterChainProxy - Securing GET /rewards/status
2026-06-20 15:02:07 [http-nio-8080-exec-6] DEBUG org.springframework.security.web.FilterChainProxy - Secured GET /rewards/status
2026-06-20 15:02:07 [http-nio-8080-exec-5] DEBUG org.springframework.security.web.FilterChainProxy - Securing GET /rewards/status
2026-06-20 15:02:07 [http-nio-8080-exec-5] DEBUG org.springframework.security.web.FilterChainProxy - Secured GET /rewards/status
2026-06-20 15:02:07 [http-nio-8080-exec-4] DEBUG org.springframework.security.web.FilterChainProxy - Securing GET /rewards/status
2026-06-20 15:02:07 [http-nio-8080-exec-4] DEBUG org.springframework.security.web.FilterChainProxy - Secured GET /rewards/status
2026-06-20 15:02:07 [http-nio-8080-exec-7] DEBUG org.springframework.security.web.FilterChainProxy - Securing GET /rewards/status
2026-06-20 15:02:07 [http-nio-8080-exec-7] DEBUG org.springframework.security.web.FilterChainProxy - Secured GET /rewards/status
2026-06-20 15:02:07 [http-nio-8080-exec-1] DEBUG org.springframework.security.web.FilterChainProxy - Securing GET /rewards/status
2026-06-20 15:02:07 [http-nio-8080-exec-1] DEBUG org.springframework.security.web.FilterChainProxy - Secured GET /rewards/status
2026-06-20 15:02:07 [http-nio-8080-exec-10] DEBUG org.springframework.security.web.FilterChainProxy - Securing GET /rewards/status
2026-06-20 15:02:07 [http-nio-8080-exec-10] DEBUG org.springframework.security.web.FilterChainProxy - Secured GET /rewards/status
2026-06-20 15:02:07 [http-nio-8080-exec-9] DEBUG org.springframework.security.web.FilterChainProxy - Securing GET /rewards/status
2026-06-20 15:02:07 [http-nio-8080-exec-9] DEBUG org.springframework.security.web.FilterChainProxy - Secured GET /rewards/status
2026-06-20 15:02:07 [http-nio-8080-exec-3] DEBUG org.springframework.security.web.FilterChainProxy - Securing GET /rewards/status
2026-06-20 15:02:07 [http-nio-8080-exec-3] DEBUG org.springframework.security.web.FilterChainProxy - Secured GET /rewards/status
2026-06-20 15:02:07 [http-nio-8080-exec-8] DEBUG org.springframework.security.web.FilterChainProxy - Securing GET /rewards/status
2026-06-20 15:02:07 [http-nio-8080-exec-8] DEBUG org.springframework.security.web.FilterChainProxy - Secured GET /rewards/status
2026-06-20 15:02:07 [http-nio-8080-exec-2] DEBUG org.springframework.security.web.FilterChainProxy - Securing GET /rewards/status
2026-06-20 15:02:07 [http-nio-8080-exec-2] DEBUG org.springframework.security.web.FilterChainProxy - Secured GET /rewards/status
2026-06-20 15:02:07 [http-nio-8080-exec-6] DEBUG org.springframework.security.web.FilterChainProxy - Securing GET /rewards/status
2026-06-20 15:02:07 [http-nio-8080-exec-6] DEBUG org.springframework.security.web.FilterChainProxy - Secured GET /rewards/status
2026-06-20 15:02:09 [http-nio-8080-exec-5] DEBUG org.springframework.security.web.FilterChainProxy - Securing GET /rewards/status
2026-06-20 15:02:09 [http-nio-8080-exec-4] DEBUG org.springframework.security.web.FilterChainProxy - Securing GET /users/getusers
2026-06-20 15:02:09 [http-nio-8080-exec-5] DEBUG org.springframework.security.web.FilterChainProxy - Secured GET /rewards/status
2026-06-20 15:02:09 [http-nio-8080-exec-4] DEBUG org.springframework.security.web.FilterChainProxy - Secured GET /users/getusers
2026-06-20 15:02:09 [http-nio-8080-exec-4] INFO  com.training.mts.aop.LoggingAspect - Entering method: UserServiceImpl.getAllUsers() with arguments: []
2026-06-20 15:02:09 [http-nio-8080-exec-7] DEBUG org.springframework.security.web.FilterChainProxy - Securing GET /rewards/status
2026-06-20 15:02:09 [http-nio-8080-exec-4] INFO  com.training.mts.aop.LoggingAspect - Method executed successfully: UserServiceImpl.getAllUsers() | Returned: [com.training.mts.dto.GetAllUsersRequest@695feb05, com.training.mts.dto.GetAllUsersRequest@5c863261, com.training.mts.dto.GetAllUsersRequest@2650ccdd]
2026-06-20 15:02:09 [http-nio-8080-exec-7] DEBUG org.springframework.security.web.FilterChainProxy - Secured GET /rewards/status
2026-06-20 15:02:09 [http-nio-8080-exec-1] DEBUG org.springframework.security.web.FilterChainProxy - Securing GET /rewards/status
2026-06-20 15:02:09 [http-nio-8080-exec-1] DEBUG org.springframework.security.web.FilterChainProxy - Secured GET /rewards/status
2026-06-20 15:02:09 [http-nio-8080-exec-10] DEBUG org.springframework.security.web.FilterChainProxy - Securing GET /rewards/status
2026-06-20 15:02:09 [http-nio-8080-exec-10] DEBUG org.springframework.security.web.FilterChainProxy - Secured GET /rewards/status
2026-06-20 15:02:09 [http-nio-8080-exec-9] DEBUG org.springframework.security.web.FilterChainProxy - Securing GET /rewards/status
2026-06-20 15:02:09 [http-nio-8080-exec-9] DEBUG org.springframework.security.web.FilterChainProxy - Secured GET /rewards/status
2026-06-20 15:02:09 [http-nio-8080-exec-3] DEBUG org.springframework.security.web.FilterChainProxy - Securing GET /rewards/status
2026-06-20 15:02:09 [http-nio-8080-exec-3] DEBUG org.springframework.security.web.FilterChainProxy - Secured GET /rewards/status
2026-06-20 15:02:09 [http-nio-8080-exec-8] DEBUG org.springframework.security.web.FilterChainProxy - Securing GET /rewards/status
2026-06-20 15:02:09 [http-nio-8080-exec-8] DEBUG org.springframework.security.web.FilterChainProxy - Secured GET /rewards/status
2026-06-20 15:02:09 [http-nio-8080-exec-2] DEBUG org.springframework.security.web.FilterChainProxy - Securing GET /rewards/status
2026-06-20 15:02:09 [http-nio-8080-exec-2] DEBUG org.springframework.security.web.FilterChainProxy - Secured GET /rewards/status
2026-06-20 15:02:09 [http-nio-8080-exec-6] DEBUG org.springframework.security.web.FilterChainProxy - Securing GET /rewards/status
2026-06-20 15:02:09 [http-nio-8080-exec-6] DEBUG org.springframework.security.web.FilterChainProxy - Secured GET /rewards/status
2026-06-20 15:02:09 [http-nio-8080-exec-5] DEBUG org.springframework.security.web.FilterChainProxy - Securing GET /rewards/status
2026-06-20 15:02:09 [http-nio-8080-exec-5] DEBUG org.springframework.security.web.FilterChainProxy - Secured GET /rewards/status
2026-06-20 15:02:10 [http-nio-8080-exec-4] DEBUG org.springframework.security.web.FilterChainProxy - Securing GET /rewards/status
2026-06-20 15:02:10 [http-nio-8080-exec-4] DEBUG org.springframework.security.web.FilterChainProxy - Secured GET /rewards/status
2026-06-20 15:02:10 [http-nio-8080-exec-7] DEBUG org.springframework.security.web.FilterChainProxy - Securing GET /rewards/status
2026-06-20 15:02:10 [http-nio-8080-exec-7] DEBUG org.springframework.security.web.FilterChainProxy - Secured GET /rewards/status
2026-06-20 15:02:10 [http-nio-8080-exec-1] DEBUG org.springframework.security.web.FilterChainProxy - Securing GET /rewards/status
2026-06-20 15:02:10 [http-nio-8080-exec-1] DEBUG org.springframework.security.web.FilterChainProxy - Secured GET /rewards/status
2026-06-20 15:02:10 [http-nio-8080-exec-10] DEBUG org.springframework.security.web.FilterChainProxy - Securing GET /rewards/status
2026-06-20 15:02:10 [http-nio-8080-exec-10] DEBUG org.springframework.security.web.FilterChainProxy - Secured GET /rewards/status
2026-06-20 15:02:10 [http-nio-8080-exec-9] DEBUG org.springframework.security.web.FilterChainProxy - Securing GET /rewards/status
2026-06-20 15:02:10 [http-nio-8080-exec-9] DEBUG org.springframework.security.web.FilterChainProxy - Secured GET /rewards/status
2026-06-20 15:02:10 [http-nio-8080-exec-3] DEBUG org.springframework.security.web.FilterChainProxy - Securing GET /rewards/status
2026-06-20 15:02:10 [http-nio-8080-exec-3] DEBUG org.springframework.security.web.FilterChainProxy - Secured GET /rewards/status
2026-06-20 15:02:10 [http-nio-8080-exec-8] DEBUG org.springframework.security.web.FilterChainProxy - Securing GET /rewards/status
2026-06-20 15:02:10 [http-nio-8080-exec-8] DEBUG org.springframework.security.web.FilterChainProxy - Secured GET /rewards/status
2026-06-20 15:02:10 [http-nio-8080-exec-2] DEBUG org.springframework.security.web.FilterChainProxy - Securing GET /rewards/status
2026-06-20 15:02:10 [http-nio-8080-exec-2] DEBUG org.springframework.security.web.FilterChainProxy - Secured GET /rewards/status
2026-06-20 15:02:10 [http-nio-8080-exec-6] DEBUG org.springframework.security.web.FilterChainProxy - Securing GET /rewards/status
2026-06-20 15:02:10 [http-nio-8080-exec-6] DEBUG org.springframework.security.web.FilterChainProxy - Secured GET /rewards/status
2026-06-20 15:02:10 [http-nio-8080-exec-5] DEBUG org.springframework.security.web.FilterChainProxy - Securing GET /rewards/status
2026-06-20 15:02:10 [http-nio-8080-exec-5] DEBUG org.springframework.security.web.FilterChainProxy - Secured GET /rewards/status
2026-06-20 15:02:10 [http-nio-8080-exec-4] DEBUG org.springframework.security.web.FilterChainProxy - Securing GET /rewards/status
2026-06-20 15:02:10 [http-nio-8080-exec-4] DEBUG org.springframework.security.web.FilterChainProxy - Secured GET /rewards/status
2026-06-20 15:02:10 [http-nio-8080-exec-7] DEBUG org.springframework.security.web.FilterChainProxy - Securing GET /rewards/status
2026-06-20 15:02:10 [http-nio-8080-exec-7] DEBUG org.springframework.security.web.FilterChainProxy - Secured GET /rewards/status
2026-06-20 15:02:10 [http-nio-8080-exec-1] DEBUG org.springframework.security.web.FilterChainProxy - Securing GET /rewards/status
2026-06-20 15:02:10 [http-nio-8080-exec-1] DEBUG org.springframework.security.web.FilterChainProxy - Secured GET /rewards/status
2026-06-20 15:02:10 [http-nio-8080-exec-10] DEBUG org.springframework.security.web.FilterChainProxy - Securing GET /rewards/status
2026-06-20 15:02:10 [http-nio-8080-exec-10] DEBUG org.springframework.security.web.FilterChainProxy - Secured GET /rewards/status
2026-06-20 15:02:10 [http-nio-8080-exec-9] DEBUG org.springframework.security.web.FilterChainProxy - Securing GET /rewards/status
2026-06-20 15:02:10 [http-nio-8080-exec-9] DEBUG org.springframework.security.web.FilterChainProxy - Secured GET /rewards/status
2026-06-20 15:02:10 [http-nio-8080-exec-3] DEBUG org.springframework.security.web.FilterChainProxy - Securing GET /rewards/status
2026-06-20 15:02:10 [http-nio-8080-exec-3] DEBUG org.springframework.security.web.FilterChainProxy - Secured GET /rewards/status
2026-06-20 15:02:10 [http-nio-8080-exec-8] DEBUG org.springframework.security.web.FilterChainProxy - Securing GET /rewards/status
2026-06-20 15:02:10 [http-nio-8080-exec-8] DEBUG org.springframework.security.web.FilterChainProxy - Secured GET /rewards/status
2026-06-20 15:02:10 [http-nio-8080-exec-2] DEBUG org.springframework.security.web.FilterChainProxy - Securing GET /rewards/status
2026-06-20 15:02:10 [http-nio-8080-exec-2] DEBUG org.springframework.security.web.FilterChainProxy - Secured GET /rewards/status
2026-06-20 15:02:10 [http-nio-8080-exec-6] DEBUG org.springframework.security.web.FilterChainProxy - Securing GET /rewards/status
2026-06-20 15:02:10 [http-nio-8080-exec-6] DEBUG org.springframework.security.web.FilterChainProxy - Secured GET /rewards/status
2026-06-20 15:02:10 [http-nio-8080-exec-5] DEBUG org.springframework.security.web.FilterChainProxy - Securing GET /rewards/status
2026-06-20 15:02:10 [http-nio-8080-exec-5] DEBUG org.springframework.security.web.FilterChainProxy - Secured GET /rewards/status
2026-06-20 15:02:10 [http-nio-8080-exec-4] DEBUG org.springframework.security.web.FilterChainProxy - Securing GET /rewards/status
2026-06-20 15:02:10 [http-nio-8080-exec-4] DEBUG org.springframework.security.web.FilterChainProxy - Secured GET /rewards/status
2026-06-20 15:02:23 [http-nio-8080-exec-7] DEBUG org.springframework.security.web.FilterChainProxy - Securing POST /transactions/pay
2026-06-20 15:02:23 [http-nio-8080-exec-7] DEBUG org.springframework.security.web.FilterChainProxy - Secured POST /transactions/pay
2026-06-20 15:02:23 [http-nio-8080-exec-7] INFO  com.training.mts.aop.LoggingAspect - Entering method: TransactionServiceImpl.initiatePayment(..) with arguments: [com.training.mts.dto.TransactionRequest@7b23ee6e]
2026-06-20 15:02:23 [http-nio-8080-exec-7] INFO  com.training.mts.aop.LoggingAspect - Entering method: BankAccountServiceImpl.getBankAccount(..) with arguments: [deepchan0498401@mts]
2026-06-20 15:02:23 [http-nio-8080-exec-7] INFO  com.training.mts.aop.LoggingAspect - Method executed successfully: BankAccountServiceImpl.getBankAccount(..) | Returned: com.training.mts.model.BankAccount@3fffa368
2026-06-20 15:02:23 [http-nio-8080-exec-7] INFO  com.training.mts.aop.LoggingAspect - Entering method: BankAccountServiceImpl.getBankAccount(..) with arguments: [sowjenmeher1290902@mts]
2026-06-20 15:02:23 [http-nio-8080-exec-7] INFO  com.training.mts.aop.LoggingAspect - Method executed successfully: BankAccountServiceImpl.getBankAccount(..) | Returned: com.training.mts.model.BankAccount@5f81e4d4
2026-06-20 15:02:23 [http-nio-8080-exec-7] INFO  com.training.mts.aop.LoggingAspect - Entering method: TransactionFailServiceImpl.saveFailedTransaction(..) with arguments: [1_1781947943123_noid0wsrgj, User{id=1, name='Hari Keshav', vpa=com.training.mts.model.VPA@5bcb66e1}, User{id=2, name='Sowjen Meher', vpa=com.training.mts.model.VPA@3ff83f72}, 100000.0, Insufficient balance]
2026-06-20 15:02:23 [http-nio-8080-exec-7] INFO  com.training.mts.aop.LoggingAspect - Method executed successfully: TransactionFailServiceImpl.saveFailedTransaction(..) | Returned: com.training.mts.model.Transaction@7a30a230
2026-06-20 15:02:23 [http-nio-8080-exec-7] ERROR com.training.mts.aop.LoggingAspect - Exception in method: TransactionServiceImpl.initiatePayment(..) | Message: Insufficient balance | Arguments: [com.training.mts.dto.TransactionRequest@7b23ee6e]
com.training.mts.exceptions.InsufficientBalanceException: Insufficient balance
	at com.training.mts.service.TransactionServiceImpl.initiatePayment(TransactionServiceImpl.java:93)
	at java.base/jdk.internal.reflect.DirectMethodHandleAccessor.invoke(DirectMethodHandleAccessor.java:103)
	at java.base/java.lang.reflect.Method.invoke(Method.java:580)
	at org.springframework.aop.support.AopUtils.invokeJoinpointUsingReflection(AopUtils.java:359)
	at org.springframework.aop.framework.ReflectiveMethodInvocation.invokeJoinpoint(ReflectiveMethodInvocation.java:190)
	at org.springframework.aop.framework.ReflectiveMethodInvocation.proceed(ReflectiveMethodInvocation.java:158)
	at org.springframework.aop.aspectj.AspectJAfterThrowingAdvice.invoke(AspectJAfterThrowingAdvice.java:63)
	at org.springframework.aop.framework.ReflectiveMethodInvocation.proceed(ReflectiveMethodInvocation.java:179)
	at org.springframework.aop.framework.adapter.AfterReturningAdviceInterceptor.invoke(AfterReturningAdviceInterceptor.java:56)
	at org.springframework.aop.framework.ReflectiveMethodInvocation.proceed(ReflectiveMethodInvocation.java:179)
	at org.springframework.aop.framework.adapter.MethodBeforeAdviceInterceptor.invoke(MethodBeforeAdviceInterceptor.java:57)
	at org.springframework.aop.framework.ReflectiveMethodInvocation.proceed(ReflectiveMethodInvocation.java:179)
	at org.springframework.transaction.interceptor.TransactionInterceptor$1.proceedWithInvocation(TransactionInterceptor.java:133)
	at org.springframework.transaction.interceptor.TransactionAspectSupport.invokeWithinTransaction(TransactionAspectSupport.java:371)
	at org.springframework.transaction.interceptor.TransactionInterceptor.invoke(TransactionInterceptor.java:130)
	at org.springframework.aop.framework.ReflectiveMethodInvocation.proceed(ReflectiveMethodInvocation.java:179)
	at org.springframework.aop.interceptor.ExposeInvocationInterceptor.invoke(ExposeInvocationInterceptor.java:96)
	at org.springframework.aop.framework.ReflectiveMethodInvocation.proceed(ReflectiveMethodInvocation.java:179)
	at org.springframework.aop.framework.CglibAopProxy$DynamicAdvisedInterceptor.intercept(CglibAopProxy.java:719)
	at com.training.mts.service.TransactionServiceImpl$$SpringCGLIB$$0.initiatePayment(<generated>)
	at com.training.mts.controller.TransactionController.initiatePayment(TransactionController.java:30)
	at java.base/jdk.internal.reflect.DirectMethodHandleAccessor.invoke(DirectMethodHandleAccessor.java:103)
	at java.base/java.lang.reflect.Method.invoke(Method.java:580)
	at org.springframework.web.method.support.InvocableHandlerMethod.doInvoke(InvocableHandlerMethod.java:258)
	at org.springframework.web.method.support.InvocableHandlerMethod.invokeForRequest(InvocableHandlerMethod.java:190)
	at org.springframework.web.servlet.mvc.method.annotation.ServletInvocableHandlerMethod.invokeAndHandle(ServletInvocableHandlerMethod.java:117)
	at org.springframework.web.servlet.mvc.method.annotation.RequestMappingHandlerAdapter.invokeHandlerMethod(RequestMappingHandlerAdapter.java:934)
	at org.springframework.web.servlet.mvc.method.annotation.RequestMappingHandlerAdapter.handleInternal(RequestMappingHandlerAdapter.java:853)
	at org.springframework.web.servlet.mvc.method.AbstractHandlerMethodAdapter.handle(AbstractHandlerMethodAdapter.java:86)
	at org.springframework.web.servlet.DispatcherServlet.doDispatch(DispatcherServlet.java:963)
	at org.springframework.web.servlet.DispatcherServlet.doService(DispatcherServlet.java:866)
	at org.springframework.web.servlet.FrameworkServlet.processRequest(FrameworkServlet.java:1003)
	at org.springframework.web.servlet.FrameworkServlet.doPost(FrameworkServlet.java:903)
	at jakarta.servlet.http.HttpServlet.service(HttpServlet.java:649)
	at org.springframework.web.servlet.FrameworkServlet.service(FrameworkServlet.java:874)
	at jakarta.servlet.http.HttpServlet.service(HttpServlet.java:710)
	at org.apache.catalina.core.ApplicationFilterChain.doFilter(ApplicationFilterChain.java:128)
	at org.apache.tomcat.websocket.server.WsFilter.doFilter(WsFilter.java:53)
	at org.apache.catalina.core.ApplicationFilterChain.doFilter(ApplicationFilterChain.java:107)
	at org.springframework.web.filter.OncePerRequestFilter.doFilter(OncePerRequestFilter.java:110)
	at org.apache.catalina.core.ApplicationFilterChain.doFilter(ApplicationFilterChain.java:107)
	at org.springframework.web.filter.CompositeFilter$VirtualFilterChain.doFilter(CompositeFilter.java:108)
	at org.springframework.security.web.FilterChainProxy.lambda$doFilterInternal$3(FilterChainProxy.java:235)
	at org.springframework.security.web.FilterChainProxy$VirtualFilterChain.doFilter(FilterChainProxy.java:371)
	at org.springframework.security.web.access.intercept.AuthorizationFilter.doFilter(AuthorizationFilter.java:101)
	at org.springframework.security.web.FilterChainProxy$VirtualFilterChain.doFilter(FilterChainProxy.java:380)
	at org.springframework.security.web.access.ExceptionTranslationFilter.doFilter(ExceptionTranslationFilter.java:126)
	at org.springframework.security.web.access.ExceptionTranslationFilter.doFilter(ExceptionTranslationFilter.java:120)
	at org.springframework.security.web.FilterChainProxy$VirtualFilterChain.doFilter(FilterChainProxy.java:380)
	at org.springframework.security.web.session.SessionManagementFilter.doFilter(SessionManagementFilter.java:132)
	at org.springframework.security.web.session.SessionManagementFilter.doFilter(SessionManagementFilter.java:86)
	at org.springframework.security.web.FilterChainProxy$VirtualFilterChain.doFilter(FilterChainProxy.java:380)
	at org.springframework.security.web.authentication.AnonymousAuthenticationFilter.doFilter(AnonymousAuthenticationFilter.java:100)
	at org.springframework.security.web.FilterChainProxy$VirtualFilterChain.doFilter(FilterChainProxy.java:380)
	at org.springframework.security.web.servletapi.SecurityContextHolderAwareRequestFilter.doFilter(SecurityContextHolderAwareRequestFilter.java:181)
	at org.springframework.security.web.FilterChainProxy$VirtualFilterChain.doFilter(FilterChainProxy.java:380)
	at org.springframework.security.web.savedrequest.RequestCacheAwareFilter.doFilter(RequestCacheAwareFilter.java:63)
	at org.springframework.security.web.FilterChainProxy$VirtualFilterChain.doFilter(FilterChainProxy.java:380)
	at com.training.mts.security.JwtAuthenticationFilter.doFilterInternal(JwtAuthenticationFilter.java:48)
	at org.springframework.web.filter.OncePerRequestFilter.doFilter(OncePerRequestFilter.java:116)
	at org.springframework.security.web.FilterChainProxy$VirtualFilterChain.doFilter(FilterChainProxy.java:380)
	at org.springframework.security.web.authentication.logout.LogoutFilter.doFilter(LogoutFilter.java:110)
	at org.springframework.security.web.authentication.logout.LogoutFilter.doFilter(LogoutFilter.java:96)
	at org.springframework.security.web.FilterChainProxy$VirtualFilterChain.doFilter(FilterChainProxy.java:380)
	at org.springframework.web.filter.CorsFilter.doFilterInternal(CorsFilter.java:91)
	at org.springframework.web.filter.OncePerRequestFilter.doFilter(OncePerRequestFilter.java:116)
	at org.springframework.security.web.FilterChainProxy$VirtualFilterChain.doFilter(FilterChainProxy.java:380)
	at org.springframework.security.web.header.HeaderWriterFilter.doHeadersAfter(HeaderWriterFilter.java:90)
	at org.springframework.security.web.header.HeaderWriterFilter.doFilterInternal(HeaderWriterFilter.java:75)
	at org.springframework.web.filter.OncePerRequestFilter.doFilter(OncePerRequestFilter.java:116)
	at org.springframework.security.web.FilterChainProxy$VirtualFilterChain.doFilter(FilterChainProxy.java:380)
	at org.springframework.security.web.context.SecurityContextHolderFilter.doFilter(SecurityContextHolderFilter.java:82)
	at org.springframework.security.web.context.SecurityContextHolderFilter.doFilter(SecurityContextHolderFilter.java:69)
	at org.springframework.security.web.FilterChainProxy$VirtualFilterChain.doFilter(FilterChainProxy.java:380)
	at org.springframework.security.web.context.request.async.WebAsyncManagerIntegrationFilter.doFilterInternal(WebAsyncManagerIntegrationFilter.java:62)
	at org.springframework.web.filter.OncePerRequestFilter.doFilter(OncePerRequestFilter.java:116)
	at org.springframework.security.web.FilterChainProxy$VirtualFilterChain.doFilter(FilterChainProxy.java:380)
	at org.springframework.security.web.session.DisableEncodeUrlFilter.doFilterInternal(DisableEncodeUrlFilter.java:42)
	at org.springframework.web.filter.OncePerRequestFilter.doFilter(OncePerRequestFilter.java:116)
	at org.springframework.security.web.FilterChainProxy$VirtualFilterChain.doFilter(FilterChainProxy.java:380)
	at org.springframework.security.web.FilterChainProxy.doFilterInternal(FilterChainProxy.java:237)
	at org.springframework.security.web.FilterChainProxy.doFilter(FilterChainProxy.java:195)
	at org.springframework.web.filter.CompositeFilter$VirtualFilterChain.doFilter(CompositeFilter.java:113)
	at org.springframework.web.filter.ServletRequestPathFilter.doFilter(ServletRequestPathFilter.java:52)
	at org.springframework.web.filter.CompositeFilter$VirtualFilterChain.doFilter(CompositeFilter.java:113)
	at org.springframework.web.filter.CompositeFilter.doFilter(CompositeFilter.java:74)
	at org.springframework.security.config.annotation.web.configuration.WebSecurityConfiguration$CompositeFilterChainProxy.doFilter(WebSecurityConfiguration.java:317)
	at org.springframework.web.filter.DelegatingFilterProxy.invokeDelegate(DelegatingFilterProxy.java:355)
	at org.springframework.web.filter.DelegatingFilterProxy.doFilter(DelegatingFilterProxy.java:272)
	at org.apache.catalina.core.ApplicationFilterChain.doFilter(ApplicationFilterChain.java:107)
	at org.springframework.web.filter.RequestContextFilter.doFilterInternal(RequestContextFilter.java:100)
	at org.springframework.web.filter.OncePerRequestFilter.doFilter(OncePerRequestFilter.java:116)
	at org.apache.catalina.core.ApplicationFilterChain.doFilter(ApplicationFilterChain.java:107)
	at org.springframework.web.filter.FormContentFilter.doFilterInternal(FormContentFilter.java:93)
	at org.springframework.web.filter.OncePerRequestFilter.doFilter(OncePerRequestFilter.java:116)
	at org.apache.catalina.core.ApplicationFilterChain.doFilter(ApplicationFilterChain.java:107)
	at org.springframework.web.filter.CharacterEncodingFilter.doFilterInternal(CharacterEncodingFilter.java:199)
	at org.springframework.web.filter.OncePerRequestFilter.doFilter(OncePerRequestFilter.java:116)
	at org.apache.catalina.core.ApplicationFilterChain.doFilter(ApplicationFilterChain.java:107)
	at org.apache.catalina.core.StandardWrapperValve.invoke(StandardWrapperValve.java:165)
	at org.apache.catalina.core.StandardContextValve.invoke(StandardContextValve.java:77)
	at org.apache.catalina.authenticator.AuthenticatorBase.invoke(AuthenticatorBase.java:482)
	at org.apache.catalina.core.StandardHostValve.invoke(StandardHostValve.java:113)
	at org.apache.catalina.valves.ErrorReportValve.invoke(ErrorReportValve.java:83)
	at org.apache.catalina.core.StandardEngineValve.invoke(StandardEngineValve.java:72)
	at org.apache.catalina.connector.CoyoteAdapter.service(CoyoteAdapter.java:341)
	at org.apache.coyote.http11.Http11Processor.service(Http11Processor.java:397)
	at org.apache.coyote.AbstractProcessorLight.process(AbstractProcessorLight.java:63)
	at org.apache.coyote.AbstractProtocol$ConnectionHandler.process(AbstractProtocol.java:903)
	at org.apache.tomcat.util.net.NioEndpoint$SocketProcessor.doRun(NioEndpoint.java:1778)
	at org.apache.tomcat.util.net.SocketProcessorBase.run(SocketProcessorBase.java:52)
	at org.apache.tomcat.util.threads.ThreadPoolExecutor.runWorker(ThreadPoolExecutor.java:946)
	at org.apache.tomcat.util.threads.ThreadPoolExecutor$Worker.run(ThreadPoolExecutor.java:480)
	at org.apache.tomcat.util.threads.TaskThread$WrappingRunnable.run(TaskThread.java:57)
	at java.base/java.lang.Thread.run(Thread.java:1583)
2026-06-20 15:02:25 [http-nio-8080-exec-1] DEBUG org.springframework.security.web.FilterChainProxy - Securing GET /rewards/status
2026-06-20 15:02:25 [http-nio-8080-exec-1] DEBUG org.springframework.security.web.FilterChainProxy - Secured GET /rewards/status
2026-06-20 15:02:25 [http-nio-8080-exec-10] DEBUG org.springframework.security.web.FilterChainProxy - Securing GET /transactions/gettranslog?vpaId=deepchan0498401@mts
2026-06-20 15:02:25 [http-nio-8080-exec-9] DEBUG org.springframework.security.web.FilterChainProxy - Securing GET /rewards/status
2026-06-20 15:02:25 [http-nio-8080-exec-10] DEBUG org.springframework.security.web.FilterChainProxy - Secured GET /transactions/gettranslog?vpaId=deepchan0498401@mts
2026-06-20 15:02:25 [http-nio-8080-exec-10] INFO  com.training.mts.aop.LoggingAspect - Entering method: TransactionServiceImpl.getTransactionHistory(..) with arguments: [deepchan0498401@mts]
2026-06-20 15:02:25 [http-nio-8080-exec-9] DEBUG org.springframework.security.web.FilterChainProxy - Secured GET /rewards/status
2026-06-20 15:02:26 [http-nio-8080-exec-3] DEBUG org.springframework.security.web.FilterChainProxy - Securing GET /rewards/status
2026-06-20 15:02:26 [http-nio-8080-exec-3] DEBUG org.springframework.security.web.FilterChainProxy - Secured GET /rewards/status
2026-06-20 15:02:26 [http-nio-8080-exec-10] INFO  com.training.mts.aop.LoggingAspect - Method executed successfully: TransactionServiceImpl.getTransactionHistory(..) | Returned: com.training.mts.dto.TransactionHistoryResponse@6a378c75
2026-06-20 15:02:26 [http-nio-8080-exec-8] DEBUG org.springframework.security.web.FilterChainProxy - Securing GET /rewards/status
2026-06-20 15:02:26 [http-nio-8080-exec-8] DEBUG org.springframework.security.web.FilterChainProxy - Secured GET /rewards/status
2026-06-20 15:02:26 [http-nio-8080-exec-2] DEBUG org.springframework.security.web.FilterChainProxy - Securing GET /rewards/status
2026-06-20 15:02:26 [http-nio-8080-exec-2] DEBUG org.springframework.security.web.FilterChainProxy - Secured GET /rewards/status
2026-06-20 15:02:26 [http-nio-8080-exec-6] DEBUG org.springframework.security.web.FilterChainProxy - Securing GET /rewards/status
2026-06-20 15:02:26 [http-nio-8080-exec-6] DEBUG org.springframework.security.web.FilterChainProxy - Secured GET /rewards/status
2026-06-20 15:02:26 [http-nio-8080-exec-5] DEBUG org.springframework.security.web.FilterChainProxy - Securing GET /rewards/status
2026-06-20 15:02:26 [http-nio-8080-exec-5] DEBUG org.springframework.security.web.FilterChainProxy - Secured GET /rewards/status
2026-06-20 15:02:26 [http-nio-8080-exec-4] DEBUG org.springframework.security.web.FilterChainProxy - Securing GET /rewards/status
2026-06-20 15:02:26 [http-nio-8080-exec-4] DEBUG org.springframework.security.web.FilterChainProxy - Secured GET /rewards/status
2026-06-20 15:02:26 [http-nio-8080-exec-7] DEBUG org.springframework.security.web.FilterChainProxy - Securing GET /rewards/status
2026-06-20 15:02:26 [http-nio-8080-exec-7] DEBUG org.springframework.security.web.FilterChainProxy - Secured GET /rewards/status
2026-06-20 15:02:26 [http-nio-8080-exec-1] DEBUG org.springframework.security.web.FilterChainProxy - Securing GET /rewards/status
2026-06-20 15:02:26 [http-nio-8080-exec-1] DEBUG org.springframework.security.web.FilterChainProxy - Secured GET /rewards/status
2026-06-20 15:02:26 [http-nio-8080-exec-9] DEBUG org.springframework.security.web.FilterChainProxy - Securing GET /rewards/status
2026-06-20 15:02:26 [http-nio-8080-exec-9] DEBUG org.springframework.security.web.FilterChainProxy - Secured GET /rewards/status
2026-06-20 15:02:26 [http-nio-8080-exec-3] DEBUG org.springframework.security.web.FilterChainProxy - Securing GET /rewards/status
2026-06-20 15:02:26 [http-nio-8080-exec-3] DEBUG org.springframework.security.web.FilterChainProxy - Secured GET /rewards/status
2026-06-20 15:02:26 [http-nio-8080-exec-10] DEBUG org.springframework.security.web.FilterChainProxy - Securing GET /rewards/status
2026-06-20 15:02:26 [http-nio-8080-exec-10] DEBUG org.springframework.security.web.FilterChainProxy - Secured GET /rewards/status
2026-06-20 15:02:26 [http-nio-8080-exec-8] DEBUG org.springframework.security.web.FilterChainProxy - Securing GET /rewards/status
2026-06-20 15:02:26 [http-nio-8080-exec-8] DEBUG org.springframework.security.web.FilterChainProxy - Secured GET /rewards/status
2026-06-20 15:02:26 [http-nio-8080-exec-2] DEBUG org.springframework.security.web.FilterChainProxy - Securing GET /rewards/status
2026-06-20 15:02:26 [http-nio-8080-exec-2] DEBUG org.springframework.security.web.FilterChainProxy - Secured GET /rewards/status
2026-06-20 15:02:26 [http-nio-8080-exec-6] DEBUG org.springframework.security.web.FilterChainProxy - Securing GET /rewards/status
2026-06-20 15:02:26 [http-nio-8080-exec-6] DEBUG org.springframework.security.web.FilterChainProxy - Secured GET /rewards/status
2026-06-20 15:02:26 [http-nio-8080-exec-5] DEBUG org.springframework.security.web.FilterChainProxy - Securing GET /rewards/status
2026-06-20 15:02:26 [http-nio-8080-exec-5] DEBUG org.springframework.security.web.FilterChainProxy - Secured GET /rewards/status
2026-06-20 15:02:26 [http-nio-8080-exec-4] DEBUG org.springframework.security.web.FilterChainProxy - Securing GET /rewards/status
2026-06-20 15:02:26 [http-nio-8080-exec-4] DEBUG org.springframework.security.web.FilterChainProxy - Secured GET /rewards/status
2026-06-20 15:02:26 [http-nio-8080-exec-7] DEBUG org.springframework.security.web.FilterChainProxy - Securing GET /rewards/status
2026-06-20 15:02:26 [http-nio-8080-exec-7] DEBUG org.springframework.security.web.FilterChainProxy - Secured GET /rewards/status
2026-06-20 15:02:26 [http-nio-8080-exec-1] DEBUG org.springframework.security.web.FilterChainProxy - Securing GET /rewards/status
2026-06-20 15:02:26 [http-nio-8080-exec-1] DEBUG org.springframework.security.web.FilterChainProxy - Secured GET /rewards/status
2026-06-20 15:02:26 [http-nio-8080-exec-9] DEBUG org.springframework.security.web.FilterChainProxy - Securing GET /rewards/status
2026-06-20 15:02:26 [http-nio-8080-exec-9] DEBUG org.springframework.security.web.FilterChainProxy - Secured GET /rewards/status
2026-06-20 15:02:26 [http-nio-8080-exec-3] DEBUG org.springframework.security.web.FilterChainProxy - Securing GET /rewards/status
2026-06-20 15:02:26 [http-nio-8080-exec-3] DEBUG org.springframework.security.web.FilterChainProxy - Secured GET /rewards/status
2026-06-20 15:02:26 [http-nio-8080-exec-10] DEBUG org.springframework.security.web.FilterChainProxy - Securing GET /rewards/status
2026-06-20 15:02:26 [http-nio-8080-exec-10] DEBUG org.springframework.security.web.FilterChainProxy - Secured GET /rewards/status
2026-06-20 15:02:26 [http-nio-8080-exec-8] DEBUG org.springframework.security.web.FilterChainProxy - Securing GET /rewards/status
2026-06-20 15:02:26 [http-nio-8080-exec-8] DEBUG org.springframework.security.web.FilterChainProxy - Secured GET /rewards/status
2026-06-20 15:02:26 [http-nio-8080-exec-2] DEBUG org.springframework.security.web.FilterChainProxy - Securing GET /rewards/status
2026-06-20 15:02:26 [http-nio-8080-exec-2] DEBUG org.springframework.security.web.FilterChainProxy - Secured GET /rewards/status
2026-06-20 15:02:26 [http-nio-8080-exec-6] DEBUG org.springframework.security.web.FilterChainProxy - Securing GET /rewards/status
2026-06-20 15:02:26 [http-nio-8080-exec-6] DEBUG org.springframework.security.web.FilterChainProxy - Secured GET /rewards/status
2026-06-20 15:02:26 [http-nio-8080-exec-5] DEBUG org.springframework.security.web.FilterChainProxy - Securing GET /rewards/status
2026-06-20 15:02:26 [http-nio-8080-exec-5] DEBUG org.springframework.security.web.FilterChainProxy - Secured GET /rewards/status
2026-06-20 15:02:26 [http-nio-8080-exec-4] DEBUG org.springframework.security.web.FilterChainProxy - Securing GET /rewards/status
2026-06-20 15:02:26 [http-nio-8080-exec-4] DEBUG org.springframework.security.web.FilterChainProxy - Secured GET /rewards/status
2026-06-20 15:02:26 [http-nio-8080-exec-7] DEBUG org.springframework.security.web.FilterChainProxy - Securing GET /rewards/status
2026-06-20 15:02:26 [http-nio-8080-exec-7] DEBUG org.springframework.security.web.FilterChainProxy - Secured GET /rewards/status
2026-06-20 15:02:26 [http-nio-8080-exec-1] DEBUG org.springframework.security.web.FilterChainProxy - Securing GET /rewards/status
2026-06-20 15:02:26 [http-nio-8080-exec-1] DEBUG org.springframework.security.web.FilterChainProxy - Secured GET /rewards/status
2026-06-20 15:02:26 [http-nio-8080-exec-9] DEBUG org.springframework.security.web.FilterChainProxy - Securing GET /rewards/status
2026-06-20 15:02:26 [http-nio-8080-exec-9] DEBUG org.springframework.security.web.FilterChainProxy - Secured GET /rewards/status
2026-06-20 15:02:26 [http-nio-8080-exec-3] DEBUG org.springframework.security.web.FilterChainProxy - Securing GET /rewards/status
2026-06-20 15:02:26 [http-nio-8080-exec-3] DEBUG org.springframework.security.web.FilterChainProxy - Secured GET /rewards/status
2026-06-20 15:02:31 [http-nio-8080-exec-10] DEBUG org.springframework.security.web.FilterChainProxy - Securing GET /rewards/status
2026-06-20 15:02:31 [http-nio-8080-exec-10] DEBUG org.springframework.security.web.FilterChainProxy - Secured GET /rewards/status
2026-06-20 15:02:31 [http-nio-8080-exec-8] DEBUG org.springframework.security.web.FilterChainProxy - Securing GET /transactions/gettranslog?vpaId=deepchan0498401@mts
2026-06-20 15:02:31 [http-nio-8080-exec-2] DEBUG org.springframework.security.web.FilterChainProxy - Securing GET /rewards/status
2026-06-20 15:02:31 [http-nio-8080-exec-8] DEBUG org.springframework.security.web.FilterChainProxy - Secured GET /transactions/gettranslog?vpaId=deepchan0498401@mts
2026-06-20 15:02:31 [http-nio-8080-exec-8] INFO  com.training.mts.aop.LoggingAspect - Entering method: TransactionServiceImpl.getTransactionHistory(..) with arguments: [deepchan0498401@mts]
2026-06-20 15:02:31 [http-nio-8080-exec-2] DEBUG org.springframework.security.web.FilterChainProxy - Secured GET /rewards/status
2026-06-20 15:02:31 [http-nio-8080-exec-6] DEBUG org.springframework.security.web.FilterChainProxy - Securing GET /rewards/status
2026-06-20 15:02:31 [http-nio-8080-exec-6] DEBUG org.springframework.security.web.FilterChainProxy - Secured GET /rewards/status
2026-06-20 15:02:31 [http-nio-8080-exec-8] INFO  com.training.mts.aop.LoggingAspect - Method executed successfully: TransactionServiceImpl.getTransactionHistory(..) | Returned: com.training.mts.dto.TransactionHistoryResponse@2a707713
2026-06-20 15:02:31 [http-nio-8080-exec-5] DEBUG org.springframework.security.web.FilterChainProxy - Securing GET /rewards/status
2026-06-20 15:02:31 [http-nio-8080-exec-5] DEBUG org.springframework.security.web.FilterChainProxy - Secured GET /rewards/status
2026-06-20 15:02:31 [http-nio-8080-exec-4] DEBUG org.springframework.security.web.FilterChainProxy - Securing GET /rewards/status
2026-06-20 15:02:31 [http-nio-8080-exec-4] DEBUG org.springframework.security.web.FilterChainProxy - Secured GET /rewards/status
2026-06-20 15:02:31 [http-nio-8080-exec-7] DEBUG org.springframework.security.web.FilterChainProxy - Securing GET /rewards/status
2026-06-20 15:02:31 [http-nio-8080-exec-7] DEBUG org.springframework.security.web.FilterChainProxy - Secured GET /rewards/status
2026-06-20 15:02:31 [http-nio-8080-exec-7] DEBUG org.springframework.security.web.FilterChainProxy - Securing GET /rewards/status
2026-06-20 15:02:31 [http-nio-8080-exec-7] DEBUG org.springframework.security.web.FilterChainProxy - Secured GET /rewards/status
2026-06-20 15:02:31 [http-nio-8080-exec-9] DEBUG org.springframework.security.web.FilterChainProxy - Securing GET /rewards/status
2026-06-20 15:02:31 [http-nio-8080-exec-9] DEBUG org.springframework.security.web.FilterChainProxy - Secured GET /rewards/status
2026-06-20 15:02:31 [http-nio-8080-exec-3] DEBUG org.springframework.security.web.FilterChainProxy - Securing GET /rewards/status
2026-06-20 15:02:31 [http-nio-8080-exec-3] DEBUG org.springframework.security.web.FilterChainProxy - Secured GET /rewards/status
2026-06-20 15:02:31 [http-nio-8080-exec-10] DEBUG org.springframework.security.web.FilterChainProxy - Securing GET /rewards/status
2026-06-20 15:02:31 [http-nio-8080-exec-10] DEBUG org.springframework.security.web.FilterChainProxy - Secured GET /rewards/status
2026-06-20 15:02:31 [http-nio-8080-exec-2] DEBUG org.springframework.security.web.FilterChainProxy - Securing GET /rewards/status
2026-06-20 15:02:31 [http-nio-8080-exec-2] DEBUG org.springframework.security.web.FilterChainProxy - Secured GET /rewards/status
2026-06-20 15:02:31 [http-nio-8080-exec-8] DEBUG org.springframework.security.web.FilterChainProxy - Securing GET /rewards/status
2026-06-20 15:02:31 [http-nio-8080-exec-8] DEBUG org.springframework.security.web.FilterChainProxy - Secured GET /rewards/status
2026-06-20 15:02:31 [http-nio-8080-exec-6] DEBUG org.springframework.security.web.FilterChainProxy - Securing GET /rewards/status
2026-06-20 15:02:31 [http-nio-8080-exec-6] DEBUG org.springframework.security.web.FilterChainProxy - Secured GET /rewards/status
2026-06-20 15:02:31 [http-nio-8080-exec-5] DEBUG org.springframework.security.web.FilterChainProxy - Securing GET /rewards/status
2026-06-20 15:02:31 [http-nio-8080-exec-5] DEBUG org.springframework.security.web.FilterChainProxy - Secured GET /rewards/status
2026-06-20 15:02:31 [http-nio-8080-exec-4] DEBUG org.springframework.security.web.FilterChainProxy - Securing GET /rewards/status
2026-06-20 15:02:31 [http-nio-8080-exec-4] DEBUG org.springframework.security.web.FilterChainProxy - Secured GET /rewards/status
2026-06-20 15:02:31 [http-nio-8080-exec-1] DEBUG org.springframework.security.web.FilterChainProxy - Securing GET /rewards/status
2026-06-20 15:02:31 [http-nio-8080-exec-1] DEBUG org.springframework.security.web.FilterChainProxy - Secured GET /rewards/status
2026-06-20 15:02:31 [http-nio-8080-exec-7] DEBUG org.springframework.security.web.FilterChainProxy - Securing GET /rewards/status
2026-06-20 15:02:31 [http-nio-8080-exec-7] DEBUG org.springframework.security.web.FilterChainProxy - Secured GET /rewards/status
2026-06-20 15:02:31 [http-nio-8080-exec-9] DEBUG org.springframework.security.web.FilterChainProxy - Securing GET /rewards/status
2026-06-20 15:02:31 [http-nio-8080-exec-9] DEBUG org.springframework.security.web.FilterChainProxy - Secured GET /rewards/status
2026-06-20 15:02:31 [http-nio-8080-exec-3] DEBUG org.springframework.security.web.FilterChainProxy - Securing GET /rewards/status
2026-06-20 15:02:31 [http-nio-8080-exec-3] DEBUG org.springframework.security.web.FilterChainProxy - Secured GET /rewards/status
2026-06-20 15:02:31 [http-nio-8080-exec-10] DEBUG org.springframework.security.web.FilterChainProxy - Securing GET /rewards/status
2026-06-20 15:02:31 [http-nio-8080-exec-10] DEBUG org.springframework.security.web.FilterChainProxy - Secured GET /rewards/status
2026-06-20 15:02:31 [http-nio-8080-exec-2] DEBUG org.springframework.security.web.FilterChainProxy - Securing GET /rewards/status
2026-06-20 15:02:31 [http-nio-8080-exec-2] DEBUG org.springframework.security.web.FilterChainProxy - Secured GET /rewards/status
2026-06-20 15:02:31 [http-nio-8080-exec-8] DEBUG org.springframework.security.web.FilterChainProxy - Securing GET /rewards/status
2026-06-20 15:02:31 [http-nio-8080-exec-8] DEBUG org.springframework.security.web.FilterChainProxy - Secured GET /rewards/status
2026-06-20 15:02:31 [http-nio-8080-exec-6] DEBUG org.springframework.security.web.FilterChainProxy - Securing GET /rewards/status
2026-06-20 15:02:31 [http-nio-8080-exec-6] DEBUG org.springframework.security.web.FilterChainProxy - Secured GET /rewards/status
2026-06-20 15:02:31 [http-nio-8080-exec-5] DEBUG org.springframework.security.web.FilterChainProxy - Securing GET /rewards/status
2026-06-20 15:02:31 [http-nio-8080-exec-5] DEBUG org.springframework.security.web.FilterChainProxy - Secured GET /rewards/status
2026-06-20 15:02:31 [http-nio-8080-exec-4] DEBUG org.springframework.security.web.FilterChainProxy - Securing GET /rewards/status
2026-06-20 15:02:31 [http-nio-8080-exec-4] DEBUG org.springframework.security.web.FilterChainProxy - Secured GET /rewards/status
2026-06-20 15:02:31 [http-nio-8080-exec-1] DEBUG org.springframework.security.web.FilterChainProxy - Securing GET /rewards/status
2026-06-20 15:02:31 [http-nio-8080-exec-1] DEBUG org.springframework.security.web.FilterChainProxy - Secured GET /rewards/status
2026-06-20 15:02:31 [http-nio-8080-exec-7] DEBUG org.springframework.security.web.FilterChainProxy - Securing GET /rewards/status
2026-06-20 15:02:31 [http-nio-8080-exec-7] DEBUG org.springframework.security.web.FilterChainProxy - Secured GET /rewards/status
2026-06-20 15:02:31 [http-nio-8080-exec-9] DEBUG org.springframework.security.web.FilterChainProxy - Securing GET /rewards/status
2026-06-20 15:02:31 [http-nio-8080-exec-9] DEBUG org.springframework.security.web.FilterChainProxy - Secured GET /rewards/status
2026-06-20 15:02:31 [http-nio-8080-exec-3] DEBUG org.springframework.security.web.FilterChainProxy - Securing GET /rewards/status
2026-06-20 15:02:31 [http-nio-8080-exec-3] DEBUG org.springframework.security.web.FilterChainProxy - Secured GET /rewards/status
2026-06-20 15:02:31 [http-nio-8080-exec-10] DEBUG org.springframework.security.web.FilterChainProxy - Securing GET /rewards/status
2026-06-20 15:02:31 [http-nio-8080-exec-10] DEBUG org.springframework.security.web.FilterChainProxy - Secured GET /rewards/status
2026-06-20 15:02:31 [http-nio-8080-exec-2] DEBUG org.springframework.security.web.FilterChainProxy - Securing GET /rewards/status
2026-06-20 15:02:31 [http-nio-8080-exec-2] DEBUG org.springframework.security.web.FilterChainProxy - Secured GET /rewards/status
2026-06-20 15:02:31 [http-nio-8080-exec-8] DEBUG org.springframework.security.web.FilterChainProxy - Securing GET /rewards/status
2026-06-20 15:02:31 [http-nio-8080-exec-8] DEBUG org.springframework.security.web.FilterChainProxy - Secured GET /rewards/status
2026-06-20 15:02:31 [http-nio-8080-exec-6] DEBUG org.springframework.security.web.FilterChainProxy - Securing GET /rewards/status
2026-06-20 15:02:31 [http-nio-8080-exec-6] DEBUG org.springframework.security.web.FilterChainProxy - Secured GET /rewards/status
2026-06-20 15:02:34 [http-nio-8080-exec-5] DEBUG org.springframework.security.web.FilterChainProxy - Securing GET /rewards/status
2026-06-20 15:02:34 [http-nio-8080-exec-5] DEBUG org.springframework.security.web.FilterChainProxy - Secured GET /rewards/status
2026-06-20 15:02:34 [http-nio-8080-exec-4] DEBUG org.springframework.security.web.FilterChainProxy - Securing GET /transactions/gettranslog?vpaId=deepchan0498401@mts
2026-06-20 15:02:34 [http-nio-8080-exec-1] DEBUG org.springframework.security.web.FilterChainProxy - Securing GET /rewards/status
2026-06-20 15:02:34 [http-nio-8080-exec-4] DEBUG org.springframework.security.web.FilterChainProxy - Secured GET /transactions/gettranslog?vpaId=deepchan0498401@mts
2026-06-20 15:02:34 [http-nio-8080-exec-4] INFO  com.training.mts.aop.LoggingAspect - Entering method: TransactionServiceImpl.getTransactionHistory(..) with arguments: [deepchan0498401@mts]
2026-06-20 15:02:34 [http-nio-8080-exec-1] DEBUG org.springframework.security.web.FilterChainProxy - Secured GET /rewards/status
2026-06-20 15:02:34 [http-nio-8080-exec-7] DEBUG org.springframework.security.web.FilterChainProxy - Securing GET /rewards/status
2026-06-20 15:02:34 [http-nio-8080-exec-4] INFO  com.training.mts.aop.LoggingAspect - Method executed successfully: TransactionServiceImpl.getTransactionHistory(..) | Returned: com.training.mts.dto.TransactionHistoryResponse@777904b0
2026-06-20 15:02:34 [http-nio-8080-exec-7] DEBUG org.springframework.security.web.FilterChainProxy - Secured GET /rewards/status
2026-06-20 15:02:34 [http-nio-8080-exec-9] DEBUG org.springframework.security.web.FilterChainProxy - Securing GET /rewards/status
2026-06-20 15:02:34 [http-nio-8080-exec-9] DEBUG org.springframework.security.web.FilterChainProxy - Secured GET /rewards/status
2026-06-20 15:02:34 [http-nio-8080-exec-3] DEBUG org.springframework.security.web.FilterChainProxy - Securing GET /rewards/status
2026-06-20 15:02:34 [http-nio-8080-exec-3] DEBUG org.springframework.security.web.FilterChainProxy - Secured GET /rewards/status
2026-06-20 15:02:34 [http-nio-8080-exec-10] DEBUG org.springframework.security.web.FilterChainProxy - Securing GET /rewards/status
2026-06-20 15:02:34 [http-nio-8080-exec-10] DEBUG org.springframework.security.web.FilterChainProxy - Secured GET /rewards/status
2026-06-20 15:02:34 [http-nio-8080-exec-2] DEBUG org.springframework.security.web.FilterChainProxy - Securing GET /rewards/status
2026-06-20 15:02:34 [http-nio-8080-exec-2] DEBUG org.springframework.security.web.FilterChainProxy - Secured GET /rewards/status
2026-06-20 15:02:34 [http-nio-8080-exec-8] DEBUG org.springframework.security.web.FilterChainProxy - Securing GET /rewards/status
2026-06-20 15:02:34 [http-nio-8080-exec-8] DEBUG org.springframework.security.web.FilterChainProxy - Secured GET /rewards/status
2026-06-20 15:02:34 [http-nio-8080-exec-6] DEBUG org.springframework.security.web.FilterChainProxy - Securing GET /rewards/status
2026-06-20 15:02:34 [http-nio-8080-exec-6] DEBUG org.springframework.security.web.FilterChainProxy - Secured GET /rewards/status
2026-06-20 15:02:34 [http-nio-8080-exec-5] DEBUG org.springframework.security.web.FilterChainProxy - Securing GET /rewards/status
2026-06-20 15:02:34 [http-nio-8080-exec-5] DEBUG org.springframework.security.web.FilterChainProxy - Secured GET /rewards/status
2026-06-20 15:02:34 [http-nio-8080-exec-1] DEBUG org.springframework.security.web.FilterChainProxy - Securing GET /rewards/status
2026-06-20 15:02:34 [http-nio-8080-exec-1] DEBUG org.springframework.security.web.FilterChainProxy - Secured GET /rewards/status
2026-06-20 15:02:34 [http-nio-8080-exec-4] DEBUG org.springframework.security.web.FilterChainProxy - Securing GET /rewards/status
2026-06-20 15:02:34 [http-nio-8080-exec-4] DEBUG org.springframework.security.web.FilterChainProxy - Secured GET /rewards/status
2026-06-20 15:02:34 [http-nio-8080-exec-7] DEBUG org.springframework.security.web.FilterChainProxy - Securing GET /rewards/status
2026-06-20 15:02:34 [http-nio-8080-exec-7] DEBUG org.springframework.security.web.FilterChainProxy - Secured GET /rewards/status
2026-06-20 15:02:34 [http-nio-8080-exec-9] DEBUG org.springframework.security.web.FilterChainProxy - Securing GET /rewards/status
2026-06-20 15:02:34 [http-nio-8080-exec-9] DEBUG org.springframework.security.web.FilterChainProxy - Secured GET /rewards/status
2026-06-20 15:02:34 [http-nio-8080-exec-3] DEBUG org.springframework.security.web.FilterChainProxy - Securing GET /rewards/status
2026-06-20 15:02:34 [http-nio-8080-exec-3] DEBUG org.springframework.security.web.FilterChainProxy - Secured GET /rewards/status
2026-06-20 15:02:34 [http-nio-8080-exec-10] DEBUG org.springframework.security.web.FilterChainProxy - Securing GET /rewards/status
2026-06-20 15:02:34 [http-nio-8080-exec-10] DEBUG org.springframework.security.web.FilterChainProxy - Secured GET /rewards/status
2026-06-20 15:02:34 [http-nio-8080-exec-2] DEBUG org.springframework.security.web.FilterChainProxy - Securing GET /rewards/status
2026-06-20 15:02:34 [http-nio-8080-exec-2] DEBUG org.springframework.security.web.FilterChainProxy - Secured GET /rewards/status
2026-06-20 15:02:34 [http-nio-8080-exec-8] DEBUG org.springframework.security.web.FilterChainProxy - Securing GET /rewards/status
2026-06-20 15:02:34 [http-nio-8080-exec-8] DEBUG org.springframework.security.web.FilterChainProxy - Secured GET /rewards/status
2026-06-20 15:02:34 [http-nio-8080-exec-6] DEBUG org.springframework.security.web.FilterChainProxy - Securing GET /rewards/status
2026-06-20 15:02:34 [http-nio-8080-exec-6] DEBUG org.springframework.security.web.FilterChainProxy - Secured GET /rewards/status
2026-06-20 15:02:34 [http-nio-8080-exec-5] DEBUG org.springframework.security.web.FilterChainProxy - Securing GET /rewards/status
2026-06-20 15:02:34 [http-nio-8080-exec-5] DEBUG org.springframework.security.web.FilterChainProxy - Secured GET /rewards/status
2026-06-20 15:02:34 [http-nio-8080-exec-1] DEBUG org.springframework.security.web.FilterChainProxy - Securing GET /rewards/status
2026-06-20 15:02:34 [http-nio-8080-exec-1] DEBUG org.springframework.security.web.FilterChainProxy - Secured GET /rewards/status
2026-06-20 15:02:34 [http-nio-8080-exec-4] DEBUG org.springframework.security.web.FilterChainProxy - Securing GET /rewards/status
2026-06-20 15:02:34 [http-nio-8080-exec-4] DEBUG org.springframework.security.web.FilterChainProxy - Secured GET /rewards/status
2026-06-20 15:02:34 [http-nio-8080-exec-7] DEBUG org.springframework.security.web.FilterChainProxy - Securing GET /rewards/status
2026-06-20 15:02:34 [http-nio-8080-exec-7] DEBUG org.springframework.security.web.FilterChainProxy - Secured GET /rewards/status
2026-06-20 15:02:34 [http-nio-8080-exec-9] DEBUG org.springframework.security.web.FilterChainProxy - Securing GET /rewards/status
2026-06-20 15:02:34 [http-nio-8080-exec-9] DEBUG org.springframework.security.web.FilterChainProxy - Secured GET /rewards/status
2026-06-20 15:02:34 [http-nio-8080-exec-3] DEBUG org.springframework.security.web.FilterChainProxy - Securing GET /rewards/status
2026-06-20 15:02:34 [http-nio-8080-exec-3] DEBUG org.springframework.security.web.FilterChainProxy - Secured GET /rewards/status
2026-06-20 15:02:34 [http-nio-8080-exec-10] DEBUG org.springframework.security.web.FilterChainProxy - Securing GET /rewards/status
2026-06-20 15:02:34 [http-nio-8080-exec-10] DEBUG org.springframework.security.web.FilterChainProxy - Secured GET /rewards/status
2026-06-20 15:02:34 [http-nio-8080-exec-2] DEBUG org.springframework.security.web.FilterChainProxy - Securing GET /rewards/status
2026-06-20 15:02:34 [http-nio-8080-exec-2] DEBUG org.springframework.security.web.FilterChainProxy - Secured GET /rewards/status
2026-06-20 15:02:34 [http-nio-8080-exec-8] DEBUG org.springframework.security.web.FilterChainProxy - Securing GET /rewards/status
2026-06-20 15:02:34 [http-nio-8080-exec-8] DEBUG org.springframework.security.web.FilterChainProxy - Secured GET /rewards/status
2026-06-20 15:02:34 [http-nio-8080-exec-6] DEBUG org.springframework.security.web.FilterChainProxy - Securing GET /rewards/status
2026-06-20 15:02:34 [http-nio-8080-exec-6] DEBUG org.springframework.security.web.FilterChainProxy - Secured GET /rewards/status
2026-06-20 15:02:34 [http-nio-8080-exec-5] DEBUG org.springframework.security.web.FilterChainProxy - Securing GET /rewards/status
2026-06-20 15:02:34 [http-nio-8080-exec-5] DEBUG org.springframework.security.web.FilterChainProxy - Secured GET /rewards/status
2026-06-20 15:02:34 [http-nio-8080-exec-1] DEBUG org.springframework.security.web.FilterChainProxy - Securing GET /rewards/status
2026-06-20 15:02:34 [http-nio-8080-exec-1] DEBUG org.springframework.security.web.FilterChainProxy - Secured GET /rewards/status
2026-06-20 15:02:34 [http-nio-8080-exec-4] DEBUG org.springframework.security.web.FilterChainProxy - Securing GET /rewards/status
2026-06-20 15:02:34 [http-nio-8080-exec-4] DEBUG org.springframework.security.web.FilterChainProxy - Secured GET /rewards/status
2026-06-20 15:02:34 [http-nio-8080-exec-7] DEBUG org.springframework.security.web.FilterChainProxy - Securing GET /rewards/status
2026-06-20 15:02:34 [http-nio-8080-exec-7] DEBUG org.springframework.security.web.FilterChainProxy - Secured GET /rewards/status
2026-06-20 15:02:34 [http-nio-8080-exec-9] DEBUG org.springframework.security.web.FilterChainProxy - Securing GET /rewards/status
2026-06-20 15:02:34 [http-nio-8080-exec-9] DEBUG org.springframework.security.web.FilterChainProxy - Secured GET /rewards/status
2026-06-20 15:10:40 [http-nio-8080-exec-8] DEBUG org.springframework.security.web.FilterChainProxy - Securing GET /users/findByPhone?phoneNumber=9840774662
2026-06-20 15:10:40 [http-nio-8080-exec-8] DEBUG org.springframework.security.web.FilterChainProxy - Secured GET /users/findByPhone?phoneNumber=9840774662
2026-06-20 15:10:40 [http-nio-8080-exec-8] INFO  com.training.mts.aop.LoggingAspect - Entering method: UserServiceImpl.getUserByPhoneNumber(..) with arguments: [9840774662]
2026-06-20 15:10:40 [http-nio-8080-exec-8] INFO  com.training.mts.aop.LoggingAspect - Method executed successfully: UserServiceImpl.getUserByPhoneNumber(..) | Returned: User{id=1, name='Hari Keshav', vpa=com.training.mts.model.VPA@74146f01}
2026-06-20 15:10:40 [http-nio-8080-exec-6] DEBUG org.springframework.security.web.FilterChainProxy - Securing OPTIONS /rewards/status
2026-06-20 15:10:40 [http-nio-8080-exec-5] DEBUG org.springframework.security.web.FilterChainProxy - Securing GET /rewards/status
2026-06-20 15:10:40 [http-nio-8080-exec-5] DEBUG org.springframework.security.web.FilterChainProxy - Secured GET /rewards/status
2026-06-20 15:10:40 [http-nio-8080-exec-1] DEBUG org.springframework.security.web.FilterChainProxy - Securing GET /rewards/status
2026-06-20 15:10:40 [http-nio-8080-exec-4] DEBUG org.springframework.security.web.FilterChainProxy - Securing GET /transactions/gettranslog?vpaId=deepchan0498401@mts
2026-06-20 15:10:40 [http-nio-8080-exec-1] DEBUG org.springframework.security.web.FilterChainProxy - Secured GET /rewards/status
2026-06-20 15:10:40 [http-nio-8080-exec-4] DEBUG org.springframework.security.web.FilterChainProxy - Secured GET /transactions/gettranslog?vpaId=deepchan0498401@mts
2026-06-20 15:10:40 [http-nio-8080-exec-4] INFO  com.training.mts.aop.LoggingAspect - Entering method: TransactionServiceImpl.getTransactionHistory(..) with arguments: [deepchan0498401@mts]
2026-06-20 15:10:40 [http-nio-8080-exec-7] DEBUG org.springframework.security.web.FilterChainProxy - Securing GET /rewards/status
2026-06-20 15:10:40 [http-nio-8080-exec-7] DEBUG org.springframework.security.web.FilterChainProxy - Secured GET /rewards/status
2026-06-20 15:10:40 [http-nio-8080-exec-4] INFO  com.training.mts.aop.LoggingAspect - Method executed successfully: TransactionServiceImpl.getTransactionHistory(..) | Returned: com.training.mts.dto.TransactionHistoryResponse@5046c8e6
2026-06-20 15:10:54 [http-nio-8080-exec-9] DEBUG org.springframework.security.web.FilterChainProxy - Securing OPTIONS /auth/login
2026-06-20 15:10:54 [http-nio-8080-exec-3] DEBUG org.springframework.security.web.FilterChainProxy - Securing POST /auth/login
2026-06-20 15:10:54 [http-nio-8080-exec-3] DEBUG org.springframework.security.web.authentication.AnonymousAuthenticationFilter - Set SecurityContextHolder to anonymous SecurityContext
2026-06-20 15:10:54 [http-nio-8080-exec-3] DEBUG org.springframework.security.web.FilterChainProxy - Secured POST /auth/login
2026-06-20 15:10:54 [http-nio-8080-exec-3] DEBUG org.springframework.security.authentication.dao.DaoAuthenticationProvider - Authenticated user
2026-06-20 15:10:54 [http-nio-8080-exec-10] DEBUG org.springframework.security.web.FilterChainProxy - Securing GET /users/findByPhone?phoneNumber=9840774661
2026-06-20 15:10:54 [http-nio-8080-exec-10] DEBUG org.springframework.security.web.FilterChainProxy - Secured GET /users/findByPhone?phoneNumber=9840774661
2026-06-20 15:10:54 [http-nio-8080-exec-10] INFO  com.training.mts.aop.LoggingAspect - Entering method: UserServiceImpl.getUserByPhoneNumber(..) with arguments: [9840774661]
2026-06-20 15:10:54 [http-nio-8080-exec-10] INFO  com.training.mts.aop.LoggingAspect - Method executed successfully: UserServiceImpl.getUserByPhoneNumber(..) | Returned: User{id=6, name='Deepak', vpa=null}
2026-06-20 15:10:54 [http-nio-8080-exec-2] DEBUG org.springframework.security.web.FilterChainProxy - Securing GET /admin/getusers
2026-06-20 15:10:54 [http-nio-8080-exec-8] DEBUG org.springframework.security.web.FilterChainProxy - Securing GET /admin/gettranslog
2026-06-20 15:10:54 [http-nio-8080-exec-2] DEBUG org.springframework.security.web.FilterChainProxy - Secured GET /admin/getusers
2026-06-20 15:10:54 [http-nio-8080-exec-8] DEBUG org.springframework.security.web.FilterChainProxy - Secured GET /admin/gettranslog
2026-06-20 15:10:54 [http-nio-8080-exec-2] INFO  com.training.mts.aop.LoggingAspect - Entering method: AdminServiceImpl.findAll() with arguments: []
2026-06-20 15:10:54 [http-nio-8080-exec-8] INFO  com.training.mts.aop.LoggingAspect - Entering method: AdminServiceImpl.getTransactionHistory() with arguments: []
2026-06-20 15:10:54 [http-nio-8080-exec-8] INFO  com.training.mts.aop.LoggingAspect - Method executed successfully: AdminServiceImpl.getTransactionHistory() | Returned: [com.training.mts.model.Transaction@6ca19376, com.training.mts.model.Transaction@16943890, com.training.mts.model.Transaction@1b10ee3b, com.training.mts.model.Transaction@3a64e5ba, com.training.mts.model.Transaction@5abefba3, com.training.mts.model.Transaction@6d5908dc, com.training.mts.model.Transaction@7124527a, com.training.mts.model.Transaction@6c7020d1]
2026-06-20 15:10:54 [http-nio-8080-exec-2] INFO  com.training.mts.aop.LoggingAspect - Method executed successfully: AdminServiceImpl.findAll() | Returned: [User{id=1, name='Hari Keshav', vpa=com.training.mts.model.VPA@2a1b7dd5}, User{id=2, name='Sowjen Meher', vpa=com.training.mts.model.VPA@5415763c}, User{id=3, name='Nethra', vpa=com.training.mts.model.VPA@9d2e3a}, User{id=6, name='Deepak', vpa=null}]
2026-06-20 15:11:29 [http-nio-8080-exec-6] DEBUG org.springframework.security.web.FilterChainProxy - Securing GET /users/findByPhone?phoneNumber=9840774661
2026-06-20 15:11:29 [http-nio-8080-exec-6] DEBUG org.springframework.security.web.FilterChainProxy - Secured GET /users/findByPhone?phoneNumber=9840774661
2026-06-20 15:11:29 [http-nio-8080-exec-6] INFO  com.training.mts.aop.LoggingAspect - Entering method: UserServiceImpl.getUserByPhoneNumber(..) with arguments: [9840774661]
2026-06-20 15:11:29 [http-nio-8080-exec-6] INFO  com.training.mts.aop.LoggingAspect - Method executed successfully: UserServiceImpl.getUserByPhoneNumber(..) | Returned: User{id=6, name='Deepak', vpa=null}
2026-06-20 15:11:29 [http-nio-8080-exec-5] DEBUG org.springframework.security.web.FilterChainProxy - Securing GET /admin/getusers
2026-06-20 15:11:29 [http-nio-8080-exec-1] DEBUG org.springframework.security.web.FilterChainProxy - Securing GET /admin/gettranslog
2026-06-20 15:11:29 [http-nio-8080-exec-5] DEBUG org.springframework.security.web.FilterChainProxy - Secured GET /admin/getusers
2026-06-20 15:11:29 [http-nio-8080-exec-1] DEBUG org.springframework.security.web.FilterChainProxy - Secured GET /admin/gettranslog
2026-06-20 15:11:29 [http-nio-8080-exec-1] INFO  com.training.mts.aop.LoggingAspect - Entering method: AdminServiceImpl.getTransactionHistory() with arguments: []
2026-06-20 15:11:29 [http-nio-8080-exec-5] INFO  com.training.mts.aop.LoggingAspect - Entering method: AdminServiceImpl.findAll() with arguments: []
2026-06-20 15:11:29 [http-nio-8080-exec-1] INFO  com.training.mts.aop.LoggingAspect - Method executed successfully: AdminServiceImpl.getTransactionHistory() | Returned: [com.training.mts.model.Transaction@6b2403a4, com.training.mts.model.Transaction@363c8cd4, com.training.mts.model.Transaction@447dd072, com.training.mts.model.Transaction@37a3e64b, com.training.mts.model.Transaction@7cd1ea38, com.training.mts.model.Transaction@2ed9835a, com.training.mts.model.Transaction@48d28b3, com.training.mts.model.Transaction@2cb407d7]
2026-06-20 15:11:29 [http-nio-8080-exec-5] INFO  com.training.mts.aop.LoggingAspect - Method executed successfully: AdminServiceImpl.findAll() | Returned: [User{id=1, name='Hari Keshav', vpa=com.training.mts.model.VPA@57c9ba69}, User{id=2, name='Sowjen Meher', vpa=com.training.mts.model.VPA@9aa62c5}, User{id=3, name='Nethra', vpa=com.training.mts.model.VPA@2bb3186a}, User{id=6, name='Deepak', vpa=null}]
2026-06-20 15:11:47 [http-nio-8080-exec-4] DEBUG org.springframework.security.web.FilterChainProxy - Securing GET /users/findByPhone?phoneNumber=9840774661
2026-06-20 15:11:47 [http-nio-8080-exec-4] DEBUG org.springframework.security.web.FilterChainProxy - Secured GET /users/findByPhone?phoneNumber=9840774661
2026-06-20 15:11:47 [http-nio-8080-exec-4] INFO  com.training.mts.aop.LoggingAspect - Entering method: UserServiceImpl.getUserByPhoneNumber(..) with arguments: [9840774661]
2026-06-20 15:11:47 [http-nio-8080-exec-4] INFO  com.training.mts.aop.LoggingAspect - Method executed successfully: UserServiceImpl.getUserByPhoneNumber(..) | Returned: User{id=6, name='Deepak', vpa=null}
2026-06-20 15:11:47 [http-nio-8080-exec-9] DEBUG org.springframework.security.web.FilterChainProxy - Securing GET /admin/getusers
2026-06-20 15:11:47 [http-nio-8080-exec-3] DEBUG org.springframework.security.web.FilterChainProxy - Securing GET /admin/gettranslog
2026-06-20 15:11:47 [http-nio-8080-exec-3] DEBUG org.springframework.security.web.FilterChainProxy - Secured GET /admin/gettranslog
2026-06-20 15:11:47 [http-nio-8080-exec-9] DEBUG org.springframework.security.web.FilterChainProxy - Secured GET /admin/getusers
2026-06-20 15:11:47 [http-nio-8080-exec-9] INFO  com.training.mts.aop.LoggingAspect - Entering method: AdminServiceImpl.findAll() with arguments: []
2026-06-20 15:11:47 [http-nio-8080-exec-3] INFO  com.training.mts.aop.LoggingAspect - Entering method: AdminServiceImpl.getTransactionHistory() with arguments: []
2026-06-20 15:11:47 [http-nio-8080-exec-3] INFO  com.training.mts.aop.LoggingAspect - Method executed successfully: AdminServiceImpl.getTransactionHistory() | Returned: [com.training.mts.model.Transaction@5e2f7105, com.training.mts.model.Transaction@73c68572, com.training.mts.model.Transaction@51ecaab9, com.training.mts.model.Transaction@5d31dffd, com.training.mts.model.Transaction@78332a07, com.training.mts.model.Transaction@3f99cd66, com.training.mts.model.Transaction@b14014e, com.training.mts.model.Transaction@5809e9e6]
2026-06-20 15:11:47 [http-nio-8080-exec-9] INFO  com.training.mts.aop.LoggingAspect - Method executed successfully: AdminServiceImpl.findAll() | Returned: [User{id=1, name='Hari Keshav', vpa=com.training.mts.model.VPA@411887fd}, User{id=2, name='Sowjen Meher', vpa=com.training.mts.model.VPA@2f78db3e}, User{id=3, name='Nethra', vpa=com.training.mts.model.VPA@7359b3af}, User{id=6, name='Deepak', vpa=null}]
2026-06-20 15:11:48 [http-nio-8080-exec-10] DEBUG org.springframework.security.web.FilterChainProxy - Securing GET /users/findByPhone?phoneNumber=9840774661
2026-06-20 15:11:48 [http-nio-8080-exec-10] DEBUG org.springframework.security.web.FilterChainProxy - Secured GET /users/findByPhone?phoneNumber=9840774661
2026-06-20 15:11:48 [http-nio-8080-exec-10] INFO  com.training.mts.aop.LoggingAspect - Entering method: UserServiceImpl.getUserByPhoneNumber(..) with arguments: [9840774661]
2026-06-20 15:11:48 [http-nio-8080-exec-10] INFO  com.training.mts.aop.LoggingAspect - Method executed successfully: UserServiceImpl.getUserByPhoneNumber(..) | Returned: User{id=6, name='Deepak', vpa=null}
2026-06-20 15:11:48 [http-nio-8080-exec-8] DEBUG org.springframework.security.web.FilterChainProxy - Securing GET /admin/getusers
2026-06-20 15:11:48 [http-nio-8080-exec-2] DEBUG org.springframework.security.web.FilterChainProxy - Securing GET /admin/gettranslog
2026-06-20 15:11:48 [http-nio-8080-exec-8] DEBUG org.springframework.security.web.FilterChainProxy - Secured GET /admin/getusers
2026-06-20 15:11:48 [http-nio-8080-exec-2] DEBUG org.springframework.security.web.FilterChainProxy - Secured GET /admin/gettranslog
2026-06-20 15:11:48 [http-nio-8080-exec-8] INFO  com.training.mts.aop.LoggingAspect - Entering method: AdminServiceImpl.findAll() with arguments: []
2026-06-20 15:11:48 [http-nio-8080-exec-2] INFO  com.training.mts.aop.LoggingAspect - Entering method: AdminServiceImpl.getTransactionHistory() with arguments: []
2026-06-20 15:11:48 [http-nio-8080-exec-2] INFO  com.training.mts.aop.LoggingAspect - Method executed successfully: AdminServiceImpl.getTransactionHistory() | Returned: [com.training.mts.model.Transaction@2b809977, com.training.mts.model.Transaction@1b04c3e1, com.training.mts.model.Transaction@4f5fdd22, com.training.mts.model.Transaction@5ac19b89, com.training.mts.model.Transaction@7525ea87, com.training.mts.model.Transaction@48833409, com.training.mts.model.Transaction@798456f6, com.training.mts.model.Transaction@2f4f979c]
2026-06-20 15:11:48 [http-nio-8080-exec-8] INFO  com.training.mts.aop.LoggingAspect - Method executed successfully: AdminServiceImpl.findAll() | Returned: [User{id=1, name='Hari Keshav', vpa=com.training.mts.model.VPA@664cd06c}, User{id=2, name='Sowjen Meher', vpa=com.training.mts.model.VPA@653716c}, User{id=3, name='Nethra', vpa=com.training.mts.model.VPA@4a44fb35}, User{id=6, name='Deepak', vpa=null}]
2026-06-20 15:11:58 [http-nio-8080-exec-6] DEBUG org.springframework.security.web.FilterChainProxy - Securing GET /users/findByPhone?phoneNumber=9840774661
2026-06-20 15:11:58 [http-nio-8080-exec-6] DEBUG org.springframework.security.web.FilterChainProxy - Secured GET /users/findByPhone?phoneNumber=9840774661
2026-06-20 15:11:58 [http-nio-8080-exec-6] INFO  com.training.mts.aop.LoggingAspect - Entering method: UserServiceImpl.getUserByPhoneNumber(..) with arguments: [9840774661]
2026-06-20 15:11:58 [http-nio-8080-exec-6] INFO  com.training.mts.aop.LoggingAspect - Method executed successfully: UserServiceImpl.getUserByPhoneNumber(..) | Returned: User{id=6, name='Deepak', vpa=null}
2026-06-20 15:11:58 [http-nio-8080-exec-1] DEBUG org.springframework.security.web.FilterChainProxy - Securing GET /admin/getusers
2026-06-20 15:11:58 [http-nio-8080-exec-5] DEBUG org.springframework.security.web.FilterChainProxy - Securing GET /admin/gettranslog
2026-06-20 15:11:58 [http-nio-8080-exec-1] DEBUG org.springframework.security.web.FilterChainProxy - Secured GET /admin/getusers
2026-06-20 15:11:58 [http-nio-8080-exec-5] DEBUG org.springframework.security.web.FilterChainProxy - Secured GET /admin/gettranslog
2026-06-20 15:11:58 [http-nio-8080-exec-1] INFO  com.training.mts.aop.LoggingAspect - Entering method: AdminServiceImpl.findAll() with arguments: []
2026-06-20 15:11:58 [http-nio-8080-exec-5] INFO  com.training.mts.aop.LoggingAspect - Entering method: AdminServiceImpl.getTransactionHistory() with arguments: []
2026-06-20 15:11:58 [http-nio-8080-exec-5] INFO  com.training.mts.aop.LoggingAspect - Method executed successfully: AdminServiceImpl.getTransactionHistory() | Returned: [com.training.mts.model.Transaction@41d6f4a, com.training.mts.model.Transaction@4ed5a3b5, com.training.mts.model.Transaction@7e8da27e, com.training.mts.model.Transaction@abe7b8e, com.training.mts.model.Transaction@653622ac, com.training.mts.model.Transaction@61dfdb4, com.training.mts.model.Transaction@1510315b, com.training.mts.model.Transaction@6c8b4a7c]
2026-06-20 15:11:58 [http-nio-8080-exec-1] INFO  com.training.mts.aop.LoggingAspect - Method executed successfully: AdminServiceImpl.findAll() | Returned: [User{id=1, name='Hari Keshav', vpa=com.training.mts.model.VPA@3edfed7c}, User{id=2, name='Sowjen Meher', vpa=com.training.mts.model.VPA@560066a6}, User{id=3, name='Nethra', vpa=com.training.mts.model.VPA@487041e0}, User{id=6, name='Deepak', vpa=null}]
2026-06-20 15:12:04 [http-nio-8080-exec-7] DEBUG org.springframework.security.web.FilterChainProxy - Securing GET /users/findByPhone?phoneNumber=9840774661
2026-06-20 15:12:04 [http-nio-8080-exec-7] DEBUG org.springframework.security.web.FilterChainProxy - Secured GET /users/findByPhone?phoneNumber=9840774661
2026-06-20 15:12:04 [http-nio-8080-exec-7] INFO  com.training.mts.aop.LoggingAspect - Entering method: UserServiceImpl.getUserByPhoneNumber(..) with arguments: [9840774661]
2026-06-20 15:12:04 [http-nio-8080-exec-7] INFO  com.training.mts.aop.LoggingAspect - Method executed successfully: UserServiceImpl.getUserByPhoneNumber(..) | Returned: User{id=6, name='Deepak', vpa=null}
2026-06-20 15:12:04 [http-nio-8080-exec-4] DEBUG org.springframework.security.web.FilterChainProxy - Securing GET /admin/getusers
2026-06-20 15:12:04 [http-nio-8080-exec-3] DEBUG org.springframework.security.web.FilterChainProxy - Securing GET /admin/gettranslog
2026-06-20 15:12:04 [http-nio-8080-exec-3] DEBUG org.springframework.security.web.FilterChainProxy - Secured GET /admin/gettranslog
2026-06-20 15:12:04 [http-nio-8080-exec-4] DEBUG org.springframework.security.web.FilterChainProxy - Secured GET /admin/getusers
2026-06-20 15:12:04 [http-nio-8080-exec-3] INFO  com.training.mts.aop.LoggingAspect - Entering method: AdminServiceImpl.getTransactionHistory() with arguments: []
2026-06-20 15:12:04 [http-nio-8080-exec-4] INFO  com.training.mts.aop.LoggingAspect - Entering method: AdminServiceImpl.findAll() with arguments: []
2026-06-20 15:12:04 [http-nio-8080-exec-3] INFO  com.training.mts.aop.LoggingAspect - Method executed successfully: AdminServiceImpl.getTransactionHistory() | Returned: [com.training.mts.model.Transaction@185af0c7, com.training.mts.model.Transaction@244ffaff, com.training.mts.model.Transaction@51ce85a9, com.training.mts.model.Transaction@44a56e0d, com.training.mts.model.Transaction@b367296, com.training.mts.model.Transaction@5075e90d, com.training.mts.model.Transaction@7533dd67, com.training.mts.model.Transaction@1a8900ca]
2026-06-20 15:12:04 [http-nio-8080-exec-4] INFO  com.training.mts.aop.LoggingAspect - Method executed successfully: AdminServiceImpl.findAll() | Returned: [User{id=1, name='Hari Keshav', vpa=com.training.mts.model.VPA@da2bf49}, User{id=2, name='Sowjen Meher', vpa=com.training.mts.model.VPA@4ca2cfe1}, User{id=3, name='Nethra', vpa=com.training.mts.model.VPA@6621e869}, User{id=6, name='Deepak', vpa=null}]
2026-06-20 15:12:05 [http-nio-8080-exec-9] DEBUG org.springframework.security.web.FilterChainProxy - Securing GET /users/findByPhone?phoneNumber=9840774661
2026-06-20 15:12:05 [http-nio-8080-exec-9] DEBUG org.springframework.security.web.FilterChainProxy - Secured GET /users/findByPhone?phoneNumber=9840774661
2026-06-20 15:12:05 [http-nio-8080-exec-9] INFO  com.training.mts.aop.LoggingAspect - Entering method: UserServiceImpl.getUserByPhoneNumber(..) with arguments: [9840774661]
2026-06-20 15:12:05 [http-nio-8080-exec-9] INFO  com.training.mts.aop.LoggingAspect - Method executed successfully: UserServiceImpl.getUserByPhoneNumber(..) | Returned: User{id=6, name='Deepak', vpa=null}
2026-06-20 15:12:05 [http-nio-8080-exec-10] DEBUG org.springframework.security.web.FilterChainProxy - Securing GET /admin/getusers
2026-06-20 15:12:05 [http-nio-8080-exec-8] DEBUG org.springframework.security.web.FilterChainProxy - Securing GET /admin/gettranslog
2026-06-20 15:12:05 [http-nio-8080-exec-8] DEBUG org.springframework.security.web.FilterChainProxy - Secured GET /admin/gettranslog
2026-06-20 15:12:05 [http-nio-8080-exec-10] DEBUG org.springframework.security.web.FilterChainProxy - Secured GET /admin/getusers
2026-06-20 15:12:05 [http-nio-8080-exec-8] INFO  com.training.mts.aop.LoggingAspect - Entering method: AdminServiceImpl.getTransactionHistory() with arguments: []
2026-06-20 15:12:05 [http-nio-8080-exec-10] INFO  com.training.mts.aop.LoggingAspect - Entering method: AdminServiceImpl.findAll() with arguments: []
2026-06-20 15:12:05 [http-nio-8080-exec-8] INFO  com.training.mts.aop.LoggingAspect - Method executed successfully: AdminServiceImpl.getTransactionHistory() | Returned: [com.training.mts.model.Transaction@e35cce7, com.training.mts.model.Transaction@7d3cdeec, com.training.mts.model.Transaction@225fb23d, com.training.mts.model.Transaction@b5bc7b9, com.training.mts.model.Transaction@2b2960c1, com.training.mts.model.Transaction@307910f6, com.training.mts.model.Transaction@6f68929e, com.training.mts.model.Transaction@3adbf6c5]
2026-06-20 15:12:05 [http-nio-8080-exec-10] INFO  com.training.mts.aop.LoggingAspect - Method executed successfully: AdminServiceImpl.findAll() | Returned: [User{id=1, name='Hari Keshav', vpa=com.training.mts.model.VPA@60973dc1}, User{id=2, name='Sowjen Meher', vpa=com.training.mts.model.VPA@6665f43d}, User{id=3, name='Nethra', vpa=com.training.mts.model.VPA@2ab823eb}, User{id=6, name='Deepak', vpa=null}]
2026-06-20 15:12:23 [http-nio-8080-exec-2] DEBUG org.springframework.security.web.FilterChainProxy - Securing GET /users/findByPhone?phoneNumber=9840774661
2026-06-20 15:12:23 [http-nio-8080-exec-2] DEBUG org.springframework.security.web.FilterChainProxy - Secured GET /users/findByPhone?phoneNumber=9840774661
2026-06-20 15:12:23 [http-nio-8080-exec-2] INFO  com.training.mts.aop.LoggingAspect - Entering method: UserServiceImpl.getUserByPhoneNumber(..) with arguments: [9840774661]
2026-06-20 15:12:23 [http-nio-8080-exec-2] INFO  com.training.mts.aop.LoggingAspect - Method executed successfully: UserServiceImpl.getUserByPhoneNumber(..) | Returned: User{id=6, name='Deepak', vpa=null}
2026-06-20 15:12:23 [http-nio-8080-exec-6] DEBUG org.springframework.security.web.FilterChainProxy - Securing GET /admin/getusers
2026-06-20 15:12:23 [http-nio-8080-exec-1] DEBUG org.springframework.security.web.FilterChainProxy - Securing GET /admin/gettranslog
2026-06-20 15:12:23 [http-nio-8080-exec-6] DEBUG org.springframework.security.web.FilterChainProxy - Secured GET /admin/getusers
2026-06-20 15:12:23 [http-nio-8080-exec-1] DEBUG org.springframework.security.web.FilterChainProxy - Secured GET /admin/gettranslog
2026-06-20 15:12:23 [http-nio-8080-exec-6] INFO  com.training.mts.aop.LoggingAspect - Entering method: AdminServiceImpl.findAll() with arguments: []
2026-06-20 15:12:23 [http-nio-8080-exec-1] INFO  com.training.mts.aop.LoggingAspect - Entering method: AdminServiceImpl.getTransactionHistory() with arguments: []
2026-06-20 15:12:23 [http-nio-8080-exec-1] INFO  com.training.mts.aop.LoggingAspect - Method executed successfully: AdminServiceImpl.getTransactionHistory() | Returned: [com.training.mts.model.Transaction@5fe9f0e5, com.training.mts.model.Transaction@27106eea, com.training.mts.model.Transaction@41701b78, com.training.mts.model.Transaction@44ab1a82, com.training.mts.model.Transaction@54d5a42a, com.training.mts.model.Transaction@7016f764, com.training.mts.model.Transaction@317c99c5, com.training.mts.model.Transaction@2d1fea62]
2026-06-20 15:12:23 [http-nio-8080-exec-6] INFO  com.training.mts.aop.LoggingAspect - Method executed successfully: AdminServiceImpl.findAll() | Returned: [User{id=1, name='Hari Keshav', vpa=com.training.mts.model.VPA@68627cf7}, User{id=2, name='Sowjen Meher', vpa=com.training.mts.model.VPA@278bdcdd}, User{id=3, name='Nethra', vpa=com.training.mts.model.VPA@3122a8d3}, User{id=6, name='Deepak', vpa=null}]
2026-06-20 15:12:24 [http-nio-8080-exec-5] DEBUG org.springframework.security.web.FilterChainProxy - Securing GET /users/findByPhone?phoneNumber=9840774661
2026-06-20 15:12:24 [http-nio-8080-exec-5] DEBUG org.springframework.security.web.FilterChainProxy - Secured GET /users/findByPhone?phoneNumber=9840774661
2026-06-20 15:12:24 [http-nio-8080-exec-5] INFO  com.training.mts.aop.LoggingAspect - Entering method: UserServiceImpl.getUserByPhoneNumber(..) with arguments: [9840774661]
2026-06-20 15:12:24 [http-nio-8080-exec-5] INFO  com.training.mts.aop.LoggingAspect - Method executed successfully: UserServiceImpl.getUserByPhoneNumber(..) | Returned: User{id=6, name='Deepak', vpa=null}
2026-06-20 15:12:24 [http-nio-8080-exec-7] DEBUG org.springframework.security.web.FilterChainProxy - Securing GET /admin/getusers
2026-06-20 15:12:24 [http-nio-8080-exec-4] DEBUG org.springframework.security.web.FilterChainProxy - Securing GET /admin/gettranslog
2026-06-20 15:12:24 [http-nio-8080-exec-7] DEBUG org.springframework.security.web.FilterChainProxy - Secured GET /admin/getusers
2026-06-20 15:12:24 [http-nio-8080-exec-4] DEBUG org.springframework.security.web.FilterChainProxy - Secured GET /admin/gettranslog
2026-06-20 15:12:24 [http-nio-8080-exec-7] INFO  com.training.mts.aop.LoggingAspect - Entering method: AdminServiceImpl.findAll() with arguments: []
2026-06-20 15:12:24 [http-nio-8080-exec-4] INFO  com.training.mts.aop.LoggingAspect - Entering method: AdminServiceImpl.getTransactionHistory() with arguments: []
2026-06-20 15:12:24 [http-nio-8080-exec-4] INFO  com.training.mts.aop.LoggingAspect - Method executed successfully: AdminServiceImpl.getTransactionHistory() | Returned: [com.training.mts.model.Transaction@5a30fa39, com.training.mts.model.Transaction@484f61c9, com.training.mts.model.Transaction@54e2ad11, com.training.mts.model.Transaction@7ecf2d5d, com.training.mts.model.Transaction@2373f18f, com.training.mts.model.Transaction@10019d01, com.training.mts.model.Transaction@514a3035, com.training.mts.model.Transaction@56e84a84]
2026-06-20 15:12:24 [http-nio-8080-exec-7] INFO  com.training.mts.aop.LoggingAspect - Method executed successfully: AdminServiceImpl.findAll() | Returned: [User{id=1, name='Hari Keshav', vpa=com.training.mts.model.VPA@2e84aea5}, User{id=2, name='Sowjen Meher', vpa=com.training.mts.model.VPA@17d54534}, User{id=3, name='Nethra', vpa=com.training.mts.model.VPA@2f6c04d1}, User{id=6, name='Deepak', vpa=null}]
2026-06-20 15:12:39 [http-nio-8080-exec-3] DEBUG org.springframework.security.web.FilterChainProxy - Securing GET /users/findByPhone?phoneNumber=9840774661
2026-06-20 15:12:39 [http-nio-8080-exec-3] DEBUG org.springframework.security.web.FilterChainProxy - Secured GET /users/findByPhone?phoneNumber=9840774661
2026-06-20 15:12:39 [http-nio-8080-exec-3] INFO  com.training.mts.aop.LoggingAspect - Entering method: UserServiceImpl.getUserByPhoneNumber(..) with arguments: [9840774661]
2026-06-20 15:12:39 [http-nio-8080-exec-3] INFO  com.training.mts.aop.LoggingAspect - Method executed successfully: UserServiceImpl.getUserByPhoneNumber(..) | Returned: User{id=6, name='Deepak', vpa=null}
2026-06-20 15:12:39 [http-nio-8080-exec-9] DEBUG org.springframework.security.web.FilterChainProxy - Securing GET /admin/getusers
2026-06-20 15:12:39 [http-nio-8080-exec-8] DEBUG org.springframework.security.web.FilterChainProxy - Securing GET /admin/gettranslog
2026-06-20 15:12:39 [http-nio-8080-exec-8] DEBUG org.springframework.security.web.FilterChainProxy - Secured GET /admin/gettranslog
2026-06-20 15:12:39 [http-nio-8080-exec-9] DEBUG org.springframework.security.web.FilterChainProxy - Secured GET /admin/getusers
2026-06-20 15:12:39 [http-nio-8080-exec-8] INFO  com.training.mts.aop.LoggingAspect - Entering method: AdminServiceImpl.getTransactionHistory() with arguments: []
2026-06-20 15:12:39 [http-nio-8080-exec-9] INFO  com.training.mts.aop.LoggingAspect - Entering method: AdminServiceImpl.findAll() with arguments: []
2026-06-20 15:12:39 [http-nio-8080-exec-8] INFO  com.training.mts.aop.LoggingAspect - Method executed successfully: AdminServiceImpl.getTransactionHistory() | Returned: [com.training.mts.model.Transaction@7ce79acb, com.training.mts.model.Transaction@5e355b53, com.training.mts.model.Transaction@4b4a650a, com.training.mts.model.Transaction@1ee75f3e, com.training.mts.model.Transaction@5e96afeb, com.training.mts.model.Transaction@2a8d88a9, com.training.mts.model.Transaction@3277cac7, com.training.mts.model.Transaction@164d7d18]
2026-06-20 15:12:39 [http-nio-8080-exec-9] INFO  com.training.mts.aop.LoggingAspect - Method executed successfully: AdminServiceImpl.findAll() | Returned: [User{id=1, name='Hari Keshav', vpa=com.training.mts.model.VPA@41d97c61}, User{id=2, name='Sowjen Meher', vpa=com.training.mts.model.VPA@4a5a7e6c}, User{id=3, name='Nethra', vpa=com.training.mts.model.VPA@57d23899}, User{id=6, name='Deepak', vpa=null}]
2026-06-20 15:12:40 [http-nio-8080-exec-10] DEBUG org.springframework.security.web.FilterChainProxy - Securing GET /users/findByPhone?phoneNumber=9840774661
2026-06-20 15:12:40 [http-nio-8080-exec-10] DEBUG org.springframework.security.web.FilterChainProxy - Secured GET /users/findByPhone?phoneNumber=9840774661
2026-06-20 15:12:40 [http-nio-8080-exec-10] INFO  com.training.mts.aop.LoggingAspect - Entering method: UserServiceImpl.getUserByPhoneNumber(..) with arguments: [9840774661]
2026-06-20 15:12:40 [http-nio-8080-exec-10] INFO  com.training.mts.aop.LoggingAspect - Method executed successfully: UserServiceImpl.getUserByPhoneNumber(..) | Returned: User{id=6, name='Deepak', vpa=null}
2026-06-20 15:12:40 [http-nio-8080-exec-2] DEBUG org.springframework.security.web.FilterChainProxy - Securing GET /admin/getusers
2026-06-20 15:12:40 [http-nio-8080-exec-1] DEBUG org.springframework.security.web.FilterChainProxy - Securing GET /admin/gettranslog
2026-06-20 15:12:40 [http-nio-8080-exec-2] DEBUG org.springframework.security.web.FilterChainProxy - Secured GET /admin/getusers
2026-06-20 15:12:40 [http-nio-8080-exec-1] DEBUG org.springframework.security.web.FilterChainProxy - Secured GET /admin/gettranslog
2026-06-20 15:12:40 [http-nio-8080-exec-2] INFO  com.training.mts.aop.LoggingAspect - Entering method: AdminServiceImpl.findAll() with arguments: []
2026-06-20 15:12:40 [http-nio-8080-exec-1] INFO  com.training.mts.aop.LoggingAspect - Entering method: AdminServiceImpl.getTransactionHistory() with arguments: []
2026-06-20 15:12:40 [http-nio-8080-exec-1] INFO  com.training.mts.aop.LoggingAspect - Method executed successfully: AdminServiceImpl.getTransactionHistory() | Returned: [com.training.mts.model.Transaction@6d3b6139, com.training.mts.model.Transaction@18c6abe1, com.training.mts.model.Transaction@4b686434, com.training.mts.model.Transaction@297325ce, com.training.mts.model.Transaction@1f77bb70, com.training.mts.model.Transaction@324382dc, com.training.mts.model.Transaction@3a021964, com.training.mts.model.Transaction@aef06bf]
2026-06-20 15:12:40 [http-nio-8080-exec-2] INFO  com.training.mts.aop.LoggingAspect - Method executed successfully: AdminServiceImpl.findAll() | Returned: [User{id=1, name='Hari Keshav', vpa=com.training.mts.model.VPA@3621f8a1}, User{id=2, name='Sowjen Meher', vpa=com.training.mts.model.VPA@519bccda}, User{id=3, name='Nethra', vpa=com.training.mts.model.VPA@7f1975d6}, User{id=6, name='Deepak', vpa=null}]
2026-06-20 15:59:57 [HikariPool-1:housekeeper] WARN  com.zaxxer.hikari.pool.HikariPool - HikariPool-1 - Thread starvation or clock leap detected (housekeeper delta=43m17s430ms9µs500ns).
2026-06-20 19:13:24 [HikariPool-1:housekeeper] WARN  com.zaxxer.hikari.pool.HikariPool - HikariPool-1 - Thread starvation or clock leap detected (housekeeper delta=3h10m27s640ms325µs100ns).
2026-06-20 19:14:16 [SpringApplicationShutdownHook] INFO  org.springframework.boot.tomcat.GracefulShutdown - Commencing graceful shutdown. Waiting for active requests to complete
2026-06-20 19:14:16 [tomcat-shutdown] INFO  org.springframework.boot.tomcat.GracefulShutdown - Graceful shutdown complete
2026-06-20 19:14:16 [SpringApplicationShutdownHook] INFO  org.springframework.orm.jpa.LocalContainerEntityManagerFactoryBean - Closing JPA EntityManagerFactory for persistence unit 'default'
2026-06-20 19:14:16 [SpringApplicationShutdownHook] INFO  com.zaxxer.hikari.HikariDataSource - HikariPool-1 - Shutdown initiated...
2026-06-20 19:14:16 [SpringApplicationShutdownHook] INFO  com.zaxxer.hikari.HikariDataSource - HikariPool-1 - Shutdown completed.
