2026-06-16 10:08:40 [background-preinit] INFO  org.hibernate.validator.internal.util.Version - HV000001: Hibernate Validator 9.0.1.Final
2026-06-16 10:08:40 [main] INFO  com.training.mts.MtsApplication - Starting MtsApplication using Java 21 with PID 20324 (D:\Fidelity\Projects\money-transfer-system-secondary\backend\mts\target\classes started by deepc in D:\Fidelity\Projects\money-transfer-system-secondary\backend\mts)
2026-06-16 10:08:40 [main] INFO  com.training.mts.MtsApplication - No active profile set, falling back to 1 default profile: "default"
2026-06-16 10:08:41 [main] INFO  org.springframework.data.repository.config.RepositoryConfigurationDelegate - Bootstrapping Spring Data JPA repositories in DEFAULT mode.
2026-06-16 10:08:41 [main] INFO  org.springframework.data.repository.config.RepositoryConfigurationDelegate - Finished Spring Data repository scanning in 82 ms. Found 5 JPA repository interfaces.
2026-06-16 10:08:42 [main] INFO  org.springframework.boot.tomcat.TomcatWebServer - Tomcat initialized with port 8080 (http)
2026-06-16 10:08:42 [main] INFO  org.apache.coyote.http11.Http11NioProtocol - Initializing ProtocolHandler ["http-nio-8080"]
2026-06-16 10:08:42 [main] INFO  org.apache.catalina.core.StandardService - Starting service [Tomcat]
2026-06-16 10:08:42 [main] INFO  org.apache.catalina.core.StandardEngine - Starting Servlet engine: [Apache Tomcat/11.0.15]
2026-06-16 10:08:42 [main] INFO  org.springframework.boot.web.context.servlet.WebApplicationContextInitializer - Root WebApplicationContext: initialization completed in 2363 ms
2026-06-16 10:08:43 [main] INFO  org.hibernate.orm.jpa - HHH008540: Processing PersistenceUnitInfo [name: default]
2026-06-16 10:08:43 [main] INFO  org.hibernate.orm.core - HHH000001: Hibernate ORM core version 7.2.1.Final
2026-06-16 10:08:43 [main] INFO  org.springframework.orm.jpa.persistenceunit.SpringPersistenceUnitInfo - No LoadTimeWeaver setup: ignoring JPA class transformer
2026-06-16 10:08:43 [main] INFO  com.zaxxer.hikari.HikariDataSource - HikariPool-1 - Starting...
2026-06-16 10:08:44 [main] INFO  com.zaxxer.hikari.pool.HikariPool - HikariPool-1 - Added connection com.mysql.cj.jdbc.ConnectionImpl@77881b7a
2026-06-16 10:08:44 [main] INFO  com.zaxxer.hikari.HikariDataSource - HikariPool-1 - Start completed.
2026-06-16 10:08:44 [main] WARN  org.hibernate.orm.deprecation - HHH90000025: MySQLDialect does not need to be specified explicitly using 'hibernate.dialect' (remove the property setting and it will be selected by default)
2026-06-16 10:08:44 [main] INFO  org.hibernate.orm.connections.pooling - HHH10001005: Database info:
	Database JDBC URL [jdbc:mysql://localhost:3306/mts?createDatabaseIfNotExist=true]
	Database driver: MySQL Connector/J
	Database dialect: MySQLDialect
	Database version: 8.0.46
	Default catalog/schema: mts/undefined
	Autocommit mode: undefined/unknown
	Isolation level: REPEATABLE_READ [default REPEATABLE_READ]
	JDBC fetch size: none
	Pool: DataSourceConnectionProvider
	Minimum pool size: undefined/unknown
	Maximum pool size: undefined/unknown
2026-06-16 10:08:45 [main] INFO  org.hibernate.orm.core - HHH000489: No JTA platform available (set 'hibernate.transaction.jta.platform' to enable JTA platform integration)
2026-06-16 10:08:46 [main] INFO  org.springframework.orm.jpa.LocalContainerEntityManagerFactoryBean - Initialized JPA EntityManagerFactory for persistence unit 'default'
2026-06-16 10:08:46 [main] INFO  org.springframework.data.jpa.repository.query.QueryEnhancerFactories - Hibernate is in classpath; If applicable, HQL parser will be used.
2026-06-16 10:08:47 [main] INFO  org.springframework.security.config.annotation.authentication.configuration.InitializeUserDetailsBeanManagerConfigurer$InitializeUserDetailsManagerConfigurer - Global AuthenticationManager configured with UserDetailsService bean with name customUserDetailsService
2026-06-16 10:08:48 [main] WARN  org.springframework.boot.jpa.autoconfigure.JpaBaseConfiguration$JpaWebConfiguration - spring.jpa.open-in-view is enabled by default. Therefore, database queries may be performed during view rendering. Explicitly configure spring.jpa.open-in-view to disable this warning
2026-06-16 10:08:49 [main] DEBUG org.springframework.security.web.DefaultSecurityFilterChain - Will secure any request with filters: DisableEncodeUrlFilter, WebAsyncManagerIntegrationFilter, SecurityContextHolderFilter, HeaderWriterFilter, CorsFilter, LogoutFilter, JwtAuthenticationFilter, RequestCacheAwareFilter, SecurityContextHolderAwareRequestFilter, AnonymousAuthenticationFilter, SessionManagementFilter, ExceptionTranslationFilter, AuthorizationFilter
2026-06-16 10:08:49 [main] INFO  org.apache.coyote.http11.Http11NioProtocol - Starting ProtocolHandler ["http-nio-8080"]
2026-06-16 10:08:49 [main] INFO  org.springframework.boot.tomcat.TomcatWebServer - Tomcat started on port 8080 (http) with context path '/'
2026-06-16 10:08:49 [main] INFO  com.training.mts.MtsApplication - Started MtsApplication in 10.005 seconds (process running for 10.52)
2026-06-16 10:11:39 [http-nio-8080-exec-1] INFO  org.apache.catalina.core.ContainerBase.[Tomcat].[localhost].[/] - Initializing Spring DispatcherServlet 'dispatcherServlet'
2026-06-16 10:11:39 [http-nio-8080-exec-1] INFO  org.springframework.web.servlet.DispatcherServlet - Initializing Servlet 'dispatcherServlet'
2026-06-16 10:11:39 [http-nio-8080-exec-1] INFO  org.springframework.web.servlet.DispatcherServlet - Completed initialization in 1 ms
2026-06-16 10:11:39 [http-nio-8080-exec-1] DEBUG org.springframework.security.web.FilterChainProxy - Securing OPTIONS /auth/register
2026-06-16 10:11:39 [http-nio-8080-exec-1] WARN  org.springframework.web.servlet.handler.HandlerMappingIntrospector - Cache miss for REQUEST dispatch to '/auth/register' (previous null). Performing CorsConfiguration lookup. This is logged once only at WARN level, and every time at TRACE.
2026-06-16 10:11:39 [http-nio-8080-exec-2] DEBUG org.springframework.security.web.FilterChainProxy - Securing POST /auth/register
2026-06-16 10:11:39 [http-nio-8080-exec-2] DEBUG org.springframework.security.web.authentication.AnonymousAuthenticationFilter - Set SecurityContextHolder to anonymous SecurityContext
2026-06-16 10:11:39 [http-nio-8080-exec-2] DEBUG org.springframework.security.web.FilterChainProxy - Secured POST /auth/register
2026-06-16 10:11:40 [http-nio-8080-exec-2] INFO  com.training.mts.aop.LoggingAspect - Entering method: UserServiceImpl.createUser(..) with arguments: [Hari, 9090909090, hari23@gmail.com, Barca1]
2026-06-16 10:11:40 [http-nio-8080-exec-2] INFO  com.training.mts.aop.LoggingAspect - Entering method: VPAServiceImpl.generateVPAId(..) with arguments: [User{id=1, name='Hari', vpa=null}]
2026-06-16 10:11:40 [http-nio-8080-exec-2] INFO  com.training.mts.aop.LoggingAspect - Method executed successfully: VPAServiceImpl.generateVPAId(..) | Returned: hari2390901@mts
2026-06-16 10:11:40 [http-nio-8080-exec-2] INFO  com.training.mts.aop.LoggingAspect - Method executed successfully: UserServiceImpl.createUser(..) | Returned: User{id=1, name='Hari', vpa=com.training.mts.model.VPA@3f1907e8}
2026-06-16 10:11:40 [http-nio-8080-exec-3] DEBUG org.springframework.security.web.FilterChainProxy - Securing OPTIONS /users/findByPhone?phoneNumber=9090909090
2026-06-16 10:11:40 [http-nio-8080-exec-4] DEBUG org.springframework.security.web.FilterChainProxy - Securing GET /users/findByPhone?phoneNumber=9090909090
2026-06-16 10:11:40 [http-nio-8080-exec-4] ERROR com.training.mts.security.JwtUtils - JWT validation failed: JWT strings must contain exactly 2 period characters. Found: 0
2026-06-16 10:11:40 [http-nio-8080-exec-4] DEBUG org.springframework.security.web.authentication.AnonymousAuthenticationFilter - Set SecurityContextHolder to anonymous SecurityContext
2026-06-16 10:11:40 [http-nio-8080-exec-4] DEBUG org.springframework.security.web.authentication.Http403ForbiddenEntryPoint - Pre-authenticated entry point called. Rejecting access
2026-06-16 10:11:40 [http-nio-8080-exec-4] DEBUG org.springframework.security.web.FilterChainProxy - Securing GET /error?phoneNumber=9090909090
2026-06-16 10:11:40 [http-nio-8080-exec-4] DEBUG org.springframework.security.web.authentication.AnonymousAuthenticationFilter - Set SecurityContextHolder to anonymous SecurityContext
2026-06-16 10:11:40 [http-nio-8080-exec-4] DEBUG org.springframework.security.web.authentication.Http403ForbiddenEntryPoint - Pre-authenticated entry point called. Rejecting access
2026-06-16 10:11:48 [http-nio-8080-exec-5] DEBUG org.springframework.security.web.FilterChainProxy - Securing OPTIONS /auth/login
2026-06-16 10:11:48 [http-nio-8080-exec-6] DEBUG org.springframework.security.web.FilterChainProxy - Securing POST /auth/login
2026-06-16 10:11:48 [http-nio-8080-exec-6] DEBUG org.springframework.security.web.authentication.AnonymousAuthenticationFilter - Set SecurityContextHolder to anonymous SecurityContext
2026-06-16 10:11:48 [http-nio-8080-exec-6] DEBUG org.springframework.security.web.FilterChainProxy - Secured POST /auth/login
2026-06-16 10:11:50 [http-nio-8080-exec-6] DEBUG org.springframework.security.authentication.dao.DaoAuthenticationProvider - Authenticated user
2026-06-16 10:11:50 [http-nio-8080-exec-7] DEBUG org.springframework.security.web.FilterChainProxy - Securing OPTIONS /users/findByPhone?phoneNumber=9090909090
2026-06-16 10:11:50 [http-nio-8080-exec-8] DEBUG org.springframework.security.web.FilterChainProxy - Securing GET /users/findByPhone?phoneNumber=9090909090
2026-06-16 10:11:50 [http-nio-8080-exec-8] DEBUG org.springframework.security.web.FilterChainProxy - Secured GET /users/findByPhone?phoneNumber=9090909090
2026-06-16 10:11:50 [http-nio-8080-exec-8] INFO  com.training.mts.aop.LoggingAspect - Entering method: UserServiceImpl.getUserByPhoneNumber(..) with arguments: [9090909090]
2026-06-16 10:11:50 [http-nio-8080-exec-8] INFO  com.training.mts.aop.LoggingAspect - Method executed successfully: UserServiceImpl.getUserByPhoneNumber(..) | Returned: User{id=1, name='Hari', vpa=com.training.mts.model.VPA@79e60e86}
2026-06-16 10:11:57 [http-nio-8080-exec-9] DEBUG org.springframework.security.web.FilterChainProxy - Securing OPTIONS /rewards/status
2026-06-16 10:11:57 [http-nio-8080-exec-10] DEBUG org.springframework.security.web.FilterChainProxy - Securing GET /rewards/status
2026-06-16 10:11:57 [http-nio-8080-exec-10] DEBUG org.springframework.security.web.FilterChainProxy - Secured GET /rewards/status
2026-06-16 10:11:57 [http-nio-8080-exec-1] DEBUG org.springframework.security.web.FilterChainProxy - Securing OPTIONS /rewards/list
2026-06-16 10:11:57 [http-nio-8080-exec-2] DEBUG org.springframework.security.web.FilterChainProxy - Securing GET /rewards/list
2026-06-16 10:11:57 [http-nio-8080-exec-2] DEBUG org.springframework.security.web.FilterChainProxy - Secured GET /rewards/list
2026-06-16 10:11:57 [http-nio-8080-exec-2] INFO  com.training.mts.aop.LoggingAspect - Entering method: RewardServiceImpl.getUserScratchCards(..) with arguments: [User{id=1, name='Hari', vpa=com.training.mts.model.VPA@52aa9820}]
2026-06-16 10:11:57 [http-nio-8080-exec-2] INFO  com.training.mts.aop.LoggingAspect - Method executed successfully: RewardServiceImpl.getUserScratchCards(..) | Returned: []
2026-06-16 10:16:34 [http-nio-8080-exec-4] DEBUG org.springframework.security.web.FilterChainProxy - Securing OPTIONS /bankaccounts/link
2026-06-16 10:16:34 [http-nio-8080-exec-5] DEBUG org.springframework.security.web.FilterChainProxy - Securing POST /bankaccounts/link
2026-06-16 10:16:34 [http-nio-8080-exec-5] DEBUG org.springframework.security.web.FilterChainProxy - Secured POST /bankaccounts/link
2026-06-16 10:16:34 [http-nio-8080-exec-5] INFO  com.training.mts.aop.LoggingAspect - Entering method: BankAccountServiceImpl.linkBankAccount(..) with arguments: [hari2390901@mts, ACC1001, 123456]
2026-06-16 10:16:34 [http-nio-8080-exec-5] INFO  com.training.mts.aop.LoggingAspect - Method executed successfully: BankAccountServiceImpl.linkBankAccount(..) | Returned: User{id=1, name='Hari', vpa=com.training.mts.model.VPA@7297539d}
2026-06-16 10:16:39 [http-nio-8080-exec-6] DEBUG org.springframework.security.web.FilterChainProxy - Securing OPTIONS /transactions/gettranslog?vpaId=hari2390901@mts
2026-06-16 10:16:39 [http-nio-8080-exec-7] DEBUG org.springframework.security.web.FilterChainProxy - Securing GET /transactions/gettranslog?vpaId=hari2390901@mts
2026-06-16 10:16:39 [http-nio-8080-exec-7] DEBUG org.springframework.security.web.FilterChainProxy - Secured GET /transactions/gettranslog?vpaId=hari2390901@mts
2026-06-16 10:16:39 [http-nio-8080-exec-7] INFO  com.training.mts.aop.LoggingAspect - Entering method: TransactionServiceImpl.getTransactionHistory(..) with arguments: [hari2390901@mts]
2026-06-16 10:16:39 [http-nio-8080-exec-7] INFO  com.training.mts.aop.LoggingAspect - Method executed successfully: TransactionServiceImpl.getTransactionHistory(..) | Returned: com.training.mts.dto.TransactionHistoryResponse@4fdf4938
2026-06-16 10:17:20 [http-nio-8080-exec-8] DEBUG org.springframework.security.web.FilterChainProxy - Securing POST /auth/register
2026-06-16 10:17:20 [http-nio-8080-exec-8] DEBUG org.springframework.security.web.authentication.AnonymousAuthenticationFilter - Set SecurityContextHolder to anonymous SecurityContext
2026-06-16 10:17:20 [http-nio-8080-exec-8] DEBUG org.springframework.security.web.FilterChainProxy - Secured POST /auth/register
2026-06-16 10:17:20 [http-nio-8080-exec-8] INFO  com.training.mts.aop.LoggingAspect - Entering method: UserServiceImpl.createUser(..) with arguments: [John, 9191919191, john12@gmail.com, Barca2]
2026-06-16 10:17:21 [http-nio-8080-exec-8] INFO  com.training.mts.aop.LoggingAspect - Entering method: VPAServiceImpl.generateVPAId(..) with arguments: [User{id=2, name='John', vpa=null}]
2026-06-16 10:17:21 [http-nio-8080-exec-8] INFO  com.training.mts.aop.LoggingAspect - Method executed successfully: VPAServiceImpl.generateVPAId(..) | Returned: john1291912@mts
2026-06-16 10:17:21 [http-nio-8080-exec-8] INFO  com.training.mts.aop.LoggingAspect - Method executed successfully: UserServiceImpl.createUser(..) | Returned: User{id=2, name='John', vpa=com.training.mts.model.VPA@2cd2065a}
2026-06-16 10:17:21 [http-nio-8080-exec-9] DEBUG org.springframework.security.web.FilterChainProxy - Securing OPTIONS /users/findByPhone?phoneNumber=9191919191
2026-06-16 10:17:21 [http-nio-8080-exec-10] DEBUG org.springframework.security.web.FilterChainProxy - Securing GET /users/findByPhone?phoneNumber=9191919191
2026-06-16 10:17:21 [http-nio-8080-exec-10] ERROR com.training.mts.security.JwtUtils - JWT validation failed: JWT strings must contain exactly 2 period characters. Found: 0
2026-06-16 10:17:21 [http-nio-8080-exec-10] DEBUG org.springframework.security.web.authentication.AnonymousAuthenticationFilter - Set SecurityContextHolder to anonymous SecurityContext
2026-06-16 10:17:21 [http-nio-8080-exec-10] DEBUG org.springframework.security.web.authentication.Http403ForbiddenEntryPoint - Pre-authenticated entry point called. Rejecting access
2026-06-16 10:17:21 [http-nio-8080-exec-10] DEBUG org.springframework.security.web.FilterChainProxy - Securing GET /error?phoneNumber=9191919191
2026-06-16 10:17:21 [http-nio-8080-exec-10] DEBUG org.springframework.security.web.authentication.AnonymousAuthenticationFilter - Set SecurityContextHolder to anonymous SecurityContext
2026-06-16 10:17:21 [http-nio-8080-exec-10] DEBUG org.springframework.security.web.authentication.Http403ForbiddenEntryPoint - Pre-authenticated entry point called. Rejecting access
2026-06-16 10:17:30 [http-nio-8080-exec-2] DEBUG org.springframework.security.web.FilterChainProxy - Securing POST /auth/login
2026-06-16 10:17:30 [http-nio-8080-exec-2] DEBUG org.springframework.security.web.authentication.AnonymousAuthenticationFilter - Set SecurityContextHolder to anonymous SecurityContext
2026-06-16 10:17:30 [http-nio-8080-exec-2] DEBUG org.springframework.security.web.FilterChainProxy - Secured POST /auth/login
2026-06-16 10:17:30 [http-nio-8080-exec-2] DEBUG org.springframework.security.authentication.dao.DaoAuthenticationProvider - Authenticated user
2026-06-16 10:17:30 [http-nio-8080-exec-3] DEBUG org.springframework.security.web.FilterChainProxy - Securing OPTIONS /users/findByPhone?phoneNumber=9191919191
2026-06-16 10:17:30 [http-nio-8080-exec-4] DEBUG org.springframework.security.web.FilterChainProxy - Securing GET /users/findByPhone?phoneNumber=9191919191
2026-06-16 10:17:30 [http-nio-8080-exec-4] DEBUG org.springframework.security.web.FilterChainProxy - Secured GET /users/findByPhone?phoneNumber=9191919191
2026-06-16 10:17:30 [http-nio-8080-exec-4] INFO  com.training.mts.aop.LoggingAspect - Entering method: UserServiceImpl.getUserByPhoneNumber(..) with arguments: [9191919191]
2026-06-16 10:17:30 [http-nio-8080-exec-4] INFO  com.training.mts.aop.LoggingAspect - Method executed successfully: UserServiceImpl.getUserByPhoneNumber(..) | Returned: User{id=2, name='John', vpa=com.training.mts.model.VPA@2089f055}
2026-06-16 10:17:49 [http-nio-8080-exec-5] DEBUG org.springframework.security.web.FilterChainProxy - Securing OPTIONS /bankaccounts/link
2026-06-16 10:17:49 [http-nio-8080-exec-6] DEBUG org.springframework.security.web.FilterChainProxy - Securing POST /bankaccounts/link
2026-06-16 10:17:49 [http-nio-8080-exec-6] DEBUG org.springframework.security.web.FilterChainProxy - Secured POST /bankaccounts/link
2026-06-16 10:17:49 [http-nio-8080-exec-6] INFO  com.training.mts.aop.LoggingAspect - Entering method: BankAccountServiceImpl.linkBankAccount(..) with arguments: [john1291912@mts, ACC1012, starlight_22]
2026-06-16 10:17:49 [http-nio-8080-exec-6] INFO  com.training.mts.aop.LoggingAspect - Method executed successfully: BankAccountServiceImpl.linkBankAccount(..) | Returned: User{id=2, name='John', vpa=com.training.mts.model.VPA@73bb37ab}
2026-06-16 10:17:54 [http-nio-8080-exec-7] DEBUG org.springframework.security.web.FilterChainProxy - Securing OPTIONS /transactions/gettranslog?vpaId=john1291912@mts
2026-06-16 10:17:54 [http-nio-8080-exec-8] DEBUG org.springframework.security.web.FilterChainProxy - Securing GET /transactions/gettranslog?vpaId=john1291912@mts
2026-06-16 10:17:55 [http-nio-8080-exec-8] DEBUG org.springframework.security.web.FilterChainProxy - Secured GET /transactions/gettranslog?vpaId=john1291912@mts
2026-06-16 10:17:55 [http-nio-8080-exec-8] INFO  com.training.mts.aop.LoggingAspect - Entering method: TransactionServiceImpl.getTransactionHistory(..) with arguments: [john1291912@mts]
2026-06-16 10:17:55 [http-nio-8080-exec-8] INFO  com.training.mts.aop.LoggingAspect - Method executed successfully: TransactionServiceImpl.getTransactionHistory(..) | Returned: com.training.mts.dto.TransactionHistoryResponse@734b40e3
2026-06-16 10:18:15 [http-nio-8080-exec-9] DEBUG org.springframework.security.web.FilterChainProxy - Securing OPTIONS /rewards/status
2026-06-16 10:18:15 [http-nio-8080-exec-10] DEBUG org.springframework.security.web.FilterChainProxy - Securing GET /rewards/status
2026-06-16 10:18:15 [http-nio-8080-exec-10] DEBUG org.springframework.security.web.FilterChainProxy - Secured GET /rewards/status
2026-06-16 10:18:15 [http-nio-8080-exec-1] DEBUG org.springframework.security.web.FilterChainProxy - Securing OPTIONS /rewards/list
2026-06-16 10:18:15 [http-nio-8080-exec-2] DEBUG org.springframework.security.web.FilterChainProxy - Securing GET /rewards/list
2026-06-16 10:18:15 [http-nio-8080-exec-2] DEBUG org.springframework.security.web.FilterChainProxy - Secured GET /rewards/list
2026-06-16 10:18:15 [http-nio-8080-exec-2] INFO  com.training.mts.aop.LoggingAspect - Entering method: RewardServiceImpl.getUserScratchCards(..) with arguments: [User{id=2, name='John', vpa=com.training.mts.model.VPA@7d034c7b}]
2026-06-16 10:18:15 [http-nio-8080-exec-2] INFO  com.training.mts.aop.LoggingAspect - Method executed successfully: RewardServiceImpl.getUserScratchCards(..) | Returned: []
2026-06-16 10:18:27 [http-nio-8080-exec-3] DEBUG org.springframework.security.web.FilterChainProxy - Securing OPTIONS /users/getusers
2026-06-16 10:18:27 [http-nio-8080-exec-4] DEBUG org.springframework.security.web.FilterChainProxy - Securing GET /users/getusers
2026-06-16 10:18:27 [http-nio-8080-exec-4] DEBUG org.springframework.security.web.FilterChainProxy - Secured GET /users/getusers
2026-06-16 10:18:27 [http-nio-8080-exec-4] INFO  com.training.mts.aop.LoggingAspect - Entering method: UserServiceImpl.getAllUsers() with arguments: []
2026-06-16 10:18:28 [http-nio-8080-exec-4] INFO  com.training.mts.aop.LoggingAspect - Method executed successfully: UserServiceImpl.getAllUsers() | Returned: [com.training.mts.dto.GetAllUsersRequest@8b0e9df, com.training.mts.dto.GetAllUsersRequest@55bd572e]
2026-06-16 10:18:45 [http-nio-8080-exec-5] DEBUG org.springframework.security.web.FilterChainProxy - Securing OPTIONS /transactions/pay
2026-06-16 10:18:45 [http-nio-8080-exec-6] DEBUG org.springframework.security.web.FilterChainProxy - Securing POST /transactions/pay
2026-06-16 10:18:45 [http-nio-8080-exec-6] DEBUG org.springframework.security.web.FilterChainProxy - Secured POST /transactions/pay
2026-06-16 10:18:45 [http-nio-8080-exec-6] INFO  com.training.mts.aop.LoggingAspect - Entering method: TransactionServiceImpl.initiatePayment(..) with arguments: [com.training.mts.dto.TransactionRequest@2d7ec1df]
2026-06-16 10:18:46 [http-nio-8080-exec-6] INFO  com.training.mts.aop.LoggingAspect - Entering method: BankAccountServiceImpl.getBankAccount(..) with arguments: [john1291912@mts]
2026-06-16 10:18:46 [http-nio-8080-exec-6] INFO  com.training.mts.aop.LoggingAspect - Method executed successfully: BankAccountServiceImpl.getBankAccount(..) | Returned: com.training.mts.model.BankAccount@180deec
2026-06-16 10:18:46 [http-nio-8080-exec-6] INFO  com.training.mts.aop.LoggingAspect - Entering method: BankAccountServiceImpl.getBankAccount(..) with arguments: [hari2390901@mts]
2026-06-16 10:18:46 [http-nio-8080-exec-6] INFO  com.training.mts.aop.LoggingAspect - Method executed successfully: BankAccountServiceImpl.getBankAccount(..) | Returned: com.training.mts.model.BankAccount@2850c67f
2026-06-16 10:18:46 [http-nio-8080-exec-6] INFO  com.training.mts.aop.LoggingAspect - Entering method: BankAccountServiceImpl.updateBalance(..) with arguments: [com.training.mts.model.BankAccount@180deec, 15450.0]
2026-06-16 10:18:46 [http-nio-8080-exec-6] INFO  com.training.mts.aop.LoggingAspect - Method executed successfully: BankAccountServiceImpl.updateBalance(..) | Returned: null
2026-06-16 10:18:46 [http-nio-8080-exec-6] INFO  com.training.mts.aop.LoggingAspect - Entering method: BankAccountServiceImpl.updateBalance(..) with arguments: [com.training.mts.model.BankAccount@2850c67f, 50250.0]
2026-06-16 10:18:46 [http-nio-8080-exec-6] INFO  com.training.mts.aop.LoggingAspect - Method executed successfully: BankAccountServiceImpl.updateBalance(..) | Returned: null
2026-06-16 10:18:46 [http-nio-8080-exec-6] INFO  com.training.mts.aop.LoggingAspect - Entering method: RewardServiceImpl.awardPointsForTransaction(..) with arguments: [com.training.mts.model.Transaction@35148195]
2026-06-16 10:18:46 [http-nio-8080-exec-6] INFO  com.training.mts.aop.LoggingAspect - Method executed successfully: RewardServiceImpl.awardPointsForTransaction(..) | Returned: null
2026-06-16 10:18:46 [http-nio-8080-exec-6] INFO  com.training.mts.aop.LoggingAspect - Method executed successfully: TransactionServiceImpl.initiatePayment(..) | Returned: com.training.mts.dto.TransactionDTO@79594062
2026-06-16 10:18:46 [http-nio-8080-exec-6] INFO  com.training.mts.aop.LoggingAspect - Entering method: AnalyticsService.triggerSnowflakeSync() with arguments: []
2026-06-16 10:18:49 [http-nio-8080-exec-6] INFO  com.training.mts.aop.LoggingAspect - Method executed successfully: AnalyticsService.triggerSnowflakeSync() | Returned: false
2026-06-16 10:18:54 [http-nio-8080-exec-7] DEBUG org.springframework.security.web.FilterChainProxy - Securing OPTIONS /transactions/gettranslog?vpaId=john1291912@mts
2026-06-16 10:18:54 [http-nio-8080-exec-8] DEBUG org.springframework.security.web.FilterChainProxy - Securing GET /transactions/gettranslog?vpaId=john1291912@mts
2026-06-16 10:18:54 [http-nio-8080-exec-8] DEBUG org.springframework.security.web.FilterChainProxy - Secured GET /transactions/gettranslog?vpaId=john1291912@mts
2026-06-16 10:18:54 [http-nio-8080-exec-8] INFO  com.training.mts.aop.LoggingAspect - Entering method: TransactionServiceImpl.getTransactionHistory(..) with arguments: [john1291912@mts]
2026-06-16 10:18:54 [http-nio-8080-exec-8] INFO  com.training.mts.aop.LoggingAspect - Method executed successfully: TransactionServiceImpl.getTransactionHistory(..) | Returned: com.training.mts.dto.TransactionHistoryResponse@5951a497
2026-06-16 10:18:54 [http-nio-8080-exec-9] DEBUG org.springframework.security.web.FilterChainProxy - Securing OPTIONS /users/getbyvpa?vpaId=hari2390901@mts
2026-06-16 10:18:55 [http-nio-8080-exec-10] DEBUG org.springframework.security.web.FilterChainProxy - Securing GET /users/getbyvpa?vpaId=hari2390901@mts
2026-06-16 10:18:55 [http-nio-8080-exec-10] DEBUG org.springframework.security.web.FilterChainProxy - Secured GET /users/getbyvpa?vpaId=hari2390901@mts
2026-06-16 10:18:55 [http-nio-8080-exec-10] DEBUG org.springframework.security.web.FilterChainProxy - Securing GET /error?vpaId=hari2390901@mts
2026-06-16 10:18:55 [http-nio-8080-exec-10] DEBUG org.springframework.security.web.authentication.AnonymousAuthenticationFilter - Set SecurityContextHolder to anonymous SecurityContext
2026-06-16 10:18:55 [http-nio-8080-exec-10] DEBUG org.springframework.security.web.authentication.Http403ForbiddenEntryPoint - Pre-authenticated entry point called. Rejecting access
2026-06-16 10:19:00 [http-nio-8080-exec-1] DEBUG org.springframework.security.web.FilterChainProxy - Securing OPTIONS /rewards/status
2026-06-16 10:19:00 [http-nio-8080-exec-2] DEBUG org.springframework.security.web.FilterChainProxy - Securing GET /rewards/status
2026-06-16 10:19:00 [http-nio-8080-exec-2] DEBUG org.springframework.security.web.FilterChainProxy - Secured GET /rewards/status
2026-06-16 10:19:00 [http-nio-8080-exec-3] DEBUG org.springframework.security.web.FilterChainProxy - Securing OPTIONS /rewards/list
2026-06-16 10:19:00 [http-nio-8080-exec-4] DEBUG org.springframework.security.web.FilterChainProxy - Securing GET /rewards/list
2026-06-16 10:19:00 [http-nio-8080-exec-4] DEBUG org.springframework.security.web.FilterChainProxy - Secured GET /rewards/list
2026-06-16 10:19:00 [http-nio-8080-exec-4] INFO  com.training.mts.aop.LoggingAspect - Entering method: RewardServiceImpl.getUserScratchCards(..) with arguments: [User{id=2, name='John', vpa=com.training.mts.model.VPA@3cdf7929}]
2026-06-16 10:19:00 [http-nio-8080-exec-4] INFO  com.training.mts.aop.LoggingAspect - Method executed successfully: RewardServiceImpl.getUserScratchCards(..) | Returned: []
2026-06-16 10:21:03 [http-nio-8080-exec-6] DEBUG org.springframework.security.web.FilterChainProxy - Securing OPTIONS /users/getusers
2026-06-16 10:21:03 [http-nio-8080-exec-7] DEBUG org.springframework.security.web.FilterChainProxy - Securing GET /users/getusers
2026-06-16 10:21:03 [http-nio-8080-exec-7] DEBUG org.springframework.security.web.FilterChainProxy - Secured GET /users/getusers
2026-06-16 10:21:03 [http-nio-8080-exec-7] INFO  com.training.mts.aop.LoggingAspect - Entering method: UserServiceImpl.getAllUsers() with arguments: []
2026-06-16 10:21:03 [http-nio-8080-exec-7] INFO  com.training.mts.aop.LoggingAspect - Method executed successfully: UserServiceImpl.getAllUsers() | Returned: [com.training.mts.dto.GetAllUsersRequest@1c79f67, com.training.mts.dto.GetAllUsersRequest@6f8b3f2d]
2026-06-16 10:21:23 [http-nio-8080-exec-8] DEBUG org.springframework.security.web.FilterChainProxy - Securing OPTIONS /transactions/pay
2026-06-16 10:21:23 [http-nio-8080-exec-9] DEBUG org.springframework.security.web.FilterChainProxy - Securing POST /transactions/pay
2026-06-16 10:21:23 [http-nio-8080-exec-9] DEBUG org.springframework.security.web.FilterChainProxy - Secured POST /transactions/pay
2026-06-16 10:21:23 [http-nio-8080-exec-9] INFO  com.training.mts.aop.LoggingAspect - Entering method: TransactionServiceImpl.initiatePayment(..) with arguments: [com.training.mts.dto.TransactionRequest@1fe00ccb]
2026-06-16 10:21:24 [http-nio-8080-exec-9] INFO  com.training.mts.aop.LoggingAspect - Entering method: BankAccountServiceImpl.getBankAccount(..) with arguments: [john1291912@mts]
2026-06-16 10:21:24 [http-nio-8080-exec-9] INFO  com.training.mts.aop.LoggingAspect - Method executed successfully: BankAccountServiceImpl.getBankAccount(..) | Returned: com.training.mts.model.BankAccount@b7ce4c4
2026-06-16 10:21:24 [http-nio-8080-exec-9] INFO  com.training.mts.aop.LoggingAspect - Entering method: BankAccountServiceImpl.getBankAccount(..) with arguments: [hari2390901@mts]
2026-06-16 10:21:24 [http-nio-8080-exec-9] INFO  com.training.mts.aop.LoggingAspect - Method executed successfully: BankAccountServiceImpl.getBankAccount(..) | Returned: com.training.mts.model.BankAccount@432dca23
2026-06-16 10:21:24 [http-nio-8080-exec-9] INFO  com.training.mts.aop.LoggingAspect - Entering method: BankAccountServiceImpl.updateBalance(..) with arguments: [com.training.mts.model.BankAccount@b7ce4c4, 14450.0]
2026-06-16 10:21:24 [http-nio-8080-exec-9] INFO  com.training.mts.aop.LoggingAspect - Method executed successfully: BankAccountServiceImpl.updateBalance(..) | Returned: null
2026-06-16 10:21:24 [http-nio-8080-exec-9] INFO  com.training.mts.aop.LoggingAspect - Entering method: BankAccountServiceImpl.updateBalance(..) with arguments: [com.training.mts.model.BankAccount@432dca23, 51250.0]
2026-06-16 10:21:24 [http-nio-8080-exec-9] INFO  com.training.mts.aop.LoggingAspect - Method executed successfully: BankAccountServiceImpl.updateBalance(..) | Returned: null
2026-06-16 10:21:24 [http-nio-8080-exec-9] INFO  com.training.mts.aop.LoggingAspect - Entering method: RewardServiceImpl.awardPointsForTransaction(..) with arguments: [com.training.mts.model.Transaction@1858810f]
2026-06-16 10:21:24 [http-nio-8080-exec-9] INFO  com.training.mts.aop.LoggingAspect - Method executed successfully: RewardServiceImpl.awardPointsForTransaction(..) | Returned: null
2026-06-16 10:21:24 [http-nio-8080-exec-9] INFO  com.training.mts.aop.LoggingAspect - Method executed successfully: TransactionServiceImpl.initiatePayment(..) | Returned: com.training.mts.dto.TransactionDTO@50a5d65c
2026-06-16 10:21:24 [http-nio-8080-exec-9] INFO  com.training.mts.aop.LoggingAspect - Entering method: AnalyticsService.triggerSnowflakeSync() with arguments: []
2026-06-16 10:21:25 [http-nio-8080-exec-9] INFO  com.training.mts.aop.LoggingAspect - Method executed successfully: AnalyticsService.triggerSnowflakeSync() | Returned: false
2026-06-16 10:21:30 [http-nio-8080-exec-10] DEBUG org.springframework.security.web.FilterChainProxy - Securing OPTIONS /transactions/gettranslog?vpaId=john1291912@mts
2026-06-16 10:21:30 [http-nio-8080-exec-1] DEBUG org.springframework.security.web.FilterChainProxy - Securing GET /transactions/gettranslog?vpaId=john1291912@mts
2026-06-16 10:21:30 [http-nio-8080-exec-1] DEBUG org.springframework.security.web.FilterChainProxy - Secured GET /transactions/gettranslog?vpaId=john1291912@mts
2026-06-16 10:21:30 [http-nio-8080-exec-1] INFO  com.training.mts.aop.LoggingAspect - Entering method: TransactionServiceImpl.getTransactionHistory(..) with arguments: [john1291912@mts]
2026-06-16 10:21:30 [http-nio-8080-exec-1] INFO  com.training.mts.aop.LoggingAspect - Method executed successfully: TransactionServiceImpl.getTransactionHistory(..) | Returned: com.training.mts.dto.TransactionHistoryResponse@70bbf9b1
2026-06-16 10:21:30 [http-nio-8080-exec-2] DEBUG org.springframework.security.web.FilterChainProxy - Securing OPTIONS /users/getbyvpa?vpaId=hari2390901@mts
2026-06-16 10:21:30 [http-nio-8080-exec-3] DEBUG org.springframework.security.web.FilterChainProxy - Securing GET /users/getbyvpa?vpaId=hari2390901@mts
2026-06-16 10:21:30 [http-nio-8080-exec-3] DEBUG org.springframework.security.web.FilterChainProxy - Secured GET /users/getbyvpa?vpaId=hari2390901@mts
2026-06-16 10:21:30 [http-nio-8080-exec-3] DEBUG org.springframework.security.web.FilterChainProxy - Securing GET /error?vpaId=hari2390901@mts
2026-06-16 10:21:30 [http-nio-8080-exec-3] DEBUG org.springframework.security.web.authentication.AnonymousAuthenticationFilter - Set SecurityContextHolder to anonymous SecurityContext
2026-06-16 10:21:30 [http-nio-8080-exec-3] DEBUG org.springframework.security.web.authentication.Http403ForbiddenEntryPoint - Pre-authenticated entry point called. Rejecting access
2026-06-16 10:21:31 [http-nio-8080-exec-4] DEBUG org.springframework.security.web.FilterChainProxy - Securing OPTIONS /rewards/status
2026-06-16 10:21:31 [http-nio-8080-exec-5] DEBUG org.springframework.security.web.FilterChainProxy - Securing GET /rewards/status
2026-06-16 10:21:31 [http-nio-8080-exec-5] DEBUG org.springframework.security.web.FilterChainProxy - Secured GET /rewards/status
2026-06-16 10:21:31 [http-nio-8080-exec-6] DEBUG org.springframework.security.web.FilterChainProxy - Securing OPTIONS /rewards/list
2026-06-16 10:21:31 [http-nio-8080-exec-7] DEBUG org.springframework.security.web.FilterChainProxy - Securing GET /rewards/list
2026-06-16 10:21:31 [http-nio-8080-exec-7] DEBUG org.springframework.security.web.FilterChainProxy - Secured GET /rewards/list
2026-06-16 10:21:31 [http-nio-8080-exec-7] INFO  com.training.mts.aop.LoggingAspect - Entering method: RewardServiceImpl.getUserScratchCards(..) with arguments: [User{id=2, name='John', vpa=com.training.mts.model.VPA@5a0daac9}]
2026-06-16 10:21:31 [http-nio-8080-exec-7] INFO  com.training.mts.aop.LoggingAspect - Method executed successfully: RewardServiceImpl.getUserScratchCards(..) | Returned: []
2026-06-16 10:22:21 [http-nio-8080-exec-8] DEBUG org.springframework.security.web.FilterChainProxy - Securing POST /auth/login
2026-06-16 10:22:21 [http-nio-8080-exec-8] DEBUG org.springframework.security.web.authentication.AnonymousAuthenticationFilter - Set SecurityContextHolder to anonymous SecurityContext
2026-06-16 10:22:21 [http-nio-8080-exec-8] DEBUG org.springframework.security.web.FilterChainProxy - Secured POST /auth/login
2026-06-16 10:22:21 [http-nio-8080-exec-8] DEBUG org.springframework.security.authentication.dao.DaoAuthenticationProvider - Authenticated user
2026-06-16 10:22:21 [http-nio-8080-exec-9] DEBUG org.springframework.security.web.FilterChainProxy - Securing OPTIONS /users/findByPhone?phoneNumber=9090909090
2026-06-16 10:22:21 [http-nio-8080-exec-10] DEBUG org.springframework.security.web.FilterChainProxy - Securing GET /users/findByPhone?phoneNumber=9090909090
2026-06-16 10:22:21 [http-nio-8080-exec-10] DEBUG org.springframework.security.web.FilterChainProxy - Secured GET /users/findByPhone?phoneNumber=9090909090
2026-06-16 10:22:21 [http-nio-8080-exec-10] INFO  com.training.mts.aop.LoggingAspect - Entering method: UserServiceImpl.getUserByPhoneNumber(..) with arguments: [9090909090]
2026-06-16 10:22:21 [http-nio-8080-exec-10] INFO  com.training.mts.aop.LoggingAspect - Method executed successfully: UserServiceImpl.getUserByPhoneNumber(..) | Returned: User{id=1, name='Hari', vpa=com.training.mts.model.VPA@5c7d471}
2026-06-16 10:22:21 [http-nio-8080-exec-1] DEBUG org.springframework.security.web.FilterChainProxy - Securing OPTIONS /transactions/gettranslog?vpaId=hari2390901@mts
2026-06-16 10:22:21 [http-nio-8080-exec-2] DEBUG org.springframework.security.web.FilterChainProxy - Securing GET /transactions/gettranslog?vpaId=hari2390901@mts
2026-06-16 10:22:21 [http-nio-8080-exec-2] DEBUG org.springframework.security.web.FilterChainProxy - Secured GET /transactions/gettranslog?vpaId=hari2390901@mts
2026-06-16 10:22:21 [http-nio-8080-exec-2] INFO  com.training.mts.aop.LoggingAspect - Entering method: TransactionServiceImpl.getTransactionHistory(..) with arguments: [hari2390901@mts]
2026-06-16 10:22:21 [http-nio-8080-exec-2] INFO  com.training.mts.aop.LoggingAspect - Method executed successfully: TransactionServiceImpl.getTransactionHistory(..) | Returned: com.training.mts.dto.TransactionHistoryResponse@5fe780db
2026-06-16 10:22:21 [http-nio-8080-exec-3] DEBUG org.springframework.security.web.FilterChainProxy - Securing OPTIONS /users/getbyvpa?vpaId=john1291912@mts
2026-06-16 10:22:21 [http-nio-8080-exec-4] DEBUG org.springframework.security.web.FilterChainProxy - Securing GET /users/getbyvpa?vpaId=john1291912@mts
2026-06-16 10:22:21 [http-nio-8080-exec-4] DEBUG org.springframework.security.web.FilterChainProxy - Secured GET /users/getbyvpa?vpaId=john1291912@mts
2026-06-16 10:22:21 [http-nio-8080-exec-4] DEBUG org.springframework.security.web.FilterChainProxy - Securing GET /error?vpaId=john1291912@mts
2026-06-16 10:22:21 [http-nio-8080-exec-4] DEBUG org.springframework.security.web.authentication.AnonymousAuthenticationFilter - Set SecurityContextHolder to anonymous SecurityContext
2026-06-16 10:22:21 [http-nio-8080-exec-4] DEBUG org.springframework.security.web.authentication.Http403ForbiddenEntryPoint - Pre-authenticated entry point called. Rejecting access
2026-06-16 10:22:28 [http-nio-8080-exec-5] DEBUG org.springframework.security.web.FilterChainProxy - Securing OPTIONS /rewards/status
2026-06-16 10:22:28 [http-nio-8080-exec-6] DEBUG org.springframework.security.web.FilterChainProxy - Securing GET /rewards/status
2026-06-16 10:22:28 [http-nio-8080-exec-6] DEBUG org.springframework.security.web.FilterChainProxy - Secured GET /rewards/status
2026-06-16 10:22:28 [http-nio-8080-exec-7] DEBUG org.springframework.security.web.FilterChainProxy - Securing OPTIONS /rewards/list
2026-06-16 10:22:28 [http-nio-8080-exec-8] DEBUG org.springframework.security.web.FilterChainProxy - Securing GET /rewards/list
2026-06-16 10:22:28 [http-nio-8080-exec-8] DEBUG org.springframework.security.web.FilterChainProxy - Secured GET /rewards/list
2026-06-16 10:22:28 [http-nio-8080-exec-8] INFO  com.training.mts.aop.LoggingAspect - Entering method: RewardServiceImpl.getUserScratchCards(..) with arguments: [User{id=1, name='Hari', vpa=com.training.mts.model.VPA@6f0fe1b5}]
2026-06-16 10:22:28 [http-nio-8080-exec-8] INFO  com.training.mts.aop.LoggingAspect - Method executed successfully: RewardServiceImpl.getUserScratchCards(..) | Returned: []
2026-06-16 10:22:30 [http-nio-8080-exec-9] DEBUG org.springframework.security.web.FilterChainProxy - Securing OPTIONS /transactions/gettranslog?vpaId=hari2390901@mts
2026-06-16 10:22:31 [http-nio-8080-exec-10] DEBUG org.springframework.security.web.FilterChainProxy - Securing GET /transactions/gettranslog?vpaId=hari2390901@mts
2026-06-16 10:22:31 [http-nio-8080-exec-10] DEBUG org.springframework.security.web.FilterChainProxy - Secured GET /transactions/gettranslog?vpaId=hari2390901@mts
2026-06-16 10:22:31 [http-nio-8080-exec-10] INFO  com.training.mts.aop.LoggingAspect - Entering method: TransactionServiceImpl.getTransactionHistory(..) with arguments: [hari2390901@mts]
2026-06-16 10:22:31 [http-nio-8080-exec-10] INFO  com.training.mts.aop.LoggingAspect - Method executed successfully: TransactionServiceImpl.getTransactionHistory(..) | Returned: com.training.mts.dto.TransactionHistoryResponse@7cdd9b6f
2026-06-16 10:22:31 [http-nio-8080-exec-1] DEBUG org.springframework.security.web.FilterChainProxy - Securing OPTIONS /users/getbyvpa?vpaId=john1291912@mts
2026-06-16 10:22:31 [http-nio-8080-exec-2] DEBUG org.springframework.security.web.FilterChainProxy - Securing GET /users/getbyvpa?vpaId=john1291912@mts
2026-06-16 10:22:31 [http-nio-8080-exec-2] DEBUG org.springframework.security.web.FilterChainProxy - Secured GET /users/getbyvpa?vpaId=john1291912@mts
2026-06-16 10:22:31 [http-nio-8080-exec-2] DEBUG org.springframework.security.web.FilterChainProxy - Securing GET /error?vpaId=john1291912@mts
2026-06-16 10:22:31 [http-nio-8080-exec-2] DEBUG org.springframework.security.web.authentication.AnonymousAuthenticationFilter - Set SecurityContextHolder to anonymous SecurityContext
2026-06-16 10:22:31 [http-nio-8080-exec-2] DEBUG org.springframework.security.web.authentication.Http403ForbiddenEntryPoint - Pre-authenticated entry point called. Rejecting access
2026-06-16 10:22:33 [http-nio-8080-exec-3] DEBUG org.springframework.security.web.FilterChainProxy - Securing OPTIONS /users/getusers
2026-06-16 10:22:33 [http-nio-8080-exec-4] DEBUG org.springframework.security.web.FilterChainProxy - Securing GET /users/getusers
2026-06-16 10:22:33 [http-nio-8080-exec-4] DEBUG org.springframework.security.web.FilterChainProxy - Secured GET /users/getusers
2026-06-16 10:22:33 [http-nio-8080-exec-4] INFO  com.training.mts.aop.LoggingAspect - Entering method: UserServiceImpl.getAllUsers() with arguments: []
2026-06-16 10:22:33 [http-nio-8080-exec-4] INFO  com.training.mts.aop.LoggingAspect - Method executed successfully: UserServiceImpl.getAllUsers() | Returned: [com.training.mts.dto.GetAllUsersRequest@3034d8a1, com.training.mts.dto.GetAllUsersRequest@3a1a8865]
2026-06-16 10:22:57 [http-nio-8080-exec-5] DEBUG org.springframework.security.web.FilterChainProxy - Securing OPTIONS /transactions/pay
2026-06-16 10:22:57 [http-nio-8080-exec-6] DEBUG org.springframework.security.web.FilterChainProxy - Securing POST /transactions/pay
2026-06-16 10:22:57 [http-nio-8080-exec-6] DEBUG org.springframework.security.web.FilterChainProxy - Secured POST /transactions/pay
2026-06-16 10:22:57 [http-nio-8080-exec-6] INFO  com.training.mts.aop.LoggingAspect - Entering method: TransactionServiceImpl.initiatePayment(..) with arguments: [com.training.mts.dto.TransactionRequest@3f224932]
2026-06-16 10:22:57 [http-nio-8080-exec-6] INFO  com.training.mts.aop.LoggingAspect - Entering method: BankAccountServiceImpl.getBankAccount(..) with arguments: [hari2390901@mts]
2026-06-16 10:22:57 [http-nio-8080-exec-6] INFO  com.training.mts.aop.LoggingAspect - Method executed successfully: BankAccountServiceImpl.getBankAccount(..) | Returned: com.training.mts.model.BankAccount@59986172
2026-06-16 10:22:57 [http-nio-8080-exec-6] INFO  com.training.mts.aop.LoggingAspect - Entering method: BankAccountServiceImpl.getBankAccount(..) with arguments: [john1291912@mts]
2026-06-16 10:22:57 [http-nio-8080-exec-6] INFO  com.training.mts.aop.LoggingAspect - Method executed successfully: BankAccountServiceImpl.getBankAccount(..) | Returned: com.training.mts.model.BankAccount@3fa8f0d1
2026-06-16 10:22:57 [http-nio-8080-exec-6] INFO  com.training.mts.aop.LoggingAspect - Entering method: BankAccountServiceImpl.updateBalance(..) with arguments: [com.training.mts.model.BankAccount@59986172, 50250.0]
2026-06-16 10:22:57 [http-nio-8080-exec-6] INFO  com.training.mts.aop.LoggingAspect - Method executed successfully: BankAccountServiceImpl.updateBalance(..) | Returned: null
2026-06-16 10:22:57 [http-nio-8080-exec-6] INFO  com.training.mts.aop.LoggingAspect - Entering method: BankAccountServiceImpl.updateBalance(..) with arguments: [com.training.mts.model.BankAccount@3fa8f0d1, 15450.0]
2026-06-16 10:22:57 [http-nio-8080-exec-6] INFO  com.training.mts.aop.LoggingAspect - Method executed successfully: BankAccountServiceImpl.updateBalance(..) | Returned: null
2026-06-16 10:22:57 [http-nio-8080-exec-6] INFO  com.training.mts.aop.LoggingAspect - Entering method: RewardServiceImpl.awardPointsForTransaction(..) with arguments: [com.training.mts.model.Transaction@7a321e6d]
2026-06-16 10:22:57 [http-nio-8080-exec-6] INFO  com.training.mts.aop.LoggingAspect - Method executed successfully: RewardServiceImpl.awardPointsForTransaction(..) | Returned: null
2026-06-16 10:22:57 [http-nio-8080-exec-6] INFO  com.training.mts.aop.LoggingAspect - Method executed successfully: TransactionServiceImpl.initiatePayment(..) | Returned: com.training.mts.dto.TransactionDTO@56207917
2026-06-16 10:22:57 [http-nio-8080-exec-6] INFO  com.training.mts.aop.LoggingAspect - Entering method: AnalyticsService.triggerSnowflakeSync() with arguments: []
2026-06-16 10:22:58 [http-nio-8080-exec-6] INFO  com.training.mts.aop.LoggingAspect - Method executed successfully: AnalyticsService.triggerSnowflakeSync() | Returned: false
2026-06-16 10:23:02 [http-nio-8080-exec-7] DEBUG org.springframework.security.web.FilterChainProxy - Securing OPTIONS /transactions/gettranslog?vpaId=hari2390901@mts
2026-06-16 10:23:02 [http-nio-8080-exec-8] DEBUG org.springframework.security.web.FilterChainProxy - Securing GET /transactions/gettranslog?vpaId=hari2390901@mts
2026-06-16 10:23:02 [http-nio-8080-exec-8] DEBUG org.springframework.security.web.FilterChainProxy - Secured GET /transactions/gettranslog?vpaId=hari2390901@mts
2026-06-16 10:23:02 [http-nio-8080-exec-8] INFO  com.training.mts.aop.LoggingAspect - Entering method: TransactionServiceImpl.getTransactionHistory(..) with arguments: [hari2390901@mts]
2026-06-16 10:23:02 [http-nio-8080-exec-8] INFO  com.training.mts.aop.LoggingAspect - Method executed successfully: TransactionServiceImpl.getTransactionHistory(..) | Returned: com.training.mts.dto.TransactionHistoryResponse@4d70b8fe
2026-06-16 10:23:02 [http-nio-8080-exec-9] DEBUG org.springframework.security.web.FilterChainProxy - Securing OPTIONS /users/getbyvpa?vpaId=john1291912@mts
2026-06-16 10:23:02 [http-nio-8080-exec-10] DEBUG org.springframework.security.web.FilterChainProxy - Securing GET /users/getbyvpa?vpaId=john1291912@mts
2026-06-16 10:23:02 [http-nio-8080-exec-10] DEBUG org.springframework.security.web.FilterChainProxy - Secured GET /users/getbyvpa?vpaId=john1291912@mts
2026-06-16 10:23:02 [http-nio-8080-exec-10] DEBUG org.springframework.security.web.FilterChainProxy - Securing GET /error?vpaId=john1291912@mts
2026-06-16 10:23:02 [http-nio-8080-exec-10] DEBUG org.springframework.security.web.authentication.AnonymousAuthenticationFilter - Set SecurityContextHolder to anonymous SecurityContext
2026-06-16 10:23:02 [http-nio-8080-exec-10] DEBUG org.springframework.security.web.authentication.Http403ForbiddenEntryPoint - Pre-authenticated entry point called. Rejecting access
2026-06-16 10:23:03 [http-nio-8080-exec-1] DEBUG org.springframework.security.web.FilterChainProxy - Securing OPTIONS /rewards/status
2026-06-16 10:23:03 [http-nio-8080-exec-2] DEBUG org.springframework.security.web.FilterChainProxy - Securing GET /rewards/status
2026-06-16 10:23:03 [http-nio-8080-exec-2] DEBUG org.springframework.security.web.FilterChainProxy - Secured GET /rewards/status
2026-06-16 10:23:04 [http-nio-8080-exec-3] DEBUG org.springframework.security.web.FilterChainProxy - Securing OPTIONS /rewards/list
2026-06-16 10:23:04 [http-nio-8080-exec-4] DEBUG org.springframework.security.web.FilterChainProxy - Securing GET /rewards/list
2026-06-16 10:23:04 [http-nio-8080-exec-4] DEBUG org.springframework.security.web.FilterChainProxy - Secured GET /rewards/list
2026-06-16 10:23:04 [http-nio-8080-exec-4] INFO  com.training.mts.aop.LoggingAspect - Entering method: RewardServiceImpl.getUserScratchCards(..) with arguments: [User{id=1, name='Hari', vpa=com.training.mts.model.VPA@eb50ef2}]
2026-06-16 10:23:04 [http-nio-8080-exec-4] INFO  com.training.mts.aop.LoggingAspect - Method executed successfully: RewardServiceImpl.getUserScratchCards(..) | Returned: [com.training.mts.model.ScratchCard@11316f88]
2026-06-16 10:23:22 [http-nio-8080-exec-5] DEBUG org.springframework.security.web.FilterChainProxy - Securing OPTIONS /rewards/scratch/1
2026-06-16 10:23:22 [http-nio-8080-exec-6] DEBUG org.springframework.security.web.FilterChainProxy - Securing POST /rewards/scratch/1
2026-06-16 10:23:22 [http-nio-8080-exec-6] DEBUG org.springframework.security.web.FilterChainProxy - Secured POST /rewards/scratch/1
2026-06-16 10:23:22 [http-nio-8080-exec-6] INFO  com.training.mts.aop.LoggingAspect - Entering method: RewardServiceImpl.scratchCard(..) with arguments: [1, User{id=1, name='Hari', vpa=com.training.mts.model.VPA@28ea4ead}]
2026-06-16 10:23:22 [http-nio-8080-exec-6] INFO  com.training.mts.aop.LoggingAspect - Method executed successfully: RewardServiceImpl.scratchCard(..) | Returned: com.training.mts.model.ScratchCard@2040fbcc
2026-06-16 10:43:55 [http-nio-8080-exec-8] DEBUG org.springframework.security.web.FilterChainProxy - Securing OPTIONS /rewards/status
2026-06-16 10:43:55 [http-nio-8080-exec-9] DEBUG org.springframework.security.web.FilterChainProxy - Securing GET /rewards/status
2026-06-16 10:43:56 [http-nio-8080-exec-9] DEBUG org.springframework.security.web.FilterChainProxy - Secured GET /rewards/status
2026-06-16 10:43:56 [http-nio-8080-exec-10] DEBUG org.springframework.security.web.FilterChainProxy - Securing OPTIONS /rewards/list
2026-06-16 10:43:56 [http-nio-8080-exec-1] DEBUG org.springframework.security.web.FilterChainProxy - Securing GET /rewards/list
2026-06-16 10:44:07 [http-nio-8080-exec-2] DEBUG org.springframework.security.web.FilterChainProxy - Securing OPTIONS /transactions/gettranslog?vpaId=hari2390901@mts
2026-06-16 10:44:07 [http-nio-8080-exec-1] DEBUG org.springframework.security.web.FilterChainProxy - Secured GET /rewards/list
2026-06-16 10:44:07 [http-nio-8080-exec-3] DEBUG org.springframework.security.web.FilterChainProxy - Securing GET /transactions/gettranslog?vpaId=hari2390901@mts
2026-06-16 10:44:07 [http-nio-8080-exec-1] INFO  com.training.mts.aop.LoggingAspect - Entering method: RewardServiceImpl.getUserScratchCards(..) with arguments: [User{id=1, name='Hari', vpa=com.training.mts.model.VPA@f8b958a}]
2026-06-16 10:44:07 [http-nio-8080-exec-1] INFO  com.training.mts.aop.LoggingAspect - Method executed successfully: RewardServiceImpl.getUserScratchCards(..) | Returned: [com.training.mts.model.ScratchCard@e24354b]
2026-06-16 10:44:07 [http-nio-8080-exec-3] DEBUG org.springframework.security.web.FilterChainProxy - Secured GET /transactions/gettranslog?vpaId=hari2390901@mts
2026-06-16 10:44:07 [http-nio-8080-exec-3] INFO  com.training.mts.aop.LoggingAspect - Entering method: TransactionServiceImpl.getTransactionHistory(..) with arguments: [hari2390901@mts]
2026-06-16 10:44:07 [http-nio-8080-exec-3] INFO  com.training.mts.aop.LoggingAspect - Method executed successfully: TransactionServiceImpl.getTransactionHistory(..) | Returned: com.training.mts.dto.TransactionHistoryResponse@520a3889
2026-06-16 10:44:11 [http-nio-8080-exec-4] DEBUG org.springframework.security.web.FilterChainProxy - Securing OPTIONS /users/getbyvpa?vpaId=john1291912@mts
2026-06-16 10:44:11 [http-nio-8080-exec-5] DEBUG org.springframework.security.web.FilterChainProxy - Securing GET /users/getbyvpa?vpaId=john1291912@mts
2026-06-16 10:44:11 [http-nio-8080-exec-5] DEBUG org.springframework.security.web.FilterChainProxy - Secured GET /users/getbyvpa?vpaId=john1291912@mts
2026-06-16 10:44:11 [http-nio-8080-exec-5] DEBUG org.springframework.security.web.FilterChainProxy - Securing GET /error?vpaId=john1291912@mts
2026-06-16 10:44:11 [http-nio-8080-exec-5] DEBUG org.springframework.security.web.authentication.AnonymousAuthenticationFilter - Set SecurityContextHolder to anonymous SecurityContext
2026-06-16 10:44:11 [http-nio-8080-exec-5] DEBUG org.springframework.security.web.authentication.Http403ForbiddenEntryPoint - Pre-authenticated entry point called. Rejecting access
2026-06-16 10:44:14 [http-nio-8080-exec-6] DEBUG org.springframework.security.web.FilterChainProxy - Securing OPTIONS /rewards/status
2026-06-16 10:44:14 [http-nio-8080-exec-7] DEBUG org.springframework.security.web.FilterChainProxy - Securing GET /rewards/status
2026-06-16 10:44:14 [http-nio-8080-exec-7] DEBUG org.springframework.security.web.FilterChainProxy - Secured GET /rewards/status
2026-06-16 10:44:14 [http-nio-8080-exec-8] DEBUG org.springframework.security.web.FilterChainProxy - Securing OPTIONS /rewards/list
2026-06-16 10:44:14 [http-nio-8080-exec-9] DEBUG org.springframework.security.web.FilterChainProxy - Securing GET /rewards/list
2026-06-16 10:44:14 [http-nio-8080-exec-9] DEBUG org.springframework.security.web.FilterChainProxy - Secured GET /rewards/list
2026-06-16 10:44:14 [http-nio-8080-exec-9] INFO  com.training.mts.aop.LoggingAspect - Entering method: RewardServiceImpl.getUserScratchCards(..) with arguments: [User{id=1, name='Hari', vpa=com.training.mts.model.VPA@55b15a81}]
2026-06-16 10:44:14 [http-nio-8080-exec-9] INFO  com.training.mts.aop.LoggingAspect - Method executed successfully: RewardServiceImpl.getUserScratchCards(..) | Returned: [com.training.mts.model.ScratchCard@4c332974]
2026-06-16 11:06:52 [HikariPool-1:housekeeper] WARN  com.zaxxer.hikari.pool.HikariPool - HikariPool-1 - Thread starvation or clock leap detected (housekeeper delta=3m7s408ms851µs).
2026-06-16 11:06:53 [http-nio-8080-exec-1] DEBUG org.springframework.security.web.FilterChainProxy - Securing OPTIONS /rewards/status
2026-06-16 11:06:53 [http-nio-8080-exec-3] DEBUG org.springframework.security.web.FilterChainProxy - Securing GET /rewards/status
2026-06-16 11:06:53 [http-nio-8080-exec-3] DEBUG org.springframework.security.web.FilterChainProxy - Secured GET /rewards/status
2026-06-16 11:06:53 [http-nio-8080-exec-4] DEBUG org.springframework.security.web.FilterChainProxy - Securing OPTIONS /rewards/list
2026-06-16 11:06:53 [http-nio-8080-exec-5] DEBUG org.springframework.security.web.FilterChainProxy - Securing GET /rewards/list
2026-06-16 11:06:53 [http-nio-8080-exec-5] DEBUG org.springframework.security.web.FilterChainProxy - Secured GET /rewards/list
2026-06-16 11:06:53 [http-nio-8080-exec-5] INFO  com.training.mts.aop.LoggingAspect - Entering method: RewardServiceImpl.getUserScratchCards(..) with arguments: [User{id=1, name='Hari', vpa=com.training.mts.model.VPA@3f583c12}]
2026-06-16 11:06:53 [http-nio-8080-exec-5] INFO  com.training.mts.aop.LoggingAspect - Method executed successfully: RewardServiceImpl.getUserScratchCards(..) | Returned: [com.training.mts.model.ScratchCard@237df343]
2026-06-16 11:16:05 [http-nio-8080-exec-7] DEBUG org.springframework.security.web.FilterChainProxy - Securing OPTIONS /rewards/status
2026-06-16 11:16:05 [http-nio-8080-exec-8] DEBUG org.springframework.security.web.FilterChainProxy - Securing GET /rewards/status
2026-06-16 11:16:05 [http-nio-8080-exec-8] DEBUG org.springframework.security.web.FilterChainProxy - Secured GET /rewards/status
2026-06-16 11:16:05 [http-nio-8080-exec-9] DEBUG org.springframework.security.web.FilterChainProxy - Securing OPTIONS /rewards/list
2026-06-16 11:16:05 [http-nio-8080-exec-10] DEBUG org.springframework.security.web.FilterChainProxy - Securing GET /rewards/list
2026-06-16 11:16:05 [http-nio-8080-exec-10] DEBUG org.springframework.security.web.FilterChainProxy - Secured GET /rewards/list
2026-06-16 11:16:05 [http-nio-8080-exec-10] INFO  com.training.mts.aop.LoggingAspect - Entering method: RewardServiceImpl.getUserScratchCards(..) with arguments: [User{id=1, name='Hari', vpa=com.training.mts.model.VPA@1ee1449e}]
2026-06-16 11:16:05 [http-nio-8080-exec-10] INFO  com.training.mts.aop.LoggingAspect - Method executed successfully: RewardServiceImpl.getUserScratchCards(..) | Returned: [com.training.mts.model.ScratchCard@1adc255e]
2026-06-16 11:16:10 [http-nio-8080-exec-2] DEBUG org.springframework.security.web.FilterChainProxy - Securing OPTIONS /transactions/gettranslog?vpaId=hari2390901@mts
2026-06-16 11:16:10 [http-nio-8080-exec-1] DEBUG org.springframework.security.web.FilterChainProxy - Securing GET /transactions/gettranslog?vpaId=hari2390901@mts
2026-06-16 11:16:10 [http-nio-8080-exec-1] DEBUG org.springframework.security.web.FilterChainProxy - Secured GET /transactions/gettranslog?vpaId=hari2390901@mts
2026-06-16 11:16:10 [http-nio-8080-exec-1] INFO  com.training.mts.aop.LoggingAspect - Entering method: TransactionServiceImpl.getTransactionHistory(..) with arguments: [hari2390901@mts]
2026-06-16 11:16:10 [http-nio-8080-exec-1] INFO  com.training.mts.aop.LoggingAspect - Method executed successfully: TransactionServiceImpl.getTransactionHistory(..) | Returned: com.training.mts.dto.TransactionHistoryResponse@1f0d4857
2026-06-16 11:16:10 [http-nio-8080-exec-3] DEBUG org.springframework.security.web.FilterChainProxy - Securing OPTIONS /users/getbyvpa?vpaId=john1291912@mts
2026-06-16 11:16:10 [http-nio-8080-exec-4] DEBUG org.springframework.security.web.FilterChainProxy - Securing GET /users/getbyvpa?vpaId=john1291912@mts
2026-06-16 11:16:10 [http-nio-8080-exec-4] DEBUG org.springframework.security.web.FilterChainProxy - Secured GET /users/getbyvpa?vpaId=john1291912@mts
2026-06-16 11:16:10 [http-nio-8080-exec-4] DEBUG org.springframework.security.web.FilterChainProxy - Securing GET /error?vpaId=john1291912@mts
2026-06-16 11:16:10 [http-nio-8080-exec-4] DEBUG org.springframework.security.web.authentication.AnonymousAuthenticationFilter - Set SecurityContextHolder to anonymous SecurityContext
2026-06-16 11:16:10 [http-nio-8080-exec-4] DEBUG org.springframework.security.web.authentication.Http403ForbiddenEntryPoint - Pre-authenticated entry point called. Rejecting access
2026-06-16 11:16:25 [http-nio-8080-exec-5] DEBUG org.springframework.security.web.FilterChainProxy - Securing OPTIONS /transactions/gettranslog?vpaId=hari2390901@mts
2026-06-16 11:16:25 [http-nio-8080-exec-6] DEBUG org.springframework.security.web.FilterChainProxy - Securing GET /transactions/gettranslog?vpaId=hari2390901@mts
2026-06-16 11:16:25 [http-nio-8080-exec-6] DEBUG org.springframework.security.web.FilterChainProxy - Secured GET /transactions/gettranslog?vpaId=hari2390901@mts
2026-06-16 11:16:25 [http-nio-8080-exec-6] INFO  com.training.mts.aop.LoggingAspect - Entering method: TransactionServiceImpl.getTransactionHistory(..) with arguments: [hari2390901@mts]
2026-06-16 11:16:25 [http-nio-8080-exec-6] INFO  com.training.mts.aop.LoggingAspect - Method executed successfully: TransactionServiceImpl.getTransactionHistory(..) | Returned: com.training.mts.dto.TransactionHistoryResponse@1beb83b
2026-06-16 11:16:25 [http-nio-8080-exec-7] DEBUG org.springframework.security.web.FilterChainProxy - Securing OPTIONS /users/getbyvpa?vpaId=john1291912@mts
2026-06-16 11:16:25 [http-nio-8080-exec-8] DEBUG org.springframework.security.web.FilterChainProxy - Securing GET /users/getbyvpa?vpaId=john1291912@mts
2026-06-16 11:16:25 [http-nio-8080-exec-8] DEBUG org.springframework.security.web.FilterChainProxy - Secured GET /users/getbyvpa?vpaId=john1291912@mts
2026-06-16 11:16:25 [http-nio-8080-exec-8] DEBUG org.springframework.security.web.FilterChainProxy - Securing GET /error?vpaId=john1291912@mts
2026-06-16 11:16:25 [http-nio-8080-exec-8] DEBUG org.springframework.security.web.authentication.AnonymousAuthenticationFilter - Set SecurityContextHolder to anonymous SecurityContext
2026-06-16 11:16:25 [http-nio-8080-exec-8] DEBUG org.springframework.security.web.authentication.Http403ForbiddenEntryPoint - Pre-authenticated entry point called. Rejecting access
2026-06-16 11:16:46 [http-nio-8080-exec-9] DEBUG org.springframework.security.web.FilterChainProxy - Securing OPTIONS /users/getusers
2026-06-16 11:16:46 [http-nio-8080-exec-10] DEBUG org.springframework.security.web.FilterChainProxy - Securing GET /users/getusers
2026-06-16 11:16:46 [http-nio-8080-exec-10] DEBUG org.springframework.security.web.FilterChainProxy - Secured GET /users/getusers
2026-06-16 11:16:46 [http-nio-8080-exec-10] INFO  com.training.mts.aop.LoggingAspect - Entering method: UserServiceImpl.getAllUsers() with arguments: []
2026-06-16 11:16:46 [http-nio-8080-exec-10] INFO  com.training.mts.aop.LoggingAspect - Method executed successfully: UserServiceImpl.getAllUsers() | Returned: [com.training.mts.dto.GetAllUsersRequest@55d30fbc, com.training.mts.dto.GetAllUsersRequest@5c6f29cd]
2026-06-16 11:21:39 [http-nio-8080-exec-1] DEBUG org.springframework.security.web.FilterChainProxy - Securing OPTIONS /users/getusers
2026-06-16 11:21:39 [http-nio-8080-exec-3] DEBUG org.springframework.security.web.FilterChainProxy - Securing GET /users/getusers
2026-06-16 11:21:39 [http-nio-8080-exec-3] DEBUG org.springframework.security.web.FilterChainProxy - Secured GET /users/getusers
2026-06-16 11:21:39 [http-nio-8080-exec-3] INFO  com.training.mts.aop.LoggingAspect - Entering method: UserServiceImpl.getAllUsers() with arguments: []
2026-06-16 11:21:39 [http-nio-8080-exec-3] INFO  com.training.mts.aop.LoggingAspect - Method executed successfully: UserServiceImpl.getAllUsers() | Returned: [com.training.mts.dto.GetAllUsersRequest@274b9097, com.training.mts.dto.GetAllUsersRequest@22de567c]
2026-06-16 11:25:55 [http-nio-8080-exec-5] DEBUG org.springframework.security.web.FilterChainProxy - Securing OPTIONS /users/getusers
2026-06-16 11:25:55 [http-nio-8080-exec-6] DEBUG org.springframework.security.web.FilterChainProxy - Securing GET /users/getusers
2026-06-16 11:25:55 [http-nio-8080-exec-6] DEBUG org.springframework.security.web.FilterChainProxy - Secured GET /users/getusers
2026-06-16 11:25:55 [http-nio-8080-exec-6] INFO  com.training.mts.aop.LoggingAspect - Entering method: UserServiceImpl.getAllUsers() with arguments: []
2026-06-16 11:25:55 [http-nio-8080-exec-6] INFO  com.training.mts.aop.LoggingAspect - Method executed successfully: UserServiceImpl.getAllUsers() | Returned: [com.training.mts.dto.GetAllUsersRequest@37a111fd, com.training.mts.dto.GetAllUsersRequest@bd90a80]
2026-06-16 11:26:08 [http-nio-8080-exec-7] DEBUG org.springframework.security.web.FilterChainProxy - Securing OPTIONS /transactions/gettranslog?vpaId=hari2390901@mts
2026-06-16 11:26:08 [http-nio-8080-exec-8] DEBUG org.springframework.security.web.FilterChainProxy - Securing GET /transactions/gettranslog?vpaId=hari2390901@mts
2026-06-16 11:26:08 [http-nio-8080-exec-8] DEBUG org.springframework.security.web.FilterChainProxy - Secured GET /transactions/gettranslog?vpaId=hari2390901@mts
2026-06-16 11:26:08 [http-nio-8080-exec-8] INFO  com.training.mts.aop.LoggingAspect - Entering method: TransactionServiceImpl.getTransactionHistory(..) with arguments: [hari2390901@mts]
2026-06-16 11:26:08 [http-nio-8080-exec-8] INFO  com.training.mts.aop.LoggingAspect - Method executed successfully: TransactionServiceImpl.getTransactionHistory(..) | Returned: com.training.mts.dto.TransactionHistoryResponse@8e66951
2026-06-16 11:26:08 [http-nio-8080-exec-9] DEBUG org.springframework.security.web.FilterChainProxy - Securing OPTIONS /users/getbyvpa?vpaId=john1291912@mts
2026-06-16 11:26:08 [http-nio-8080-exec-10] DEBUG org.springframework.security.web.FilterChainProxy - Securing GET /users/getbyvpa?vpaId=john1291912@mts
2026-06-16 11:26:08 [http-nio-8080-exec-10] DEBUG org.springframework.security.web.FilterChainProxy - Secured GET /users/getbyvpa?vpaId=john1291912@mts
2026-06-16 11:26:08 [http-nio-8080-exec-10] DEBUG org.springframework.security.web.FilterChainProxy - Securing GET /error?vpaId=john1291912@mts
2026-06-16 11:26:08 [http-nio-8080-exec-10] DEBUG org.springframework.security.web.authentication.AnonymousAuthenticationFilter - Set SecurityContextHolder to anonymous SecurityContext
2026-06-16 11:26:08 [http-nio-8080-exec-10] DEBUG org.springframework.security.web.authentication.Http403ForbiddenEntryPoint - Pre-authenticated entry point called. Rejecting access
2026-06-16 11:26:16 [http-nio-8080-exec-2] DEBUG org.springframework.security.web.FilterChainProxy - Securing OPTIONS /users/getbalance?vpaId=hari2390901@mts&password=Barca1
2026-06-16 11:26:16 [http-nio-8080-exec-1] DEBUG org.springframework.security.web.FilterChainProxy - Securing GET /users/getbalance?vpaId=hari2390901@mts&password=Barca1
2026-06-16 11:26:16 [http-nio-8080-exec-1] DEBUG org.springframework.security.web.FilterChainProxy - Secured GET /users/getbalance?vpaId=hari2390901@mts&password=Barca1
2026-06-16 11:26:16 [http-nio-8080-exec-1] INFO  com.training.mts.aop.LoggingAspect - Entering method: UserServiceImpl.getBankBalance(..) with arguments: [hari2390901@mts, Barca1]
2026-06-16 11:26:16 [http-nio-8080-exec-1] INFO  com.training.mts.aop.LoggingAspect - Method executed successfully: UserServiceImpl.getBankBalance(..) | Returned: 50250.0
2026-06-16 11:26:18 [http-nio-8080-exec-3] DEBUG org.springframework.security.web.FilterChainProxy - Securing OPTIONS /transactions/gettranslog?vpaId=hari2390901@mts
2026-06-16 11:26:18 [http-nio-8080-exec-4] DEBUG org.springframework.security.web.FilterChainProxy - Securing GET /transactions/gettranslog?vpaId=hari2390901@mts
2026-06-16 11:26:18 [http-nio-8080-exec-4] DEBUG org.springframework.security.web.FilterChainProxy - Secured GET /transactions/gettranslog?vpaId=hari2390901@mts
2026-06-16 11:26:18 [http-nio-8080-exec-4] INFO  com.training.mts.aop.LoggingAspect - Entering method: TransactionServiceImpl.getTransactionHistory(..) with arguments: [hari2390901@mts]
2026-06-16 11:26:18 [http-nio-8080-exec-4] INFO  com.training.mts.aop.LoggingAspect - Method executed successfully: TransactionServiceImpl.getTransactionHistory(..) | Returned: com.training.mts.dto.TransactionHistoryResponse@3c3a63d
2026-06-16 11:26:18 [http-nio-8080-exec-5] DEBUG org.springframework.security.web.FilterChainProxy - Securing OPTIONS /users/getbyvpa?vpaId=john1291912@mts
2026-06-16 11:26:18 [http-nio-8080-exec-6] DEBUG org.springframework.security.web.FilterChainProxy - Securing GET /users/getbyvpa?vpaId=john1291912@mts
2026-06-16 11:26:18 [http-nio-8080-exec-6] DEBUG org.springframework.security.web.FilterChainProxy - Secured GET /users/getbyvpa?vpaId=john1291912@mts
2026-06-16 11:26:18 [http-nio-8080-exec-6] DEBUG org.springframework.security.web.FilterChainProxy - Securing GET /error?vpaId=john1291912@mts
2026-06-16 11:26:18 [http-nio-8080-exec-6] DEBUG org.springframework.security.web.authentication.AnonymousAuthenticationFilter - Set SecurityContextHolder to anonymous SecurityContext
2026-06-16 11:26:18 [http-nio-8080-exec-6] DEBUG org.springframework.security.web.authentication.Http403ForbiddenEntryPoint - Pre-authenticated entry point called. Rejecting access
2026-06-16 11:26:20 [http-nio-8080-exec-7] DEBUG org.springframework.security.web.FilterChainProxy - Securing OPTIONS /transactions/gettranslog?vpaId=hari2390901@mts
2026-06-16 11:26:20 [http-nio-8080-exec-8] DEBUG org.springframework.security.web.FilterChainProxy - Securing GET /transactions/gettranslog?vpaId=hari2390901@mts
2026-06-16 11:26:20 [http-nio-8080-exec-8] DEBUG org.springframework.security.web.FilterChainProxy - Secured GET /transactions/gettranslog?vpaId=hari2390901@mts
2026-06-16 11:26:20 [http-nio-8080-exec-8] INFO  com.training.mts.aop.LoggingAspect - Entering method: TransactionServiceImpl.getTransactionHistory(..) with arguments: [hari2390901@mts]
2026-06-16 11:26:20 [http-nio-8080-exec-8] INFO  com.training.mts.aop.LoggingAspect - Method executed successfully: TransactionServiceImpl.getTransactionHistory(..) | Returned: com.training.mts.dto.TransactionHistoryResponse@60c35a6b
2026-06-16 11:26:20 [http-nio-8080-exec-9] DEBUG org.springframework.security.web.FilterChainProxy - Securing OPTIONS /users/getbyvpa?vpaId=john1291912@mts
2026-06-16 11:26:20 [http-nio-8080-exec-10] DEBUG org.springframework.security.web.FilterChainProxy - Securing GET /users/getbyvpa?vpaId=john1291912@mts
2026-06-16 11:26:20 [http-nio-8080-exec-10] DEBUG org.springframework.security.web.FilterChainProxy - Secured GET /users/getbyvpa?vpaId=john1291912@mts
2026-06-16 11:26:20 [http-nio-8080-exec-10] DEBUG org.springframework.security.web.FilterChainProxy - Securing GET /error?vpaId=john1291912@mts
2026-06-16 11:26:20 [http-nio-8080-exec-10] DEBUG org.springframework.security.web.authentication.AnonymousAuthenticationFilter - Set SecurityContextHolder to anonymous SecurityContext
2026-06-16 11:26:20 [http-nio-8080-exec-10] DEBUG org.springframework.security.web.authentication.Http403ForbiddenEntryPoint - Pre-authenticated entry point called. Rejecting access
2026-06-16 11:26:20 [http-nio-8080-exec-2] DEBUG org.springframework.security.web.FilterChainProxy - Securing OPTIONS /users/getbyvpa?vpaId=john1291912@mts
2026-06-16 11:26:20 [http-nio-8080-exec-1] DEBUG org.springframework.security.web.FilterChainProxy - Securing GET /users/getbyvpa?vpaId=john1291912@mts
2026-06-16 11:26:20 [http-nio-8080-exec-1] DEBUG org.springframework.security.web.FilterChainProxy - Secured GET /users/getbyvpa?vpaId=john1291912@mts
2026-06-16 11:26:20 [http-nio-8080-exec-1] DEBUG org.springframework.security.web.FilterChainProxy - Securing GET /error?vpaId=john1291912@mts
2026-06-16 11:26:20 [http-nio-8080-exec-1] DEBUG org.springframework.security.web.authentication.AnonymousAuthenticationFilter - Set SecurityContextHolder to anonymous SecurityContext
2026-06-16 11:26:20 [http-nio-8080-exec-1] DEBUG org.springframework.security.web.authentication.Http403ForbiddenEntryPoint - Pre-authenticated entry point called. Rejecting access
2026-06-16 11:26:20 [http-nio-8080-exec-3] DEBUG org.springframework.security.web.FilterChainProxy - Securing OPTIONS /users/getbyvpa?vpaId=john1291912@mts
2026-06-16 11:26:20 [http-nio-8080-exec-4] DEBUG org.springframework.security.web.FilterChainProxy - Securing GET /users/getbyvpa?vpaId=john1291912@mts
2026-06-16 11:26:20 [http-nio-8080-exec-4] DEBUG org.springframework.security.web.FilterChainProxy - Secured GET /users/getbyvpa?vpaId=john1291912@mts
2026-06-16 11:26:20 [http-nio-8080-exec-4] DEBUG org.springframework.security.web.FilterChainProxy - Securing GET /error?vpaId=john1291912@mts
2026-06-16 11:26:20 [http-nio-8080-exec-4] DEBUG org.springframework.security.web.authentication.AnonymousAuthenticationFilter - Set SecurityContextHolder to anonymous SecurityContext
2026-06-16 11:26:20 [http-nio-8080-exec-4] DEBUG org.springframework.security.web.authentication.Http403ForbiddenEntryPoint - Pre-authenticated entry point called. Rejecting access
2026-06-16 11:26:29 [http-nio-8080-exec-5] DEBUG org.springframework.security.web.FilterChainProxy - Securing OPTIONS /rewards/status
2026-06-16 11:26:29 [http-nio-8080-exec-6] DEBUG org.springframework.security.web.FilterChainProxy - Securing GET /rewards/status
2026-06-16 11:26:29 [http-nio-8080-exec-6] DEBUG org.springframework.security.web.FilterChainProxy - Secured GET /rewards/status
2026-06-16 11:26:29 [http-nio-8080-exec-7] DEBUG org.springframework.security.web.FilterChainProxy - Securing OPTIONS /rewards/list
2026-06-16 11:26:29 [http-nio-8080-exec-8] DEBUG org.springframework.security.web.FilterChainProxy - Securing GET /rewards/list
2026-06-16 11:26:29 [http-nio-8080-exec-8] DEBUG org.springframework.security.web.FilterChainProxy - Secured GET /rewards/list
2026-06-16 11:26:29 [http-nio-8080-exec-8] INFO  com.training.mts.aop.LoggingAspect - Entering method: RewardServiceImpl.getUserScratchCards(..) with arguments: [User{id=1, name='Hari', vpa=com.training.mts.model.VPA@5ebad6f2}]
2026-06-16 11:26:29 [http-nio-8080-exec-8] INFO  com.training.mts.aop.LoggingAspect - Method executed successfully: RewardServiceImpl.getUserScratchCards(..) | Returned: [com.training.mts.model.ScratchCard@1f985aaa]
2026-06-16 11:26:36 [http-nio-8080-exec-9] DEBUG org.springframework.security.web.FilterChainProxy - Securing OPTIONS /transactions/gettranslog?vpaId=hari2390901@mts
2026-06-16 11:26:36 [http-nio-8080-exec-10] DEBUG org.springframework.security.web.FilterChainProxy - Securing GET /transactions/gettranslog?vpaId=hari2390901@mts
2026-06-16 11:26:36 [http-nio-8080-exec-10] DEBUG org.springframework.security.web.FilterChainProxy - Secured GET /transactions/gettranslog?vpaId=hari2390901@mts
2026-06-16 11:26:36 [http-nio-8080-exec-10] INFO  com.training.mts.aop.LoggingAspect - Entering method: TransactionServiceImpl.getTransactionHistory(..) with arguments: [hari2390901@mts]
2026-06-16 11:26:36 [http-nio-8080-exec-10] INFO  com.training.mts.aop.LoggingAspect - Method executed successfully: TransactionServiceImpl.getTransactionHistory(..) | Returned: com.training.mts.dto.TransactionHistoryResponse@2fad1af6
2026-06-16 11:26:36 [http-nio-8080-exec-2] DEBUG org.springframework.security.web.FilterChainProxy - Securing OPTIONS /users/getbyvpa?vpaId=john1291912@mts
2026-06-16 11:26:36 [http-nio-8080-exec-1] DEBUG org.springframework.security.web.FilterChainProxy - Securing GET /users/getbyvpa?vpaId=john1291912@mts
2026-06-16 11:26:36 [http-nio-8080-exec-1] DEBUG org.springframework.security.web.FilterChainProxy - Secured GET /users/getbyvpa?vpaId=john1291912@mts
2026-06-16 11:26:36 [http-nio-8080-exec-1] DEBUG org.springframework.security.web.FilterChainProxy - Securing GET /error?vpaId=john1291912@mts
2026-06-16 11:26:36 [http-nio-8080-exec-1] DEBUG org.springframework.security.web.authentication.AnonymousAuthenticationFilter - Set SecurityContextHolder to anonymous SecurityContext
2026-06-16 11:26:36 [http-nio-8080-exec-1] DEBUG org.springframework.security.web.authentication.Http403ForbiddenEntryPoint - Pre-authenticated entry point called. Rejecting access
2026-06-16 11:26:51 [http-nio-8080-exec-3] DEBUG org.springframework.security.web.FilterChainProxy - Securing OPTIONS /users/getusers
2026-06-16 11:26:51 [http-nio-8080-exec-4] DEBUG org.springframework.security.web.FilterChainProxy - Securing GET /users/getusers
2026-06-16 11:26:51 [http-nio-8080-exec-4] DEBUG org.springframework.security.web.FilterChainProxy - Secured GET /users/getusers
2026-06-16 11:26:51 [http-nio-8080-exec-4] INFO  com.training.mts.aop.LoggingAspect - Entering method: UserServiceImpl.getAllUsers() with arguments: []
2026-06-16 11:26:51 [http-nio-8080-exec-4] INFO  com.training.mts.aop.LoggingAspect - Method executed successfully: UserServiceImpl.getAllUsers() | Returned: [com.training.mts.dto.GetAllUsersRequest@4a33d560, com.training.mts.dto.GetAllUsersRequest@2fa0359e]
2026-06-16 11:30:10 [http-nio-8080-exec-6] DEBUG org.springframework.security.web.FilterChainProxy - Securing OPTIONS /users/getusers
2026-06-16 11:30:10 [http-nio-8080-exec-7] DEBUG org.springframework.security.web.FilterChainProxy - Securing GET /users/getusers
2026-06-16 11:30:10 [http-nio-8080-exec-7] DEBUG org.springframework.security.web.FilterChainProxy - Secured GET /users/getusers
2026-06-16 11:30:10 [http-nio-8080-exec-7] INFO  com.training.mts.aop.LoggingAspect - Entering method: UserServiceImpl.getAllUsers() with arguments: []
2026-06-16 11:30:10 [http-nio-8080-exec-7] INFO  com.training.mts.aop.LoggingAspect - Method executed successfully: UserServiceImpl.getAllUsers() | Returned: [com.training.mts.dto.GetAllUsersRequest@494f9fec, com.training.mts.dto.GetAllUsersRequest@72d320f7]
2026-06-16 11:30:42 [http-nio-8080-exec-8] DEBUG org.springframework.security.web.FilterChainProxy - Securing OPTIONS /auth/login
2026-06-16 11:30:42 [http-nio-8080-exec-9] DEBUG org.springframework.security.web.FilterChainProxy - Securing POST /auth/login
2026-06-16 11:30:42 [http-nio-8080-exec-9] DEBUG org.springframework.security.web.authentication.AnonymousAuthenticationFilter - Set SecurityContextHolder to anonymous SecurityContext
2026-06-16 11:30:42 [http-nio-8080-exec-9] DEBUG org.springframework.security.web.FilterChainProxy - Secured POST /auth/login
2026-06-16 11:30:42 [http-nio-8080-exec-9] DEBUG org.springframework.security.authentication.dao.DaoAuthenticationProvider - Authenticated user
2026-06-16 11:30:42 [http-nio-8080-exec-10] DEBUG org.springframework.security.web.FilterChainProxy - Securing OPTIONS /users/findByPhone?phoneNumber=9191919191
2026-06-16 11:30:42 [http-nio-8080-exec-2] DEBUG org.springframework.security.web.FilterChainProxy - Securing GET /users/findByPhone?phoneNumber=9191919191
2026-06-16 11:30:42 [http-nio-8080-exec-2] DEBUG org.springframework.security.web.FilterChainProxy - Secured GET /users/findByPhone?phoneNumber=9191919191
2026-06-16 11:30:42 [http-nio-8080-exec-2] INFO  com.training.mts.aop.LoggingAspect - Entering method: UserServiceImpl.getUserByPhoneNumber(..) with arguments: [9191919191]
2026-06-16 11:30:43 [http-nio-8080-exec-2] INFO  com.training.mts.aop.LoggingAspect - Method executed successfully: UserServiceImpl.getUserByPhoneNumber(..) | Returned: User{id=2, name='John', vpa=com.training.mts.model.VPA@2dc4c78}
2026-06-16 11:30:43 [http-nio-8080-exec-1] DEBUG org.springframework.security.web.FilterChainProxy - Securing OPTIONS /transactions/gettranslog?vpaId=john1291912@mts
2026-06-16 11:30:43 [http-nio-8080-exec-3] DEBUG org.springframework.security.web.FilterChainProxy - Securing GET /transactions/gettranslog?vpaId=john1291912@mts
2026-06-16 11:30:43 [http-nio-8080-exec-3] DEBUG org.springframework.security.web.FilterChainProxy - Secured GET /transactions/gettranslog?vpaId=john1291912@mts
2026-06-16 11:30:43 [http-nio-8080-exec-3] INFO  com.training.mts.aop.LoggingAspect - Entering method: TransactionServiceImpl.getTransactionHistory(..) with arguments: [john1291912@mts]
2026-06-16 11:30:43 [http-nio-8080-exec-3] INFO  com.training.mts.aop.LoggingAspect - Method executed successfully: TransactionServiceImpl.getTransactionHistory(..) | Returned: com.training.mts.dto.TransactionHistoryResponse@4dc74a0e
2026-06-16 11:30:43 [http-nio-8080-exec-4] DEBUG org.springframework.security.web.FilterChainProxy - Securing OPTIONS /users/getbyvpa?vpaId=hari2390901@mts
2026-06-16 11:30:43 [http-nio-8080-exec-5] DEBUG org.springframework.security.web.FilterChainProxy - Securing GET /users/getbyvpa?vpaId=hari2390901@mts
2026-06-16 11:30:43 [http-nio-8080-exec-5] DEBUG org.springframework.security.web.FilterChainProxy - Secured GET /users/getbyvpa?vpaId=hari2390901@mts
2026-06-16 11:30:43 [http-nio-8080-exec-5] DEBUG org.springframework.security.web.FilterChainProxy - Securing GET /error?vpaId=hari2390901@mts
2026-06-16 11:30:43 [http-nio-8080-exec-5] DEBUG org.springframework.security.web.authentication.AnonymousAuthenticationFilter - Set SecurityContextHolder to anonymous SecurityContext
2026-06-16 11:30:43 [http-nio-8080-exec-5] DEBUG org.springframework.security.web.authentication.Http403ForbiddenEntryPoint - Pre-authenticated entry point called. Rejecting access
2026-06-16 11:30:44 [http-nio-8080-exec-6] DEBUG org.springframework.security.web.FilterChainProxy - Securing OPTIONS /rewards/status
2026-06-16 11:30:45 [http-nio-8080-exec-7] DEBUG org.springframework.security.web.FilterChainProxy - Securing GET /rewards/status
2026-06-16 11:30:45 [http-nio-8080-exec-7] DEBUG org.springframework.security.web.FilterChainProxy - Secured GET /rewards/status
2026-06-16 11:30:45 [http-nio-8080-exec-8] DEBUG org.springframework.security.web.FilterChainProxy - Securing OPTIONS /rewards/list
2026-06-16 11:30:45 [http-nio-8080-exec-9] DEBUG org.springframework.security.web.FilterChainProxy - Securing GET /rewards/list
2026-06-16 11:30:45 [http-nio-8080-exec-9] DEBUG org.springframework.security.web.FilterChainProxy - Secured GET /rewards/list
2026-06-16 11:30:45 [http-nio-8080-exec-9] INFO  com.training.mts.aop.LoggingAspect - Entering method: RewardServiceImpl.getUserScratchCards(..) with arguments: [User{id=2, name='John', vpa=com.training.mts.model.VPA@1824edd3}]
2026-06-16 11:30:45 [http-nio-8080-exec-9] INFO  com.training.mts.aop.LoggingAspect - Method executed successfully: RewardServiceImpl.getUserScratchCards(..) | Returned: []
2026-06-16 11:30:48 [http-nio-8080-exec-10] DEBUG org.springframework.security.web.FilterChainProxy - Securing OPTIONS /transactions/gettranslog?vpaId=john1291912@mts
2026-06-16 11:30:48 [http-nio-8080-exec-2] DEBUG org.springframework.security.web.FilterChainProxy - Securing GET /transactions/gettranslog?vpaId=john1291912@mts
2026-06-16 11:30:48 [http-nio-8080-exec-2] DEBUG org.springframework.security.web.FilterChainProxy - Secured GET /transactions/gettranslog?vpaId=john1291912@mts
2026-06-16 11:30:48 [http-nio-8080-exec-2] INFO  com.training.mts.aop.LoggingAspect - Entering method: TransactionServiceImpl.getTransactionHistory(..) with arguments: [john1291912@mts]
2026-06-16 11:30:48 [http-nio-8080-exec-2] INFO  com.training.mts.aop.LoggingAspect - Method executed successfully: TransactionServiceImpl.getTransactionHistory(..) | Returned: com.training.mts.dto.TransactionHistoryResponse@565b913b
2026-06-16 11:30:48 [http-nio-8080-exec-1] DEBUG org.springframework.security.web.FilterChainProxy - Securing OPTIONS /users/getbyvpa?vpaId=hari2390901@mts
2026-06-16 11:30:48 [http-nio-8080-exec-3] DEBUG org.springframework.security.web.FilterChainProxy - Securing GET /users/getbyvpa?vpaId=hari2390901@mts
2026-06-16 11:30:48 [http-nio-8080-exec-3] DEBUG org.springframework.security.web.FilterChainProxy - Secured GET /users/getbyvpa?vpaId=hari2390901@mts
2026-06-16 11:30:48 [http-nio-8080-exec-3] DEBUG org.springframework.security.web.FilterChainProxy - Securing GET /error?vpaId=hari2390901@mts
2026-06-16 11:30:48 [http-nio-8080-exec-3] DEBUG org.springframework.security.web.authentication.AnonymousAuthenticationFilter - Set SecurityContextHolder to anonymous SecurityContext
2026-06-16 11:30:48 [http-nio-8080-exec-3] DEBUG org.springframework.security.web.authentication.Http403ForbiddenEntryPoint - Pre-authenticated entry point called. Rejecting access
2026-06-16 11:30:49 [http-nio-8080-exec-4] DEBUG org.springframework.security.web.FilterChainProxy - Securing OPTIONS /users/getusers
2026-06-16 11:30:49 [http-nio-8080-exec-5] DEBUG org.springframework.security.web.FilterChainProxy - Securing GET /users/getusers
2026-06-16 11:30:49 [http-nio-8080-exec-5] DEBUG org.springframework.security.web.FilterChainProxy - Secured GET /users/getusers
2026-06-16 11:30:49 [http-nio-8080-exec-5] INFO  com.training.mts.aop.LoggingAspect - Entering method: UserServiceImpl.getAllUsers() with arguments: []
2026-06-16 11:30:49 [http-nio-8080-exec-5] INFO  com.training.mts.aop.LoggingAspect - Method executed successfully: UserServiceImpl.getAllUsers() | Returned: [com.training.mts.dto.GetAllUsersRequest@641f71be, com.training.mts.dto.GetAllUsersRequest@5ae09076]
2026-06-16 11:35:53 [http-nio-8080-exec-7] DEBUG org.springframework.security.web.FilterChainProxy - Securing OPTIONS /users/getusers
2026-06-16 11:35:53 [http-nio-8080-exec-8] DEBUG org.springframework.security.web.FilterChainProxy - Securing GET /users/getusers
2026-06-16 11:35:53 [http-nio-8080-exec-8] DEBUG org.springframework.security.web.FilterChainProxy - Secured GET /users/getusers
2026-06-16 11:35:53 [http-nio-8080-exec-8] INFO  com.training.mts.aop.LoggingAspect - Entering method: UserServiceImpl.getAllUsers() with arguments: []
2026-06-16 11:35:53 [http-nio-8080-exec-8] INFO  com.training.mts.aop.LoggingAspect - Method executed successfully: UserServiceImpl.getAllUsers() | Returned: [com.training.mts.dto.GetAllUsersRequest@414d2e4d, com.training.mts.dto.GetAllUsersRequest@4b0a228b]
2026-06-16 11:38:29 [http-nio-8080-exec-10] DEBUG org.springframework.security.web.FilterChainProxy - Securing OPTIONS /transactions/gettranslog?vpaId=john1291912@mts
2026-06-16 11:38:29 [http-nio-8080-exec-2] DEBUG org.springframework.security.web.FilterChainProxy - Securing GET /transactions/gettranslog?vpaId=john1291912@mts
2026-06-16 11:38:29 [http-nio-8080-exec-2] DEBUG org.springframework.security.web.FilterChainProxy - Secured GET /transactions/gettranslog?vpaId=john1291912@mts
2026-06-16 11:38:29 [http-nio-8080-exec-2] INFO  com.training.mts.aop.LoggingAspect - Entering method: TransactionServiceImpl.getTransactionHistory(..) with arguments: [john1291912@mts]
2026-06-16 11:38:29 [http-nio-8080-exec-2] INFO  com.training.mts.aop.LoggingAspect - Method executed successfully: TransactionServiceImpl.getTransactionHistory(..) | Returned: com.training.mts.dto.TransactionHistoryResponse@21ffd4e4
2026-06-16 11:38:29 [http-nio-8080-exec-1] DEBUG org.springframework.security.web.FilterChainProxy - Securing OPTIONS /users/getbyvpa?vpaId=hari2390901@mts
2026-06-16 11:38:29 [http-nio-8080-exec-3] DEBUG org.springframework.security.web.FilterChainProxy - Securing GET /users/getbyvpa?vpaId=hari2390901@mts
2026-06-16 11:38:29 [http-nio-8080-exec-3] DEBUG org.springframework.security.web.FilterChainProxy - Secured GET /users/getbyvpa?vpaId=hari2390901@mts
2026-06-16 11:38:29 [http-nio-8080-exec-3] DEBUG org.springframework.security.web.FilterChainProxy - Securing GET /error?vpaId=hari2390901@mts
2026-06-16 11:38:29 [http-nio-8080-exec-3] DEBUG org.springframework.security.web.authentication.AnonymousAuthenticationFilter - Set SecurityContextHolder to anonymous SecurityContext
2026-06-16 11:38:29 [http-nio-8080-exec-3] DEBUG org.springframework.security.web.authentication.Http403ForbiddenEntryPoint - Pre-authenticated entry point called. Rejecting access
2026-06-16 11:38:30 [http-nio-8080-exec-4] DEBUG org.springframework.security.web.FilterChainProxy - Securing OPTIONS /users/getusers
2026-06-16 11:38:30 [http-nio-8080-exec-5] DEBUG org.springframework.security.web.FilterChainProxy - Securing GET /users/getusers
2026-06-16 11:38:30 [http-nio-8080-exec-5] DEBUG org.springframework.security.web.FilterChainProxy - Secured GET /users/getusers
2026-06-16 11:38:30 [http-nio-8080-exec-5] INFO  com.training.mts.aop.LoggingAspect - Entering method: UserServiceImpl.getAllUsers() with arguments: []
2026-06-16 11:38:30 [http-nio-8080-exec-5] INFO  com.training.mts.aop.LoggingAspect - Method executed successfully: UserServiceImpl.getAllUsers() | Returned: [com.training.mts.dto.GetAllUsersRequest@72fd6f4c, com.training.mts.dto.GetAllUsersRequest@5fd5ef15]
2026-06-16 11:57:06 [http-nio-8080-exec-7] DEBUG org.springframework.security.web.FilterChainProxy - Securing OPTIONS /users/getusers
2026-06-16 11:57:06 [http-nio-8080-exec-8] DEBUG org.springframework.security.web.FilterChainProxy - Securing GET /users/getusers
2026-06-16 11:57:06 [http-nio-8080-exec-8] DEBUG org.springframework.security.web.FilterChainProxy - Secured GET /users/getusers
2026-06-16 11:57:06 [http-nio-8080-exec-8] INFO  com.training.mts.aop.LoggingAspect - Entering method: UserServiceImpl.getAllUsers() with arguments: []
2026-06-16 11:57:06 [http-nio-8080-exec-8] INFO  com.training.mts.aop.LoggingAspect - Method executed successfully: UserServiceImpl.getAllUsers() | Returned: [com.training.mts.dto.GetAllUsersRequest@3175438f, com.training.mts.dto.GetAllUsersRequest@7136997d]
2026-06-16 12:00:11 [http-nio-8080-exec-10] DEBUG org.springframework.security.web.FilterChainProxy - Securing OPTIONS /users/getusers
2026-06-16 12:00:11 [http-nio-8080-exec-2] DEBUG org.springframework.security.web.FilterChainProxy - Securing GET /users/getusers
2026-06-16 12:00:11 [http-nio-8080-exec-2] DEBUG org.springframework.security.web.FilterChainProxy - Secured GET /users/getusers
2026-06-16 12:00:11 [http-nio-8080-exec-2] INFO  com.training.mts.aop.LoggingAspect - Entering method: UserServiceImpl.getAllUsers() with arguments: []
2026-06-16 12:00:11 [http-nio-8080-exec-2] INFO  com.training.mts.aop.LoggingAspect - Method executed successfully: UserServiceImpl.getAllUsers() | Returned: [com.training.mts.dto.GetAllUsersRequest@4599ac3, com.training.mts.dto.GetAllUsersRequest@633fd5be]
2026-06-16 12:00:36 [http-nio-8080-exec-1] DEBUG org.springframework.security.web.FilterChainProxy - Securing OPTIONS /transactions/gettranslog?vpaId=john1291912@mts
2026-06-16 12:00:36 [http-nio-8080-exec-3] DEBUG org.springframework.security.web.FilterChainProxy - Securing GET /transactions/gettranslog?vpaId=john1291912@mts
2026-06-16 12:00:36 [http-nio-8080-exec-3] DEBUG org.springframework.security.web.FilterChainProxy - Secured GET /transactions/gettranslog?vpaId=john1291912@mts
2026-06-16 12:00:36 [http-nio-8080-exec-3] INFO  com.training.mts.aop.LoggingAspect - Entering method: TransactionServiceImpl.getTransactionHistory(..) with arguments: [john1291912@mts]
2026-06-16 12:00:36 [http-nio-8080-exec-3] INFO  com.training.mts.aop.LoggingAspect - Method executed successfully: TransactionServiceImpl.getTransactionHistory(..) | Returned: com.training.mts.dto.TransactionHistoryResponse@170d21b2
2026-06-16 12:00:36 [http-nio-8080-exec-4] DEBUG org.springframework.security.web.FilterChainProxy - Securing OPTIONS /users/getbyvpa?vpaId=hari2390901@mts
2026-06-16 12:00:36 [http-nio-8080-exec-5] DEBUG org.springframework.security.web.FilterChainProxy - Securing GET /users/getbyvpa?vpaId=hari2390901@mts
2026-06-16 12:00:36 [http-nio-8080-exec-5] DEBUG org.springframework.security.web.FilterChainProxy - Secured GET /users/getbyvpa?vpaId=hari2390901@mts
2026-06-16 12:00:36 [http-nio-8080-exec-5] DEBUG org.springframework.security.web.FilterChainProxy - Securing GET /error?vpaId=hari2390901@mts
2026-06-16 12:00:36 [http-nio-8080-exec-5] DEBUG org.springframework.security.web.authentication.AnonymousAuthenticationFilter - Set SecurityContextHolder to anonymous SecurityContext
2026-06-16 12:00:36 [http-nio-8080-exec-5] DEBUG org.springframework.security.web.authentication.Http403ForbiddenEntryPoint - Pre-authenticated entry point called. Rejecting access
2026-06-16 12:00:37 [http-nio-8080-exec-6] DEBUG org.springframework.security.web.FilterChainProxy - Securing OPTIONS /users/getusers
2026-06-16 12:00:37 [http-nio-8080-exec-7] DEBUG org.springframework.security.web.FilterChainProxy - Securing GET /users/getusers
2026-06-16 12:00:37 [http-nio-8080-exec-7] DEBUG org.springframework.security.web.FilterChainProxy - Secured GET /users/getusers
2026-06-16 12:00:37 [http-nio-8080-exec-7] INFO  com.training.mts.aop.LoggingAspect - Entering method: UserServiceImpl.getAllUsers() with arguments: []
2026-06-16 12:00:37 [http-nio-8080-exec-7] INFO  com.training.mts.aop.LoggingAspect - Method executed successfully: UserServiceImpl.getAllUsers() | Returned: [com.training.mts.dto.GetAllUsersRequest@6bd2751e, com.training.mts.dto.GetAllUsersRequest@1dbb9b2e]
2026-06-16 12:03:44 [http-nio-8080-exec-9] DEBUG org.springframework.security.web.FilterChainProxy - Securing OPTIONS /rewards/status
2026-06-16 12:03:44 [http-nio-8080-exec-10] DEBUG org.springframework.security.web.FilterChainProxy - Securing GET /rewards/status
2026-06-16 12:03:44 [http-nio-8080-exec-10] DEBUG org.springframework.security.web.FilterChainProxy - Secured GET /rewards/status
2026-06-16 12:03:44 [http-nio-8080-exec-2] DEBUG org.springframework.security.web.FilterChainProxy - Securing OPTIONS /rewards/list
2026-06-16 12:03:44 [http-nio-8080-exec-1] DEBUG org.springframework.security.web.FilterChainProxy - Securing GET /rewards/list
2026-06-16 12:03:44 [http-nio-8080-exec-1] DEBUG org.springframework.security.web.FilterChainProxy - Secured GET /rewards/list
2026-06-16 12:03:44 [http-nio-8080-exec-1] INFO  com.training.mts.aop.LoggingAspect - Entering method: RewardServiceImpl.getUserScratchCards(..) with arguments: [User{id=2, name='John', vpa=com.training.mts.model.VPA@22eee8b6}]
2026-06-16 12:03:44 [http-nio-8080-exec-1] INFO  com.training.mts.aop.LoggingAspect - Method executed successfully: RewardServiceImpl.getUserScratchCards(..) | Returned: []
2026-06-16 12:11:54 [http-nio-8080-exec-4] DEBUG org.springframework.security.web.FilterChainProxy - Securing OPTIONS /rewards/status
2026-06-16 12:11:54 [http-nio-8080-exec-5] DEBUG org.springframework.security.web.FilterChainProxy - Securing GET /rewards/status
2026-06-16 12:11:54 [http-nio-8080-exec-5] DEBUG org.springframework.security.web.FilterChainProxy - Secured GET /rewards/status
2026-06-16 12:11:54 [http-nio-8080-exec-6] DEBUG org.springframework.security.web.FilterChainProxy - Securing OPTIONS /rewards/list
2026-06-16 12:11:54 [http-nio-8080-exec-7] DEBUG org.springframework.security.web.FilterChainProxy - Securing GET /rewards/list
2026-06-16 12:11:54 [http-nio-8080-exec-7] DEBUG org.springframework.security.web.FilterChainProxy - Secured GET /rewards/list
2026-06-16 12:11:54 [http-nio-8080-exec-7] INFO  com.training.mts.aop.LoggingAspect - Entering method: RewardServiceImpl.getUserScratchCards(..) with arguments: [User{id=2, name='John', vpa=com.training.mts.model.VPA@4f27a0}]
2026-06-16 12:11:54 [http-nio-8080-exec-7] INFO  com.training.mts.aop.LoggingAspect - Method executed successfully: RewardServiceImpl.getUserScratchCards(..) | Returned: []
2026-06-16 12:13:44 [http-nio-8080-exec-9] DEBUG org.springframework.security.web.FilterChainProxy - Securing OPTIONS /transactions/gettranslog?vpaId=john1291912@mts
2026-06-16 12:13:44 [http-nio-8080-exec-10] DEBUG org.springframework.security.web.FilterChainProxy - Securing GET /transactions/gettranslog?vpaId=john1291912@mts
2026-06-16 12:13:44 [http-nio-8080-exec-10] DEBUG org.springframework.security.web.FilterChainProxy - Secured GET /transactions/gettranslog?vpaId=john1291912@mts
2026-06-16 12:13:44 [http-nio-8080-exec-10] INFO  com.training.mts.aop.LoggingAspect - Entering method: TransactionServiceImpl.getTransactionHistory(..) with arguments: [john1291912@mts]
2026-06-16 12:13:44 [http-nio-8080-exec-10] INFO  com.training.mts.aop.LoggingAspect - Method executed successfully: TransactionServiceImpl.getTransactionHistory(..) | Returned: com.training.mts.dto.TransactionHistoryResponse@6ece6c1a
2026-06-16 12:13:44 [http-nio-8080-exec-2] DEBUG org.springframework.security.web.FilterChainProxy - Securing OPTIONS /users/getbyvpa?vpaId=hari2390901@mts
2026-06-16 12:13:44 [http-nio-8080-exec-1] DEBUG org.springframework.security.web.FilterChainProxy - Securing GET /users/getbyvpa?vpaId=hari2390901@mts
2026-06-16 12:13:44 [http-nio-8080-exec-1] DEBUG org.springframework.security.web.FilterChainProxy - Secured GET /users/getbyvpa?vpaId=hari2390901@mts
2026-06-16 12:13:44 [http-nio-8080-exec-1] DEBUG org.springframework.security.web.FilterChainProxy - Securing GET /error?vpaId=hari2390901@mts
2026-06-16 12:13:44 [http-nio-8080-exec-1] DEBUG org.springframework.security.web.authentication.AnonymousAuthenticationFilter - Set SecurityContextHolder to anonymous SecurityContext
2026-06-16 12:13:44 [http-nio-8080-exec-1] DEBUG org.springframework.security.web.authentication.Http403ForbiddenEntryPoint - Pre-authenticated entry point called. Rejecting access
2026-06-16 12:13:45 [http-nio-8080-exec-3] DEBUG org.springframework.security.web.FilterChainProxy - Securing OPTIONS /users/getusers
2026-06-16 12:13:45 [http-nio-8080-exec-4] DEBUG org.springframework.security.web.FilterChainProxy - Securing GET /users/getusers
2026-06-16 12:13:45 [http-nio-8080-exec-4] DEBUG org.springframework.security.web.FilterChainProxy - Secured GET /users/getusers
2026-06-16 12:13:45 [http-nio-8080-exec-4] INFO  com.training.mts.aop.LoggingAspect - Entering method: UserServiceImpl.getAllUsers() with arguments: []
2026-06-16 12:13:45 [http-nio-8080-exec-4] INFO  com.training.mts.aop.LoggingAspect - Method executed successfully: UserServiceImpl.getAllUsers() | Returned: [com.training.mts.dto.GetAllUsersRequest@c507dd4, com.training.mts.dto.GetAllUsersRequest@1cb74105]
2026-06-16 12:19:38 [http-nio-8080-exec-6] DEBUG org.springframework.security.web.FilterChainProxy - Securing OPTIONS /users/getusers
2026-06-16 12:19:39 [http-nio-8080-exec-7] DEBUG org.springframework.security.web.FilterChainProxy - Securing GET /users/getusers
2026-06-16 12:19:39 [http-nio-8080-exec-7] DEBUG org.springframework.security.web.FilterChainProxy - Secured GET /users/getusers
2026-06-16 12:19:39 [http-nio-8080-exec-7] INFO  com.training.mts.aop.LoggingAspect - Entering method: UserServiceImpl.getAllUsers() with arguments: []
2026-06-16 12:19:39 [http-nio-8080-exec-7] INFO  com.training.mts.aop.LoggingAspect - Method executed successfully: UserServiceImpl.getAllUsers() | Returned: [com.training.mts.dto.GetAllUsersRequest@6b9c68ba, com.training.mts.dto.GetAllUsersRequest@39d0ae5c]
2026-06-16 12:20:07 [http-nio-8080-exec-8] DEBUG org.springframework.security.web.FilterChainProxy - Securing OPTIONS /transactions/gettranslog?vpaId=john1291912@mts
2026-06-16 12:20:07 [http-nio-8080-exec-9] DEBUG org.springframework.security.web.FilterChainProxy - Securing GET /transactions/gettranslog?vpaId=john1291912@mts
2026-06-16 12:20:07 [http-nio-8080-exec-9] DEBUG org.springframework.security.web.FilterChainProxy - Secured GET /transactions/gettranslog?vpaId=john1291912@mts
2026-06-16 12:20:07 [http-nio-8080-exec-9] INFO  com.training.mts.aop.LoggingAspect - Entering method: TransactionServiceImpl.getTransactionHistory(..) with arguments: [john1291912@mts]
2026-06-16 12:20:07 [http-nio-8080-exec-9] INFO  com.training.mts.aop.LoggingAspect - Method executed successfully: TransactionServiceImpl.getTransactionHistory(..) | Returned: com.training.mts.dto.TransactionHistoryResponse@70c82074
2026-06-16 12:20:07 [http-nio-8080-exec-10] DEBUG org.springframework.security.web.FilterChainProxy - Securing OPTIONS /users/getbyvpa?vpaId=hari2390901@mts
2026-06-16 12:20:07 [http-nio-8080-exec-2] DEBUG org.springframework.security.web.FilterChainProxy - Securing GET /users/getbyvpa?vpaId=hari2390901@mts
2026-06-16 12:20:07 [http-nio-8080-exec-2] DEBUG org.springframework.security.web.FilterChainProxy - Secured GET /users/getbyvpa?vpaId=hari2390901@mts
2026-06-16 12:20:07 [http-nio-8080-exec-2] DEBUG org.springframework.security.web.FilterChainProxy - Securing GET /error?vpaId=hari2390901@mts
2026-06-16 12:20:07 [http-nio-8080-exec-2] DEBUG org.springframework.security.web.authentication.AnonymousAuthenticationFilter - Set SecurityContextHolder to anonymous SecurityContext
2026-06-16 12:20:07 [http-nio-8080-exec-2] DEBUG org.springframework.security.web.authentication.Http403ForbiddenEntryPoint - Pre-authenticated entry point called. Rejecting access
2026-06-16 12:20:07 [http-nio-8080-exec-1] DEBUG org.springframework.security.web.FilterChainProxy - Securing OPTIONS /users/getusers
2026-06-16 12:20:07 [http-nio-8080-exec-3] DEBUG org.springframework.security.web.FilterChainProxy - Securing GET /users/getusers
2026-06-16 12:20:08 [http-nio-8080-exec-3] DEBUG org.springframework.security.web.FilterChainProxy - Secured GET /users/getusers
2026-06-16 12:20:08 [http-nio-8080-exec-3] INFO  com.training.mts.aop.LoggingAspect - Entering method: UserServiceImpl.getAllUsers() with arguments: []
2026-06-16 12:20:08 [http-nio-8080-exec-3] INFO  com.training.mts.aop.LoggingAspect - Method executed successfully: UserServiceImpl.getAllUsers() | Returned: [com.training.mts.dto.GetAllUsersRequest@815e1, com.training.mts.dto.GetAllUsersRequest@6eb1320]
2026-06-16 12:22:54 [http-nio-8080-exec-5] DEBUG org.springframework.security.web.FilterChainProxy - Securing OPTIONS /users/getusers
2026-06-16 12:22:54 [http-nio-8080-exec-6] DEBUG org.springframework.security.web.FilterChainProxy - Securing GET /users/getusers
2026-06-16 12:22:54 [http-nio-8080-exec-6] DEBUG org.springframework.security.web.FilterChainProxy - Secured GET /users/getusers
2026-06-16 12:22:54 [http-nio-8080-exec-6] INFO  com.training.mts.aop.LoggingAspect - Entering method: UserServiceImpl.getAllUsers() with arguments: []
2026-06-16 12:22:54 [http-nio-8080-exec-6] INFO  com.training.mts.aop.LoggingAspect - Method executed successfully: UserServiceImpl.getAllUsers() | Returned: [com.training.mts.dto.GetAllUsersRequest@197faf04, com.training.mts.dto.GetAllUsersRequest@467f9e24]
2026-06-16 12:26:11 [http-nio-8080-exec-8] DEBUG org.springframework.security.web.FilterChainProxy - Securing OPTIONS /users/getusers
2026-06-16 12:26:11 [http-nio-8080-exec-9] DEBUG org.springframework.security.web.FilterChainProxy - Securing GET /users/getusers
2026-06-16 12:26:11 [http-nio-8080-exec-9] DEBUG org.springframework.security.web.FilterChainProxy - Secured GET /users/getusers
2026-06-16 12:26:11 [http-nio-8080-exec-9] INFO  com.training.mts.aop.LoggingAspect - Entering method: UserServiceImpl.getAllUsers() with arguments: []
2026-06-16 12:26:11 [http-nio-8080-exec-9] INFO  com.training.mts.aop.LoggingAspect - Method executed successfully: UserServiceImpl.getAllUsers() | Returned: [com.training.mts.dto.GetAllUsersRequest@11345611, com.training.mts.dto.GetAllUsersRequest@1d507f3c]
2026-06-16 12:28:48 [http-nio-8080-exec-2] DEBUG org.springframework.security.web.FilterChainProxy - Securing OPTIONS /users/getusers
2026-06-16 12:28:48 [http-nio-8080-exec-1] DEBUG org.springframework.security.web.FilterChainProxy - Securing GET /users/getusers
2026-06-16 12:28:49 [http-nio-8080-exec-1] DEBUG org.springframework.security.web.FilterChainProxy - Secured GET /users/getusers
2026-06-16 12:28:49 [http-nio-8080-exec-1] INFO  com.training.mts.aop.LoggingAspect - Entering method: UserServiceImpl.getAllUsers() with arguments: []
2026-06-16 12:28:49 [http-nio-8080-exec-1] INFO  com.training.mts.aop.LoggingAspect - Method executed successfully: UserServiceImpl.getAllUsers() | Returned: [com.training.mts.dto.GetAllUsersRequest@64b30618, com.training.mts.dto.GetAllUsersRequest@4535c59e]
2026-06-16 12:31:37 [http-nio-8080-exec-4] DEBUG org.springframework.security.web.FilterChainProxy - Securing OPTIONS /users/getusers
2026-06-16 12:31:37 [http-nio-8080-exec-5] DEBUG org.springframework.security.web.FilterChainProxy - Securing GET /users/getusers
2026-06-16 12:31:37 [http-nio-8080-exec-5] DEBUG org.springframework.security.web.FilterChainProxy - Secured GET /users/getusers
2026-06-16 12:31:37 [http-nio-8080-exec-5] INFO  com.training.mts.aop.LoggingAspect - Entering method: UserServiceImpl.getAllUsers() with arguments: []
2026-06-16 12:31:37 [http-nio-8080-exec-5] INFO  com.training.mts.aop.LoggingAspect - Method executed successfully: UserServiceImpl.getAllUsers() | Returned: [com.training.mts.dto.GetAllUsersRequest@66980c4, com.training.mts.dto.GetAllUsersRequest@4064d192]
2026-06-16 12:34:33 [http-nio-8080-exec-7] DEBUG org.springframework.security.web.FilterChainProxy - Securing OPTIONS /users/getusers
2026-06-16 12:34:33 [http-nio-8080-exec-8] DEBUG org.springframework.security.web.FilterChainProxy - Securing GET /users/getusers
2026-06-16 12:34:33 [http-nio-8080-exec-8] DEBUG org.springframework.security.web.FilterChainProxy - Secured GET /users/getusers
2026-06-16 12:34:33 [http-nio-8080-exec-8] INFO  com.training.mts.aop.LoggingAspect - Entering method: UserServiceImpl.getAllUsers() with arguments: []
2026-06-16 12:34:33 [http-nio-8080-exec-8] INFO  com.training.mts.aop.LoggingAspect - Method executed successfully: UserServiceImpl.getAllUsers() | Returned: [com.training.mts.dto.GetAllUsersRequest@3799f2a0, com.training.mts.dto.GetAllUsersRequest@2e04049a]
2026-06-16 12:40:28 [http-nio-8080-exec-10] DEBUG org.springframework.security.web.FilterChainProxy - Securing OPTIONS /users/getusers
2026-06-16 12:40:28 [http-nio-8080-exec-2] DEBUG org.springframework.security.web.FilterChainProxy - Securing GET /users/getusers
2026-06-16 12:40:28 [http-nio-8080-exec-2] DEBUG org.springframework.security.web.FilterChainProxy - Secured GET /users/getusers
2026-06-16 12:40:28 [http-nio-8080-exec-2] INFO  com.training.mts.aop.LoggingAspect - Entering method: UserServiceImpl.getAllUsers() with arguments: []
2026-06-16 12:40:28 [http-nio-8080-exec-2] INFO  com.training.mts.aop.LoggingAspect - Method executed successfully: UserServiceImpl.getAllUsers() | Returned: [com.training.mts.dto.GetAllUsersRequest@5d4b3bf2, com.training.mts.dto.GetAllUsersRequest@473b3e2]
2026-06-16 12:40:49 [http-nio-8080-exec-1] DEBUG org.springframework.security.web.FilterChainProxy - Securing OPTIONS /transactions/pay
2026-06-16 12:40:49 [http-nio-8080-exec-3] DEBUG org.springframework.security.web.FilterChainProxy - Securing POST /transactions/pay
2026-06-16 12:40:49 [http-nio-8080-exec-3] DEBUG org.springframework.security.web.FilterChainProxy - Secured POST /transactions/pay
2026-06-16 12:40:49 [http-nio-8080-exec-3] INFO  com.training.mts.aop.LoggingAspect - Entering method: TransactionServiceImpl.initiatePayment(..) with arguments: [com.training.mts.dto.TransactionRequest@2fe9babd]
2026-06-16 12:40:49 [http-nio-8080-exec-3] INFO  com.training.mts.aop.LoggingAspect - Entering method: BankAccountServiceImpl.getBankAccount(..) with arguments: [john1291912@mts]
2026-06-16 12:40:49 [http-nio-8080-exec-3] INFO  com.training.mts.aop.LoggingAspect - Method executed successfully: BankAccountServiceImpl.getBankAccount(..) | Returned: com.training.mts.model.BankAccount@1acd2c2a
2026-06-16 12:40:49 [http-nio-8080-exec-3] INFO  com.training.mts.aop.LoggingAspect - Entering method: BankAccountServiceImpl.getBankAccount(..) with arguments: [hari2390901@mts]
2026-06-16 12:40:49 [http-nio-8080-exec-3] INFO  com.training.mts.aop.LoggingAspect - Method executed successfully: BankAccountServiceImpl.getBankAccount(..) | Returned: com.training.mts.model.BankAccount@53350eca
2026-06-16 12:40:49 [http-nio-8080-exec-3] INFO  com.training.mts.aop.LoggingAspect - Entering method: BankAccountServiceImpl.updateBalance(..) with arguments: [com.training.mts.model.BankAccount@1acd2c2a, 14450.0]
2026-06-16 12:40:49 [http-nio-8080-exec-3] INFO  com.training.mts.aop.LoggingAspect - Method executed successfully: BankAccountServiceImpl.updateBalance(..) | Returned: null
2026-06-16 12:40:49 [http-nio-8080-exec-3] INFO  com.training.mts.aop.LoggingAspect - Entering method: BankAccountServiceImpl.updateBalance(..) with arguments: [com.training.mts.model.BankAccount@53350eca, 51250.0]
2026-06-16 12:40:49 [http-nio-8080-exec-3] INFO  com.training.mts.aop.LoggingAspect - Method executed successfully: BankAccountServiceImpl.updateBalance(..) | Returned: null
2026-06-16 12:40:49 [http-nio-8080-exec-3] INFO  com.training.mts.aop.LoggingAspect - Entering method: RewardServiceImpl.awardPointsForTransaction(..) with arguments: [com.training.mts.model.Transaction@1a604aec]
2026-06-16 12:40:49 [http-nio-8080-exec-3] INFO  com.training.mts.aop.LoggingAspect - Method executed successfully: RewardServiceImpl.awardPointsForTransaction(..) | Returned: null
2026-06-16 12:40:49 [http-nio-8080-exec-3] INFO  com.training.mts.aop.LoggingAspect - Method executed successfully: TransactionServiceImpl.initiatePayment(..) | Returned: com.training.mts.dto.TransactionDTO@67817e22
2026-06-16 12:40:49 [http-nio-8080-exec-3] INFO  com.training.mts.aop.LoggingAspect - Entering method: AnalyticsService.triggerSnowflakeSync() with arguments: []
2026-06-16 12:40:53 [http-nio-8080-exec-3] INFO  com.training.mts.aop.LoggingAspect - Method executed successfully: AnalyticsService.triggerSnowflakeSync() | Returned: false
2026-06-16 12:41:01 [http-nio-8080-exec-4] DEBUG org.springframework.security.web.FilterChainProxy - Securing OPTIONS /transactions/gettranslog?vpaId=john1291912@mts
2026-06-16 12:41:01 [http-nio-8080-exec-5] DEBUG org.springframework.security.web.FilterChainProxy - Securing GET /transactions/gettranslog?vpaId=john1291912@mts
2026-06-16 12:41:01 [http-nio-8080-exec-5] DEBUG org.springframework.security.web.FilterChainProxy - Secured GET /transactions/gettranslog?vpaId=john1291912@mts
2026-06-16 12:41:01 [http-nio-8080-exec-5] INFO  com.training.mts.aop.LoggingAspect - Entering method: TransactionServiceImpl.getTransactionHistory(..) with arguments: [john1291912@mts]
2026-06-16 12:41:01 [http-nio-8080-exec-5] INFO  com.training.mts.aop.LoggingAspect - Method executed successfully: TransactionServiceImpl.getTransactionHistory(..) | Returned: com.training.mts.dto.TransactionHistoryResponse@354c3848
2026-06-16 12:41:01 [http-nio-8080-exec-6] DEBUG org.springframework.security.web.FilterChainProxy - Securing OPTIONS /users/getbyvpa?vpaId=hari2390901@mts
2026-06-16 12:41:01 [http-nio-8080-exec-7] DEBUG org.springframework.security.web.FilterChainProxy - Securing GET /users/getbyvpa?vpaId=hari2390901@mts
2026-06-16 12:41:01 [http-nio-8080-exec-7] DEBUG org.springframework.security.web.FilterChainProxy - Secured GET /users/getbyvpa?vpaId=hari2390901@mts
2026-06-16 12:41:01 [http-nio-8080-exec-7] DEBUG org.springframework.security.web.FilterChainProxy - Securing GET /error?vpaId=hari2390901@mts
2026-06-16 12:41:01 [http-nio-8080-exec-7] DEBUG org.springframework.security.web.authentication.AnonymousAuthenticationFilter - Set SecurityContextHolder to anonymous SecurityContext
2026-06-16 12:41:01 [http-nio-8080-exec-7] DEBUG org.springframework.security.web.authentication.Http403ForbiddenEntryPoint - Pre-authenticated entry point called. Rejecting access
2026-06-16 12:41:02 [http-nio-8080-exec-8] DEBUG org.springframework.security.web.FilterChainProxy - Securing OPTIONS /rewards/status
2026-06-16 12:41:02 [http-nio-8080-exec-9] DEBUG org.springframework.security.web.FilterChainProxy - Securing GET /rewards/status
2026-06-16 12:41:02 [http-nio-8080-exec-9] DEBUG org.springframework.security.web.FilterChainProxy - Secured GET /rewards/status
2026-06-16 12:41:02 [http-nio-8080-exec-10] DEBUG org.springframework.security.web.FilterChainProxy - Securing OPTIONS /rewards/list
2026-06-16 12:41:02 [http-nio-8080-exec-2] DEBUG org.springframework.security.web.FilterChainProxy - Securing GET /rewards/list
2026-06-16 12:41:02 [http-nio-8080-exec-2] DEBUG org.springframework.security.web.FilterChainProxy - Secured GET /rewards/list
2026-06-16 12:41:02 [http-nio-8080-exec-2] INFO  com.training.mts.aop.LoggingAspect - Entering method: RewardServiceImpl.getUserScratchCards(..) with arguments: [User{id=2, name='John', vpa=com.training.mts.model.VPA@f4eedaa}]
2026-06-16 12:41:02 [http-nio-8080-exec-2] INFO  com.training.mts.aop.LoggingAspect - Method executed successfully: RewardServiceImpl.getUserScratchCards(..) | Returned: []
2026-06-16 12:41:10 [http-nio-8080-exec-1] DEBUG org.springframework.security.web.FilterChainProxy - Securing OPTIONS /transactions/gettranslog?vpaId=john1291912@mts
2026-06-16 12:41:10 [http-nio-8080-exec-3] DEBUG org.springframework.security.web.FilterChainProxy - Securing GET /transactions/gettranslog?vpaId=john1291912@mts
2026-06-16 12:41:10 [http-nio-8080-exec-3] DEBUG org.springframework.security.web.FilterChainProxy - Secured GET /transactions/gettranslog?vpaId=john1291912@mts
2026-06-16 12:41:10 [http-nio-8080-exec-3] INFO  com.training.mts.aop.LoggingAspect - Entering method: TransactionServiceImpl.getTransactionHistory(..) with arguments: [john1291912@mts]
2026-06-16 12:41:10 [http-nio-8080-exec-3] INFO  com.training.mts.aop.LoggingAspect - Method executed successfully: TransactionServiceImpl.getTransactionHistory(..) | Returned: com.training.mts.dto.TransactionHistoryResponse@5896f823
2026-06-16 12:41:10 [http-nio-8080-exec-4] DEBUG org.springframework.security.web.FilterChainProxy - Securing OPTIONS /users/getbyvpa?vpaId=hari2390901@mts
2026-06-16 12:41:10 [http-nio-8080-exec-5] DEBUG org.springframework.security.web.FilterChainProxy - Securing GET /users/getbyvpa?vpaId=hari2390901@mts
2026-06-16 12:41:10 [http-nio-8080-exec-5] DEBUG org.springframework.security.web.FilterChainProxy - Secured GET /users/getbyvpa?vpaId=hari2390901@mts
2026-06-16 12:41:10 [http-nio-8080-exec-5] DEBUG org.springframework.security.web.FilterChainProxy - Securing GET /error?vpaId=hari2390901@mts
2026-06-16 12:41:10 [http-nio-8080-exec-5] DEBUG org.springframework.security.web.authentication.AnonymousAuthenticationFilter - Set SecurityContextHolder to anonymous SecurityContext
2026-06-16 12:41:10 [http-nio-8080-exec-5] DEBUG org.springframework.security.web.authentication.Http403ForbiddenEntryPoint - Pre-authenticated entry point called. Rejecting access
2026-06-16 12:41:34 [http-nio-8080-exec-6] DEBUG org.springframework.security.web.FilterChainProxy - Securing OPTIONS /users/getusers
2026-06-16 12:41:34 [http-nio-8080-exec-7] DEBUG org.springframework.security.web.FilterChainProxy - Securing GET /users/getusers
2026-06-16 12:41:34 [http-nio-8080-exec-7] DEBUG org.springframework.security.web.FilterChainProxy - Secured GET /users/getusers
2026-06-16 12:41:34 [http-nio-8080-exec-7] INFO  com.training.mts.aop.LoggingAspect - Entering method: UserServiceImpl.getAllUsers() with arguments: []
2026-06-16 12:41:34 [http-nio-8080-exec-7] INFO  com.training.mts.aop.LoggingAspect - Method executed successfully: UserServiceImpl.getAllUsers() | Returned: [com.training.mts.dto.GetAllUsersRequest@37834ed1, com.training.mts.dto.GetAllUsersRequest@4946100c]
2026-06-16 12:41:37 [http-nio-8080-exec-8] DEBUG org.springframework.security.web.FilterChainProxy - Securing OPTIONS /transactions/gettranslog?vpaId=john1291912@mts
2026-06-16 12:41:37 [http-nio-8080-exec-9] DEBUG org.springframework.security.web.FilterChainProxy - Securing GET /transactions/gettranslog?vpaId=john1291912@mts
2026-06-16 12:41:37 [http-nio-8080-exec-9] DEBUG org.springframework.security.web.FilterChainProxy - Secured GET /transactions/gettranslog?vpaId=john1291912@mts
2026-06-16 12:41:37 [http-nio-8080-exec-9] INFO  com.training.mts.aop.LoggingAspect - Entering method: TransactionServiceImpl.getTransactionHistory(..) with arguments: [john1291912@mts]
2026-06-16 12:41:37 [http-nio-8080-exec-9] INFO  com.training.mts.aop.LoggingAspect - Method executed successfully: TransactionServiceImpl.getTransactionHistory(..) | Returned: com.training.mts.dto.TransactionHistoryResponse@686cd069
2026-06-16 12:41:37 [http-nio-8080-exec-10] DEBUG org.springframework.security.web.FilterChainProxy - Securing OPTIONS /users/getbyvpa?vpaId=hari2390901@mts
2026-06-16 12:41:37 [http-nio-8080-exec-2] DEBUG org.springframework.security.web.FilterChainProxy - Securing GET /users/getbyvpa?vpaId=hari2390901@mts
2026-06-16 12:41:37 [http-nio-8080-exec-2] DEBUG org.springframework.security.web.FilterChainProxy - Secured GET /users/getbyvpa?vpaId=hari2390901@mts
2026-06-16 12:41:37 [http-nio-8080-exec-2] DEBUG org.springframework.security.web.FilterChainProxy - Securing GET /error?vpaId=hari2390901@mts
2026-06-16 12:41:37 [http-nio-8080-exec-2] DEBUG org.springframework.security.web.authentication.AnonymousAuthenticationFilter - Set SecurityContextHolder to anonymous SecurityContext
2026-06-16 12:41:37 [http-nio-8080-exec-2] DEBUG org.springframework.security.web.authentication.Http403ForbiddenEntryPoint - Pre-authenticated entry point called. Rejecting access
2026-06-16 12:41:37 [http-nio-8080-exec-1] DEBUG org.springframework.security.web.FilterChainProxy - Securing OPTIONS /transactions/gettranslog?vpaId=john1291912@mts
2026-06-16 12:41:37 [http-nio-8080-exec-3] DEBUG org.springframework.security.web.FilterChainProxy - Securing GET /transactions/gettranslog?vpaId=john1291912@mts
2026-06-16 12:41:37 [http-nio-8080-exec-3] DEBUG org.springframework.security.web.FilterChainProxy - Secured GET /transactions/gettranslog?vpaId=john1291912@mts
2026-06-16 12:41:37 [http-nio-8080-exec-3] INFO  com.training.mts.aop.LoggingAspect - Entering method: TransactionServiceImpl.getTransactionHistory(..) with arguments: [john1291912@mts]
2026-06-16 12:41:37 [http-nio-8080-exec-3] INFO  com.training.mts.aop.LoggingAspect - Method executed successfully: TransactionServiceImpl.getTransactionHistory(..) | Returned: com.training.mts.dto.TransactionHistoryResponse@671b3e26
2026-06-16 12:41:37 [http-nio-8080-exec-4] DEBUG org.springframework.security.web.FilterChainProxy - Securing OPTIONS /users/getbyvpa?vpaId=hari2390901@mts
2026-06-16 12:41:37 [http-nio-8080-exec-5] DEBUG org.springframework.security.web.FilterChainProxy - Securing GET /users/getbyvpa?vpaId=hari2390901@mts
2026-06-16 12:41:37 [http-nio-8080-exec-5] DEBUG org.springframework.security.web.FilterChainProxy - Secured GET /users/getbyvpa?vpaId=hari2390901@mts
2026-06-16 12:41:37 [http-nio-8080-exec-5] DEBUG org.springframework.security.web.FilterChainProxy - Securing GET /error?vpaId=hari2390901@mts
2026-06-16 12:41:37 [http-nio-8080-exec-5] DEBUG org.springframework.security.web.authentication.AnonymousAuthenticationFilter - Set SecurityContextHolder to anonymous SecurityContext
2026-06-16 12:41:37 [http-nio-8080-exec-5] DEBUG org.springframework.security.web.authentication.Http403ForbiddenEntryPoint - Pre-authenticated entry point called. Rejecting access
2026-06-16 12:41:37 [http-nio-8080-exec-6] DEBUG org.springframework.security.web.FilterChainProxy - Securing OPTIONS /users/getbyvpa?vpaId=hari2390901@mts
2026-06-16 12:41:37 [http-nio-8080-exec-7] DEBUG org.springframework.security.web.FilterChainProxy - Securing GET /users/getbyvpa?vpaId=hari2390901@mts
2026-06-16 12:41:37 [http-nio-8080-exec-7] DEBUG org.springframework.security.web.FilterChainProxy - Secured GET /users/getbyvpa?vpaId=hari2390901@mts
2026-06-16 12:41:37 [http-nio-8080-exec-7] DEBUG org.springframework.security.web.FilterChainProxy - Securing GET /error?vpaId=hari2390901@mts
2026-06-16 12:41:37 [http-nio-8080-exec-7] DEBUG org.springframework.security.web.authentication.AnonymousAuthenticationFilter - Set SecurityContextHolder to anonymous SecurityContext
2026-06-16 12:41:37 [http-nio-8080-exec-7] DEBUG org.springframework.security.web.authentication.Http403ForbiddenEntryPoint - Pre-authenticated entry point called. Rejecting access
2026-06-16 12:41:37 [http-nio-8080-exec-8] DEBUG org.springframework.security.web.FilterChainProxy - Securing OPTIONS /users/getbyvpa?vpaId=hari2390901@mts
2026-06-16 12:41:37 [http-nio-8080-exec-9] DEBUG org.springframework.security.web.FilterChainProxy - Securing GET /users/getbyvpa?vpaId=hari2390901@mts
2026-06-16 12:41:37 [http-nio-8080-exec-9] DEBUG org.springframework.security.web.FilterChainProxy - Secured GET /users/getbyvpa?vpaId=hari2390901@mts
2026-06-16 12:41:37 [http-nio-8080-exec-9] DEBUG org.springframework.security.web.FilterChainProxy - Securing GET /error?vpaId=hari2390901@mts
2026-06-16 12:41:37 [http-nio-8080-exec-9] DEBUG org.springframework.security.web.authentication.AnonymousAuthenticationFilter - Set SecurityContextHolder to anonymous SecurityContext
2026-06-16 12:41:37 [http-nio-8080-exec-9] DEBUG org.springframework.security.web.authentication.Http403ForbiddenEntryPoint - Pre-authenticated entry point called. Rejecting access
2026-06-16 12:41:37 [http-nio-8080-exec-10] DEBUG org.springframework.security.web.FilterChainProxy - Securing OPTIONS /users/getbyvpa?vpaId=hari2390901@mts
2026-06-16 12:41:37 [http-nio-8080-exec-2] DEBUG org.springframework.security.web.FilterChainProxy - Securing GET /users/getbyvpa?vpaId=hari2390901@mts
2026-06-16 12:41:38 [http-nio-8080-exec-2] DEBUG org.springframework.security.web.FilterChainProxy - Secured GET /users/getbyvpa?vpaId=hari2390901@mts
2026-06-16 12:41:38 [http-nio-8080-exec-2] DEBUG org.springframework.security.web.FilterChainProxy - Securing GET /error?vpaId=hari2390901@mts
2026-06-16 12:41:38 [http-nio-8080-exec-2] DEBUG org.springframework.security.web.authentication.AnonymousAuthenticationFilter - Set SecurityContextHolder to anonymous SecurityContext
2026-06-16 12:41:38 [http-nio-8080-exec-2] DEBUG org.springframework.security.web.authentication.Http403ForbiddenEntryPoint - Pre-authenticated entry point called. Rejecting access
2026-06-16 12:48:48 [HikariPool-1:housekeeper] WARN  com.zaxxer.hikari.pool.HikariPool - HikariPool-1 - Thread starvation or clock leap detected (housekeeper delta=1m24s415ms161µs400ns).
2026-06-16 14:39:20 [HikariPool-1:housekeeper] WARN  com.zaxxer.hikari.pool.HikariPool - HikariPool-1 - Thread starvation or clock leap detected (housekeeper delta=1h50m32s26ms889µs600ns).
2026-06-16 14:40:28 [http-nio-8080-exec-3] DEBUG org.springframework.security.web.FilterChainProxy - Securing OPTIONS /transactions/gettranslog?vpaId=john1291912@mts
2026-06-16 14:40:28 [http-nio-8080-exec-4] DEBUG org.springframework.security.web.FilterChainProxy - Securing GET /transactions/gettranslog?vpaId=john1291912@mts
2026-06-16 14:40:28 [http-nio-8080-exec-4] DEBUG org.springframework.security.web.FilterChainProxy - Secured GET /transactions/gettranslog?vpaId=john1291912@mts
2026-06-16 14:40:28 [http-nio-8080-exec-4] INFO  com.training.mts.aop.LoggingAspect - Entering method: TransactionServiceImpl.getTransactionHistory(..) with arguments: [john1291912@mts]
2026-06-16 14:40:28 [http-nio-8080-exec-4] INFO  com.training.mts.aop.LoggingAspect - Method executed successfully: TransactionServiceImpl.getTransactionHistory(..) | Returned: com.training.mts.dto.TransactionHistoryResponse@4a020674
2026-06-16 14:40:28 [http-nio-8080-exec-5] DEBUG org.springframework.security.web.FilterChainProxy - Securing OPTIONS /users/getbyvpa?vpaId=hari2390901@mts
2026-06-16 14:40:28 [http-nio-8080-exec-6] DEBUG org.springframework.security.web.FilterChainProxy - Securing GET /users/getbyvpa?vpaId=hari2390901@mts
2026-06-16 14:40:28 [http-nio-8080-exec-6] DEBUG org.springframework.security.web.FilterChainProxy - Secured GET /users/getbyvpa?vpaId=hari2390901@mts
2026-06-16 14:40:28 [http-nio-8080-exec-6] DEBUG org.springframework.security.web.FilterChainProxy - Securing GET /error?vpaId=hari2390901@mts
2026-06-16 14:40:28 [http-nio-8080-exec-6] DEBUG org.springframework.security.web.authentication.AnonymousAuthenticationFilter - Set SecurityContextHolder to anonymous SecurityContext
2026-06-16 14:40:28 [http-nio-8080-exec-6] DEBUG org.springframework.security.web.authentication.Http403ForbiddenEntryPoint - Pre-authenticated entry point called. Rejecting access
2026-06-16 14:40:28 [http-nio-8080-exec-7] DEBUG org.springframework.security.web.FilterChainProxy - Securing OPTIONS /users/getbyvpa?vpaId=hari2390901@mts
2026-06-16 14:40:28 [http-nio-8080-exec-8] DEBUG org.springframework.security.web.FilterChainProxy - Securing GET /users/getbyvpa?vpaId=hari2390901@mts
2026-06-16 14:40:28 [http-nio-8080-exec-8] DEBUG org.springframework.security.web.FilterChainProxy - Secured GET /users/getbyvpa?vpaId=hari2390901@mts
2026-06-16 14:40:28 [http-nio-8080-exec-8] DEBUG org.springframework.security.web.FilterChainProxy - Securing GET /error?vpaId=hari2390901@mts
2026-06-16 14:40:28 [http-nio-8080-exec-8] DEBUG org.springframework.security.web.authentication.AnonymousAuthenticationFilter - Set SecurityContextHolder to anonymous SecurityContext
2026-06-16 14:40:28 [http-nio-8080-exec-8] DEBUG org.springframework.security.web.authentication.Http403ForbiddenEntryPoint - Pre-authenticated entry point called. Rejecting access
2026-06-16 14:40:28 [http-nio-8080-exec-9] DEBUG org.springframework.security.web.FilterChainProxy - Securing OPTIONS /users/getbyvpa?vpaId=hari2390901@mts
2026-06-16 14:40:28 [http-nio-8080-exec-10] DEBUG org.springframework.security.web.FilterChainProxy - Securing GET /users/getbyvpa?vpaId=hari2390901@mts
2026-06-16 14:40:28 [http-nio-8080-exec-10] DEBUG org.springframework.security.web.FilterChainProxy - Secured GET /users/getbyvpa?vpaId=hari2390901@mts
2026-06-16 14:40:28 [http-nio-8080-exec-10] DEBUG org.springframework.security.web.FilterChainProxy - Securing GET /error?vpaId=hari2390901@mts
2026-06-16 14:40:28 [http-nio-8080-exec-10] DEBUG org.springframework.security.web.authentication.AnonymousAuthenticationFilter - Set SecurityContextHolder to anonymous SecurityContext
2026-06-16 14:40:28 [http-nio-8080-exec-10] DEBUG org.springframework.security.web.authentication.Http403ForbiddenEntryPoint - Pre-authenticated entry point called. Rejecting access
2026-06-16 14:40:28 [http-nio-8080-exec-2] DEBUG org.springframework.security.web.FilterChainProxy - Securing OPTIONS /users/getbyvpa?vpaId=hari2390901@mts
2026-06-16 14:40:28 [http-nio-8080-exec-1] DEBUG org.springframework.security.web.FilterChainProxy - Securing GET /users/getbyvpa?vpaId=hari2390901@mts
2026-06-16 14:40:28 [http-nio-8080-exec-1] DEBUG org.springframework.security.web.FilterChainProxy - Secured GET /users/getbyvpa?vpaId=hari2390901@mts
2026-06-16 14:40:28 [http-nio-8080-exec-1] DEBUG org.springframework.security.web.FilterChainProxy - Securing GET /error?vpaId=hari2390901@mts
2026-06-16 14:40:29 [http-nio-8080-exec-1] DEBUG org.springframework.security.web.authentication.AnonymousAuthenticationFilter - Set SecurityContextHolder to anonymous SecurityContext
2026-06-16 14:40:29 [http-nio-8080-exec-1] DEBUG org.springframework.security.web.authentication.Http403ForbiddenEntryPoint - Pre-authenticated entry point called. Rejecting access
2026-06-16 14:40:30 [http-nio-8080-exec-3] DEBUG org.springframework.security.web.FilterChainProxy - Securing OPTIONS /rewards/status
2026-06-16 14:40:30 [http-nio-8080-exec-4] DEBUG org.springframework.security.web.FilterChainProxy - Securing GET /rewards/status
2026-06-16 14:40:30 [http-nio-8080-exec-4] DEBUG org.springframework.security.web.FilterChainProxy - Secured GET /rewards/status
2026-06-16 14:40:30 [http-nio-8080-exec-5] DEBUG org.springframework.security.web.FilterChainProxy - Securing OPTIONS /rewards/list
2026-06-16 14:40:30 [http-nio-8080-exec-6] DEBUG org.springframework.security.web.FilterChainProxy - Securing GET /rewards/list
2026-06-16 14:40:30 [http-nio-8080-exec-6] DEBUG org.springframework.security.web.FilterChainProxy - Secured GET /rewards/list
2026-06-16 14:40:30 [http-nio-8080-exec-6] INFO  com.training.mts.aop.LoggingAspect - Entering method: RewardServiceImpl.getUserScratchCards(..) with arguments: [User{id=2, name='John', vpa=com.training.mts.model.VPA@7b05a5b}]
2026-06-16 14:40:30 [http-nio-8080-exec-6] INFO  com.training.mts.aop.LoggingAspect - Method executed successfully: RewardServiceImpl.getUserScratchCards(..) | Returned: []
2026-06-16 14:40:32 [http-nio-8080-exec-7] DEBUG org.springframework.security.web.FilterChainProxy - Securing OPTIONS /transactions/gettranslog?vpaId=john1291912@mts
2026-06-16 14:40:32 [http-nio-8080-exec-8] DEBUG org.springframework.security.web.FilterChainProxy - Securing GET /transactions/gettranslog?vpaId=john1291912@mts
2026-06-16 14:40:32 [http-nio-8080-exec-8] DEBUG org.springframework.security.web.FilterChainProxy - Secured GET /transactions/gettranslog?vpaId=john1291912@mts
2026-06-16 14:40:32 [http-nio-8080-exec-8] INFO  com.training.mts.aop.LoggingAspect - Entering method: TransactionServiceImpl.getTransactionHistory(..) with arguments: [john1291912@mts]
2026-06-16 14:40:32 [http-nio-8080-exec-8] INFO  com.training.mts.aop.LoggingAspect - Method executed successfully: TransactionServiceImpl.getTransactionHistory(..) | Returned: com.training.mts.dto.TransactionHistoryResponse@2079d2a3
2026-06-16 14:40:32 [http-nio-8080-exec-9] DEBUG org.springframework.security.web.FilterChainProxy - Securing OPTIONS /users/getbyvpa?vpaId=hari2390901@mts
2026-06-16 14:40:32 [http-nio-8080-exec-10] DEBUG org.springframework.security.web.FilterChainProxy - Securing GET /users/getbyvpa?vpaId=hari2390901@mts
2026-06-16 14:40:32 [http-nio-8080-exec-10] DEBUG org.springframework.security.web.FilterChainProxy - Secured GET /users/getbyvpa?vpaId=hari2390901@mts
2026-06-16 14:40:32 [http-nio-8080-exec-10] DEBUG org.springframework.security.web.FilterChainProxy - Securing GET /error?vpaId=hari2390901@mts
2026-06-16 14:40:32 [http-nio-8080-exec-10] DEBUG org.springframework.security.web.authentication.AnonymousAuthenticationFilter - Set SecurityContextHolder to anonymous SecurityContext
2026-06-16 14:40:32 [http-nio-8080-exec-10] DEBUG org.springframework.security.web.authentication.Http403ForbiddenEntryPoint - Pre-authenticated entry point called. Rejecting access
2026-06-16 14:40:33 [http-nio-8080-exec-2] DEBUG org.springframework.security.web.FilterChainProxy - Securing OPTIONS /users/getusers
2026-06-16 14:40:33 [http-nio-8080-exec-1] DEBUG org.springframework.security.web.FilterChainProxy - Securing GET /users/getusers
2026-06-16 14:40:33 [http-nio-8080-exec-1] DEBUG org.springframework.security.web.FilterChainProxy - Secured GET /users/getusers
2026-06-16 14:40:33 [http-nio-8080-exec-1] INFO  com.training.mts.aop.LoggingAspect - Entering method: UserServiceImpl.getAllUsers() with arguments: []
2026-06-16 14:40:33 [http-nio-8080-exec-1] INFO  com.training.mts.aop.LoggingAspect - Method executed successfully: UserServiceImpl.getAllUsers() | Returned: [com.training.mts.dto.GetAllUsersRequest@e17ee5b, com.training.mts.dto.GetAllUsersRequest@18409a90]
2026-06-16 15:07:39 [http-nio-8080-exec-4] DEBUG org.springframework.security.web.FilterChainProxy - Securing OPTIONS /users/getusers
2026-06-16 15:07:39 [http-nio-8080-exec-5] DEBUG org.springframework.security.web.FilterChainProxy - Securing GET /users/getusers
2026-06-16 15:07:39 [http-nio-8080-exec-5] DEBUG org.springframework.security.web.FilterChainProxy - Secured GET /users/getusers
2026-06-16 15:07:39 [http-nio-8080-exec-5] INFO  com.training.mts.aop.LoggingAspect - Entering method: UserServiceImpl.getAllUsers() with arguments: []
2026-06-16 15:07:39 [http-nio-8080-exec-5] INFO  com.training.mts.aop.LoggingAspect - Method executed successfully: UserServiceImpl.getAllUsers() | Returned: [com.training.mts.dto.GetAllUsersRequest@d2c19c1, com.training.mts.dto.GetAllUsersRequest@d5ce910]
2026-06-16 15:07:43 [HikariPool-1:housekeeper] WARN  com.zaxxer.hikari.pool.HikariPool - HikariPool-1 - Thread starvation or clock leap detected (housekeeper delta=4m51s847ms597µs200ns).
2026-06-16 15:08:43 [http-nio-8080-exec-7] DEBUG org.springframework.security.web.FilterChainProxy - Securing OPTIONS /auth/register
2026-06-16 15:08:43 [http-nio-8080-exec-8] DEBUG org.springframework.security.web.FilterChainProxy - Securing POST /auth/register
2026-06-16 15:08:43 [http-nio-8080-exec-8] DEBUG org.springframework.security.web.authentication.AnonymousAuthenticationFilter - Set SecurityContextHolder to anonymous SecurityContext
2026-06-16 15:08:43 [http-nio-8080-exec-8] DEBUG org.springframework.security.web.FilterChainProxy - Secured POST /auth/register
2026-06-16 15:08:43 [http-nio-8080-exec-8] INFO  com.training.mts.aop.LoggingAspect - Entering method: UserServiceImpl.createUser(..) with arguments: [Nethra, 9292929292, nethra@gmail.com, Barca3]
2026-06-16 15:08:43 [http-nio-8080-exec-8] INFO  com.training.mts.aop.LoggingAspect - Entering method: VPAServiceImpl.generateVPAId(..) with arguments: [User{id=3, name='Nethra', vpa=null}]
2026-06-16 15:08:43 [http-nio-8080-exec-8] INFO  com.training.mts.aop.LoggingAspect - Method executed successfully: VPAServiceImpl.generateVPAId(..) | Returned: nethra92923@mts
2026-06-16 15:08:43 [http-nio-8080-exec-8] INFO  com.training.mts.aop.LoggingAspect - Method executed successfully: UserServiceImpl.createUser(..) | Returned: User{id=3, name='Nethra', vpa=com.training.mts.model.VPA@1c46f1eb}
2026-06-16 15:08:43 [http-nio-8080-exec-9] DEBUG org.springframework.security.web.FilterChainProxy - Securing OPTIONS /users/findByPhone?phoneNumber=9292929292
2026-06-16 15:08:43 [http-nio-8080-exec-10] DEBUG org.springframework.security.web.FilterChainProxy - Securing GET /users/findByPhone?phoneNumber=9292929292
2026-06-16 15:08:43 [http-nio-8080-exec-10] ERROR com.training.mts.security.JwtUtils - JWT validation failed: JWT strings must contain exactly 2 period characters. Found: 0
2026-06-16 15:08:43 [http-nio-8080-exec-10] DEBUG org.springframework.security.web.authentication.AnonymousAuthenticationFilter - Set SecurityContextHolder to anonymous SecurityContext
2026-06-16 15:08:43 [http-nio-8080-exec-10] DEBUG org.springframework.security.web.authentication.Http403ForbiddenEntryPoint - Pre-authenticated entry point called. Rejecting access
2026-06-16 15:08:43 [http-nio-8080-exec-10] DEBUG org.springframework.security.web.FilterChainProxy - Securing GET /error?phoneNumber=9292929292
2026-06-16 15:08:43 [http-nio-8080-exec-10] DEBUG org.springframework.security.web.authentication.AnonymousAuthenticationFilter - Set SecurityContextHolder to anonymous SecurityContext
2026-06-16 15:08:43 [http-nio-8080-exec-10] DEBUG org.springframework.security.web.authentication.Http403ForbiddenEntryPoint - Pre-authenticated entry point called. Rejecting access
2026-06-16 15:08:55 [http-nio-8080-exec-2] DEBUG org.springframework.security.web.FilterChainProxy - Securing OPTIONS /auth/login
2026-06-16 15:08:55 [http-nio-8080-exec-1] DEBUG org.springframework.security.web.FilterChainProxy - Securing POST /auth/login
2026-06-16 15:08:55 [http-nio-8080-exec-1] DEBUG org.springframework.security.web.authentication.AnonymousAuthenticationFilter - Set SecurityContextHolder to anonymous SecurityContext
2026-06-16 15:08:55 [http-nio-8080-exec-1] DEBUG org.springframework.security.web.FilterChainProxy - Secured POST /auth/login
2026-06-16 15:08:55 [http-nio-8080-exec-1] DEBUG org.springframework.security.authentication.dao.DaoAuthenticationProvider - Authenticated user
2026-06-16 15:08:55 [http-nio-8080-exec-3] DEBUG org.springframework.security.web.FilterChainProxy - Securing OPTIONS /users/findByPhone?phoneNumber=9292929292
2026-06-16 15:08:55 [http-nio-8080-exec-4] DEBUG org.springframework.security.web.FilterChainProxy - Securing GET /users/findByPhone?phoneNumber=9292929292
2026-06-16 15:08:55 [http-nio-8080-exec-4] DEBUG org.springframework.security.web.FilterChainProxy - Secured GET /users/findByPhone?phoneNumber=9292929292
2026-06-16 15:08:55 [http-nio-8080-exec-4] INFO  com.training.mts.aop.LoggingAspect - Entering method: UserServiceImpl.getUserByPhoneNumber(..) with arguments: [9292929292]
2026-06-16 15:08:55 [http-nio-8080-exec-4] INFO  com.training.mts.aop.LoggingAspect - Method executed successfully: UserServiceImpl.getUserByPhoneNumber(..) | Returned: User{id=3, name='Nethra', vpa=com.training.mts.model.VPA@41bc5255}
2026-06-16 15:09:16 [http-nio-8080-exec-6] DEBUG org.springframework.security.web.FilterChainProxy - Securing OPTIONS /bankaccounts/link
2026-06-16 15:09:16 [http-nio-8080-exec-7] DEBUG org.springframework.security.web.FilterChainProxy - Securing POST /bankaccounts/link
2026-06-16 15:09:16 [http-nio-8080-exec-7] DEBUG org.springframework.security.web.FilterChainProxy - Secured POST /bankaccounts/link
2026-06-16 15:09:16 [http-nio-8080-exec-7] INFO  com.training.mts.aop.LoggingAspect - Entering method: BankAccountServiceImpl.linkBankAccount(..) with arguments: [nethra92923@mts, ACC1013, ocean_breeze]
2026-06-16 15:09:16 [http-nio-8080-exec-7] INFO  com.training.mts.aop.LoggingAspect - Method executed successfully: BankAccountServiceImpl.linkBankAccount(..) | Returned: User{id=3, name='Nethra', vpa=com.training.mts.model.VPA@2d15b1b4}
2026-06-16 15:09:18 [http-nio-8080-exec-8] DEBUG org.springframework.security.web.FilterChainProxy - Securing OPTIONS /transactions/gettranslog?vpaId=nethra92923@mts
2026-06-16 15:09:18 [http-nio-8080-exec-9] DEBUG org.springframework.security.web.FilterChainProxy - Securing GET /transactions/gettranslog?vpaId=nethra92923@mts
2026-06-16 15:09:18 [http-nio-8080-exec-9] DEBUG org.springframework.security.web.FilterChainProxy - Secured GET /transactions/gettranslog?vpaId=nethra92923@mts
2026-06-16 15:09:18 [http-nio-8080-exec-9] INFO  com.training.mts.aop.LoggingAspect - Entering method: TransactionServiceImpl.getTransactionHistory(..) with arguments: [nethra92923@mts]
2026-06-16 15:09:18 [http-nio-8080-exec-9] INFO  com.training.mts.aop.LoggingAspect - Method executed successfully: TransactionServiceImpl.getTransactionHistory(..) | Returned: com.training.mts.dto.TransactionHistoryResponse@5c342a64
2026-06-16 15:09:20 [http-nio-8080-exec-10] DEBUG org.springframework.security.web.FilterChainProxy - Securing OPTIONS /rewards/status
2026-06-16 15:09:20 [http-nio-8080-exec-2] DEBUG org.springframework.security.web.FilterChainProxy - Securing GET /rewards/status
2026-06-16 15:09:20 [http-nio-8080-exec-2] DEBUG org.springframework.security.web.FilterChainProxy - Secured GET /rewards/status
2026-06-16 15:09:20 [http-nio-8080-exec-1] DEBUG org.springframework.security.web.FilterChainProxy - Securing OPTIONS /rewards/list
2026-06-16 15:09:20 [http-nio-8080-exec-3] DEBUG org.springframework.security.web.FilterChainProxy - Securing GET /rewards/list
2026-06-16 15:09:20 [http-nio-8080-exec-3] DEBUG org.springframework.security.web.FilterChainProxy - Secured GET /rewards/list
2026-06-16 15:09:20 [http-nio-8080-exec-3] INFO  com.training.mts.aop.LoggingAspect - Entering method: RewardServiceImpl.getUserScratchCards(..) with arguments: [User{id=3, name='Nethra', vpa=com.training.mts.model.VPA@20c14b84}]
2026-06-16 15:09:20 [http-nio-8080-exec-3] INFO  com.training.mts.aop.LoggingAspect - Method executed successfully: RewardServiceImpl.getUserScratchCards(..) | Returned: []
2026-06-16 15:09:22 [http-nio-8080-exec-4] DEBUG org.springframework.security.web.FilterChainProxy - Securing OPTIONS /transactions/gettranslog?vpaId=nethra92923@mts
2026-06-16 15:09:22 [http-nio-8080-exec-5] DEBUG org.springframework.security.web.FilterChainProxy - Securing GET /transactions/gettranslog?vpaId=nethra92923@mts
2026-06-16 15:09:22 [http-nio-8080-exec-5] DEBUG org.springframework.security.web.FilterChainProxy - Secured GET /transactions/gettranslog?vpaId=nethra92923@mts
2026-06-16 15:09:22 [http-nio-8080-exec-5] INFO  com.training.mts.aop.LoggingAspect - Entering method: TransactionServiceImpl.getTransactionHistory(..) with arguments: [nethra92923@mts]
2026-06-16 15:09:22 [http-nio-8080-exec-5] INFO  com.training.mts.aop.LoggingAspect - Method executed successfully: TransactionServiceImpl.getTransactionHistory(..) | Returned: com.training.mts.dto.TransactionHistoryResponse@5a6bc9dd
2026-06-16 15:13:15 [http-nio-8080-exec-7] DEBUG org.springframework.security.web.FilterChainProxy - Securing OPTIONS /transactions/gettranslog?vpaId=nethra92923@mts
2026-06-16 15:13:15 [http-nio-8080-exec-8] DEBUG org.springframework.security.web.FilterChainProxy - Securing GET /transactions/gettranslog?vpaId=nethra92923@mts
2026-06-16 15:13:15 [http-nio-8080-exec-8] DEBUG org.springframework.security.web.FilterChainProxy - Secured GET /transactions/gettranslog?vpaId=nethra92923@mts
2026-06-16 15:13:15 [http-nio-8080-exec-8] INFO  com.training.mts.aop.LoggingAspect - Entering method: TransactionServiceImpl.getTransactionHistory(..) with arguments: [nethra92923@mts]
2026-06-16 15:13:15 [http-nio-8080-exec-8] INFO  com.training.mts.aop.LoggingAspect - Method executed successfully: TransactionServiceImpl.getTransactionHistory(..) | Returned: com.training.mts.dto.TransactionHistoryResponse@1bee19a2
2026-06-16 15:13:21 [http-nio-8080-exec-9] DEBUG org.springframework.security.web.FilterChainProxy - Securing OPTIONS /transactions/gettranslog?vpaId=nethra92923@mts
2026-06-16 15:13:21 [http-nio-8080-exec-10] DEBUG org.springframework.security.web.FilterChainProxy - Securing GET /transactions/gettranslog?vpaId=nethra92923@mts
2026-06-16 15:13:21 [http-nio-8080-exec-10] DEBUG org.springframework.security.web.FilterChainProxy - Secured GET /transactions/gettranslog?vpaId=nethra92923@mts
2026-06-16 15:13:21 [http-nio-8080-exec-10] INFO  com.training.mts.aop.LoggingAspect - Entering method: TransactionServiceImpl.getTransactionHistory(..) with arguments: [nethra92923@mts]
2026-06-16 15:13:21 [http-nio-8080-exec-10] INFO  com.training.mts.aop.LoggingAspect - Method executed successfully: TransactionServiceImpl.getTransactionHistory(..) | Returned: com.training.mts.dto.TransactionHistoryResponse@3cadd4bd
2026-06-16 15:32:47 [http-nio-8080-exec-1] DEBUG org.springframework.security.web.FilterChainProxy - Securing OPTIONS /transactions/gettranslog?vpaId=nethra92923@mts
2026-06-16 15:32:47 [http-nio-8080-exec-1] DEBUG org.springframework.security.web.FilterChainProxy - Securing GET /transactions/gettranslog?vpaId=nethra92923@mts
2026-06-16 15:32:47 [http-nio-8080-exec-1] DEBUG org.springframework.security.web.FilterChainProxy - Secured GET /transactions/gettranslog?vpaId=nethra92923@mts
2026-06-16 15:32:47 [http-nio-8080-exec-1] INFO  com.training.mts.aop.LoggingAspect - Entering method: TransactionServiceImpl.getTransactionHistory(..) with arguments: [nethra92923@mts]
2026-06-16 15:32:47 [http-nio-8080-exec-1] INFO  com.training.mts.aop.LoggingAspect - Method executed successfully: TransactionServiceImpl.getTransactionHistory(..) | Returned: com.training.mts.dto.TransactionHistoryResponse@be516ee
2026-06-16 15:52:18 [HikariPool-1:housekeeper] WARN  com.zaxxer.hikari.pool.HikariPool - HikariPool-1 - Thread starvation or clock leap detected (housekeeper delta=33m34s927ms778µs100ns).
2026-06-16 15:52:47 [http-nio-8080-exec-4] DEBUG org.springframework.security.web.FilterChainProxy - Securing OPTIONS /transactions/gettranslog?vpaId=nethra92923@mts
2026-06-16 15:52:47 [http-nio-8080-exec-5] DEBUG org.springframework.security.web.FilterChainProxy - Securing GET /transactions/gettranslog?vpaId=nethra92923@mts
2026-06-16 15:52:47 [http-nio-8080-exec-5] DEBUG org.springframework.security.web.FilterChainProxy - Secured GET /transactions/gettranslog?vpaId=nethra92923@mts
2026-06-16 15:52:47 [http-nio-8080-exec-5] INFO  com.training.mts.aop.LoggingAspect - Entering method: TransactionServiceImpl.getTransactionHistory(..) with arguments: [nethra92923@mts]
2026-06-16 15:52:47 [http-nio-8080-exec-5] INFO  com.training.mts.aop.LoggingAspect - Method executed successfully: TransactionServiceImpl.getTransactionHistory(..) | Returned: com.training.mts.dto.TransactionHistoryResponse@210db26c
2026-06-16 16:03:18 [http-nio-8080-exec-7] DEBUG org.springframework.security.web.FilterChainProxy - Securing OPTIONS /auth/login
2026-06-16 16:03:18 [http-nio-8080-exec-8] DEBUG org.springframework.security.web.FilterChainProxy - Securing POST /auth/login
2026-06-16 16:03:18 [http-nio-8080-exec-8] DEBUG org.springframework.security.web.authentication.AnonymousAuthenticationFilter - Set SecurityContextHolder to anonymous SecurityContext
2026-06-16 16:03:18 [http-nio-8080-exec-8] DEBUG org.springframework.security.web.FilterChainProxy - Secured POST /auth/login
2026-06-16 16:03:19 [http-nio-8080-exec-8] DEBUG org.springframework.security.authentication.dao.DaoAuthenticationProvider - Authenticated user
2026-06-16 16:03:19 [http-nio-8080-exec-9] DEBUG org.springframework.security.web.FilterChainProxy - Securing OPTIONS /users/findByPhone?phoneNumber=9191919191
2026-06-16 16:03:19 [http-nio-8080-exec-10] DEBUG org.springframework.security.web.FilterChainProxy - Securing GET /users/findByPhone?phoneNumber=9191919191
2026-06-16 16:03:19 [http-nio-8080-exec-10] DEBUG org.springframework.security.web.FilterChainProxy - Secured GET /users/findByPhone?phoneNumber=9191919191
2026-06-16 16:03:19 [http-nio-8080-exec-10] INFO  com.training.mts.aop.LoggingAspect - Entering method: UserServiceImpl.getUserByPhoneNumber(..) with arguments: [9191919191]
2026-06-16 16:03:19 [http-nio-8080-exec-10] INFO  com.training.mts.aop.LoggingAspect - Method executed successfully: UserServiceImpl.getUserByPhoneNumber(..) | Returned: User{id=2, name='John', vpa=com.training.mts.model.VPA@7ede60fd}
2026-06-16 16:03:19 [http-nio-8080-exec-2] DEBUG org.springframework.security.web.FilterChainProxy - Securing OPTIONS /transactions/gettranslog?vpaId=john1291912@mts
2026-06-16 16:03:19 [http-nio-8080-exec-1] DEBUG org.springframework.security.web.FilterChainProxy - Securing GET /transactions/gettranslog?vpaId=john1291912@mts
2026-06-16 16:03:19 [http-nio-8080-exec-1] DEBUG org.springframework.security.web.FilterChainProxy - Secured GET /transactions/gettranslog?vpaId=john1291912@mts
2026-06-16 16:03:19 [http-nio-8080-exec-1] INFO  com.training.mts.aop.LoggingAspect - Entering method: TransactionServiceImpl.getTransactionHistory(..) with arguments: [john1291912@mts]
2026-06-16 16:03:19 [http-nio-8080-exec-1] INFO  com.training.mts.aop.LoggingAspect - Method executed successfully: TransactionServiceImpl.getTransactionHistory(..) | Returned: com.training.mts.dto.TransactionHistoryResponse@4df5934a
2026-06-16 16:03:19 [http-nio-8080-exec-3] DEBUG org.springframework.security.web.FilterChainProxy - Securing OPTIONS /users/getbyvpa?vpaId=hari2390901@mts
2026-06-16 16:03:19 [http-nio-8080-exec-4] DEBUG org.springframework.security.web.FilterChainProxy - Securing GET /users/getbyvpa?vpaId=hari2390901@mts
2026-06-16 16:03:19 [http-nio-8080-exec-4] DEBUG org.springframework.security.web.FilterChainProxy - Secured GET /users/getbyvpa?vpaId=hari2390901@mts
2026-06-16 16:03:19 [http-nio-8080-exec-4] DEBUG org.springframework.security.web.FilterChainProxy - Securing GET /error?vpaId=hari2390901@mts
2026-06-16 16:03:19 [http-nio-8080-exec-4] DEBUG org.springframework.security.web.authentication.AnonymousAuthenticationFilter - Set SecurityContextHolder to anonymous SecurityContext
2026-06-16 16:03:19 [http-nio-8080-exec-4] DEBUG org.springframework.security.web.authentication.Http403ForbiddenEntryPoint - Pre-authenticated entry point called. Rejecting access
2026-06-16 16:03:29 [http-nio-8080-exec-5] DEBUG org.springframework.security.web.FilterChainProxy - Securing OPTIONS /transactions/gettranslog?vpaId=john1291912@mts
2026-06-16 16:03:29 [http-nio-8080-exec-6] DEBUG org.springframework.security.web.FilterChainProxy - Securing GET /transactions/gettranslog?vpaId=john1291912@mts
2026-06-16 16:03:29 [http-nio-8080-exec-6] DEBUG org.springframework.security.web.FilterChainProxy - Secured GET /transactions/gettranslog?vpaId=john1291912@mts
2026-06-16 16:03:29 [http-nio-8080-exec-6] INFO  com.training.mts.aop.LoggingAspect - Entering method: TransactionServiceImpl.getTransactionHistory(..) with arguments: [john1291912@mts]
2026-06-16 16:03:29 [http-nio-8080-exec-6] INFO  com.training.mts.aop.LoggingAspect - Method executed successfully: TransactionServiceImpl.getTransactionHistory(..) | Returned: com.training.mts.dto.TransactionHistoryResponse@2fbcebc1
2026-06-16 16:03:29 [http-nio-8080-exec-6] DEBUG org.springframework.security.web.FilterChainProxy - Securing OPTIONS /users/getbyvpa?vpaId=hari2390901@mts
2026-06-16 16:03:29 [http-nio-8080-exec-7] DEBUG org.springframework.security.web.FilterChainProxy - Securing GET /users/getbyvpa?vpaId=hari2390901@mts
2026-06-16 16:03:29 [http-nio-8080-exec-7] DEBUG org.springframework.security.web.FilterChainProxy - Secured GET /users/getbyvpa?vpaId=hari2390901@mts
2026-06-16 16:03:29 [http-nio-8080-exec-7] DEBUG org.springframework.security.web.FilterChainProxy - Securing GET /error?vpaId=hari2390901@mts
2026-06-16 16:03:29 [http-nio-8080-exec-7] DEBUG org.springframework.security.web.authentication.AnonymousAuthenticationFilter - Set SecurityContextHolder to anonymous SecurityContext
2026-06-16 16:03:29 [http-nio-8080-exec-7] DEBUG org.springframework.security.web.authentication.Http403ForbiddenEntryPoint - Pre-authenticated entry point called. Rejecting access
2026-06-16 16:03:29 [http-nio-8080-exec-8] DEBUG org.springframework.security.web.FilterChainProxy - Securing OPTIONS /users/getbyvpa?vpaId=hari2390901@mts
2026-06-16 16:03:29 [http-nio-8080-exec-9] DEBUG org.springframework.security.web.FilterChainProxy - Securing GET /users/getbyvpa?vpaId=hari2390901@mts
2026-06-16 16:03:29 [http-nio-8080-exec-9] DEBUG org.springframework.security.web.FilterChainProxy - Secured GET /users/getbyvpa?vpaId=hari2390901@mts
2026-06-16 16:03:29 [http-nio-8080-exec-9] DEBUG org.springframework.security.web.FilterChainProxy - Securing GET /error?vpaId=hari2390901@mts
2026-06-16 16:03:29 [http-nio-8080-exec-9] DEBUG org.springframework.security.web.authentication.AnonymousAuthenticationFilter - Set SecurityContextHolder to anonymous SecurityContext
2026-06-16 16:03:29 [http-nio-8080-exec-9] DEBUG org.springframework.security.web.authentication.Http403ForbiddenEntryPoint - Pre-authenticated entry point called. Rejecting access
2026-06-16 16:03:29 [http-nio-8080-exec-10] DEBUG org.springframework.security.web.FilterChainProxy - Securing OPTIONS /users/getbyvpa?vpaId=hari2390901@mts
2026-06-16 16:03:29 [http-nio-8080-exec-2] DEBUG org.springframework.security.web.FilterChainProxy - Securing GET /users/getbyvpa?vpaId=hari2390901@mts
2026-06-16 16:03:29 [http-nio-8080-exec-2] DEBUG org.springframework.security.web.FilterChainProxy - Secured GET /users/getbyvpa?vpaId=hari2390901@mts
2026-06-16 16:03:29 [http-nio-8080-exec-2] DEBUG org.springframework.security.web.FilterChainProxy - Securing GET /error?vpaId=hari2390901@mts
2026-06-16 16:03:29 [http-nio-8080-exec-2] DEBUG org.springframework.security.web.authentication.AnonymousAuthenticationFilter - Set SecurityContextHolder to anonymous SecurityContext
2026-06-16 16:03:29 [http-nio-8080-exec-2] DEBUG org.springframework.security.web.authentication.Http403ForbiddenEntryPoint - Pre-authenticated entry point called. Rejecting access
2026-06-16 16:03:29 [http-nio-8080-exec-1] DEBUG org.springframework.security.web.FilterChainProxy - Securing OPTIONS /users/getbyvpa?vpaId=hari2390901@mts
2026-06-16 16:03:29 [http-nio-8080-exec-3] DEBUG org.springframework.security.web.FilterChainProxy - Securing GET /users/getbyvpa?vpaId=hari2390901@mts
2026-06-16 16:03:29 [http-nio-8080-exec-3] DEBUG org.springframework.security.web.FilterChainProxy - Secured GET /users/getbyvpa?vpaId=hari2390901@mts
2026-06-16 16:03:29 [http-nio-8080-exec-3] DEBUG org.springframework.security.web.FilterChainProxy - Securing GET /error?vpaId=hari2390901@mts
2026-06-16 16:03:29 [http-nio-8080-exec-3] DEBUG org.springframework.security.web.authentication.AnonymousAuthenticationFilter - Set SecurityContextHolder to anonymous SecurityContext
2026-06-16 16:03:29 [http-nio-8080-exec-3] DEBUG org.springframework.security.web.authentication.Http403ForbiddenEntryPoint - Pre-authenticated entry point called. Rejecting access
2026-06-16 16:04:35 [http-nio-8080-exec-5] DEBUG org.springframework.security.web.FilterChainProxy - Securing OPTIONS /transactions/gettranslog?vpaId=john1291912@mts
2026-06-16 16:04:35 [http-nio-8080-exec-6] DEBUG org.springframework.security.web.FilterChainProxy - Securing GET /transactions/gettranslog?vpaId=john1291912@mts
2026-06-16 16:04:35 [http-nio-8080-exec-6] DEBUG org.springframework.security.web.FilterChainProxy - Secured GET /transactions/gettranslog?vpaId=john1291912@mts
2026-06-16 16:04:35 [http-nio-8080-exec-6] INFO  com.training.mts.aop.LoggingAspect - Entering method: TransactionServiceImpl.getTransactionHistory(..) with arguments: [john1291912@mts]
2026-06-16 16:04:35 [http-nio-8080-exec-6] INFO  com.training.mts.aop.LoggingAspect - Method executed successfully: TransactionServiceImpl.getTransactionHistory(..) | Returned: com.training.mts.dto.TransactionHistoryResponse@74c471a5
2026-06-16 16:04:35 [http-nio-8080-exec-7] DEBUG org.springframework.security.web.FilterChainProxy - Securing OPTIONS /users/getbyvpa?vpaId=hari2390901@mts
2026-06-16 16:04:35 [http-nio-8080-exec-8] DEBUG org.springframework.security.web.FilterChainProxy - Securing GET /users/getbyvpa?vpaId=hari2390901@mts
2026-06-16 16:04:35 [http-nio-8080-exec-8] DEBUG org.springframework.security.web.FilterChainProxy - Secured GET /users/getbyvpa?vpaId=hari2390901@mts
2026-06-16 16:04:35 [http-nio-8080-exec-8] DEBUG org.springframework.security.web.FilterChainProxy - Securing GET /error?vpaId=hari2390901@mts
2026-06-16 16:04:35 [http-nio-8080-exec-8] DEBUG org.springframework.security.web.authentication.AnonymousAuthenticationFilter - Set SecurityContextHolder to anonymous SecurityContext
2026-06-16 16:04:35 [http-nio-8080-exec-8] DEBUG org.springframework.security.web.authentication.Http403ForbiddenEntryPoint - Pre-authenticated entry point called. Rejecting access
2026-06-16 16:04:36 [http-nio-8080-exec-9] DEBUG org.springframework.security.web.FilterChainProxy - Securing OPTIONS /users/getbyvpa?vpaId=hari2390901@mts
2026-06-16 16:04:36 [http-nio-8080-exec-10] DEBUG org.springframework.security.web.FilterChainProxy - Securing GET /users/getbyvpa?vpaId=hari2390901@mts
2026-06-16 16:04:36 [http-nio-8080-exec-10] DEBUG org.springframework.security.web.FilterChainProxy - Secured GET /users/getbyvpa?vpaId=hari2390901@mts
2026-06-16 16:04:36 [http-nio-8080-exec-10] DEBUG org.springframework.security.web.FilterChainProxy - Securing GET /error?vpaId=hari2390901@mts
2026-06-16 16:04:36 [http-nio-8080-exec-10] DEBUG org.springframework.security.web.authentication.AnonymousAuthenticationFilter - Set SecurityContextHolder to anonymous SecurityContext
2026-06-16 16:04:36 [http-nio-8080-exec-10] DEBUG org.springframework.security.web.authentication.Http403ForbiddenEntryPoint - Pre-authenticated entry point called. Rejecting access
2026-06-16 16:04:36 [http-nio-8080-exec-2] DEBUG org.springframework.security.web.FilterChainProxy - Securing OPTIONS /users/getbyvpa?vpaId=hari2390901@mts
2026-06-16 16:04:36 [http-nio-8080-exec-1] DEBUG org.springframework.security.web.FilterChainProxy - Securing GET /users/getbyvpa?vpaId=hari2390901@mts
2026-06-16 16:04:36 [http-nio-8080-exec-1] DEBUG org.springframework.security.web.FilterChainProxy - Secured GET /users/getbyvpa?vpaId=hari2390901@mts
2026-06-16 16:04:36 [http-nio-8080-exec-1] DEBUG org.springframework.security.web.FilterChainProxy - Securing GET /error?vpaId=hari2390901@mts
2026-06-16 16:04:36 [http-nio-8080-exec-1] DEBUG org.springframework.security.web.authentication.AnonymousAuthenticationFilter - Set SecurityContextHolder to anonymous SecurityContext
2026-06-16 16:04:36 [http-nio-8080-exec-1] DEBUG org.springframework.security.web.authentication.Http403ForbiddenEntryPoint - Pre-authenticated entry point called. Rejecting access
2026-06-16 16:04:36 [http-nio-8080-exec-3] DEBUG org.springframework.security.web.FilterChainProxy - Securing OPTIONS /users/getbyvpa?vpaId=hari2390901@mts
2026-06-16 16:04:36 [http-nio-8080-exec-4] DEBUG org.springframework.security.web.FilterChainProxy - Securing GET /users/getbyvpa?vpaId=hari2390901@mts
2026-06-16 16:04:36 [http-nio-8080-exec-4] DEBUG org.springframework.security.web.FilterChainProxy - Secured GET /users/getbyvpa?vpaId=hari2390901@mts
2026-06-16 16:04:36 [http-nio-8080-exec-4] DEBUG org.springframework.security.web.FilterChainProxy - Securing GET /error?vpaId=hari2390901@mts
2026-06-16 16:04:36 [http-nio-8080-exec-4] DEBUG org.springframework.security.web.authentication.AnonymousAuthenticationFilter - Set SecurityContextHolder to anonymous SecurityContext
2026-06-16 16:04:36 [http-nio-8080-exec-4] DEBUG org.springframework.security.web.authentication.Http403ForbiddenEntryPoint - Pre-authenticated entry point called. Rejecting access
2026-06-16 16:05:18 [http-nio-8080-exec-5] DEBUG org.springframework.security.web.FilterChainProxy - Securing OPTIONS /rewards/status
2026-06-16 16:05:18 [http-nio-8080-exec-6] DEBUG org.springframework.security.web.FilterChainProxy - Securing GET /rewards/status
2026-06-16 16:05:18 [http-nio-8080-exec-6] DEBUG org.springframework.security.web.FilterChainProxy - Secured GET /rewards/status
2026-06-16 16:05:18 [http-nio-8080-exec-7] DEBUG org.springframework.security.web.FilterChainProxy - Securing OPTIONS /rewards/list
2026-06-16 16:05:18 [http-nio-8080-exec-8] DEBUG org.springframework.security.web.FilterChainProxy - Securing GET /rewards/list
2026-06-16 16:05:18 [http-nio-8080-exec-8] DEBUG org.springframework.security.web.FilterChainProxy - Secured GET /rewards/list
2026-06-16 16:05:18 [http-nio-8080-exec-8] INFO  com.training.mts.aop.LoggingAspect - Entering method: RewardServiceImpl.getUserScratchCards(..) with arguments: [User{id=2, name='John', vpa=com.training.mts.model.VPA@5abf5277}]
2026-06-16 16:05:18 [http-nio-8080-exec-8] INFO  com.training.mts.aop.LoggingAspect - Method executed successfully: RewardServiceImpl.getUserScratchCards(..) | Returned: []
2026-06-16 16:05:24 [http-nio-8080-exec-9] DEBUG org.springframework.security.web.FilterChainProxy - Securing OPTIONS /transactions/gettranslog?vpaId=john1291912@mts
2026-06-16 16:05:24 [http-nio-8080-exec-10] DEBUG org.springframework.security.web.FilterChainProxy - Securing GET /transactions/gettranslog?vpaId=john1291912@mts
2026-06-16 16:05:24 [http-nio-8080-exec-10] DEBUG org.springframework.security.web.FilterChainProxy - Secured GET /transactions/gettranslog?vpaId=john1291912@mts
2026-06-16 16:05:24 [http-nio-8080-exec-10] INFO  com.training.mts.aop.LoggingAspect - Entering method: TransactionServiceImpl.getTransactionHistory(..) with arguments: [john1291912@mts]
2026-06-16 16:05:24 [http-nio-8080-exec-10] INFO  com.training.mts.aop.LoggingAspect - Method executed successfully: TransactionServiceImpl.getTransactionHistory(..) | Returned: com.training.mts.dto.TransactionHistoryResponse@536ae399
2026-06-16 16:05:24 [http-nio-8080-exec-2] DEBUG org.springframework.security.web.FilterChainProxy - Securing OPTIONS /users/getbyvpa?vpaId=hari2390901@mts
2026-06-16 16:05:24 [http-nio-8080-exec-2] DEBUG org.springframework.security.web.FilterChainProxy - Securing GET /users/getbyvpa?vpaId=hari2390901@mts
2026-06-16 16:05:24 [http-nio-8080-exec-2] DEBUG org.springframework.security.web.FilterChainProxy - Secured GET /users/getbyvpa?vpaId=hari2390901@mts
2026-06-16 16:05:24 [http-nio-8080-exec-2] DEBUG org.springframework.security.web.FilterChainProxy - Securing GET /error?vpaId=hari2390901@mts
2026-06-16 16:05:24 [http-nio-8080-exec-2] DEBUG org.springframework.security.web.authentication.AnonymousAuthenticationFilter - Set SecurityContextHolder to anonymous SecurityContext
2026-06-16 16:05:24 [http-nio-8080-exec-2] DEBUG org.springframework.security.web.authentication.Http403ForbiddenEntryPoint - Pre-authenticated entry point called. Rejecting access
2026-06-16 16:05:25 [http-nio-8080-exec-3] DEBUG org.springframework.security.web.FilterChainProxy - Securing OPTIONS /users/getusers
2026-06-16 16:05:25 [http-nio-8080-exec-4] DEBUG org.springframework.security.web.FilterChainProxy - Securing GET /users/getusers
2026-06-16 16:05:25 [http-nio-8080-exec-4] DEBUG org.springframework.security.web.FilterChainProxy - Secured GET /users/getusers
2026-06-16 16:05:25 [http-nio-8080-exec-4] INFO  com.training.mts.aop.LoggingAspect - Entering method: UserServiceImpl.getAllUsers() with arguments: []
2026-06-16 16:05:25 [http-nio-8080-exec-4] INFO  com.training.mts.aop.LoggingAspect - Method executed successfully: UserServiceImpl.getAllUsers() | Returned: [com.training.mts.dto.GetAllUsersRequest@50c0e998, com.training.mts.dto.GetAllUsersRequest@68c1f840, com.training.mts.dto.GetAllUsersRequest@4abc3166]
2026-06-16 16:05:36 [http-nio-8080-exec-5] DEBUG org.springframework.security.web.FilterChainProxy - Securing OPTIONS /transactions/pay
2026-06-16 16:05:36 [http-nio-8080-exec-5] DEBUG org.springframework.security.web.FilterChainProxy - Securing POST /transactions/pay
2026-06-16 16:05:36 [http-nio-8080-exec-5] DEBUG org.springframework.security.web.FilterChainProxy - Secured POST /transactions/pay
2026-06-16 16:05:36 [http-nio-8080-exec-5] INFO  com.training.mts.aop.LoggingAspect - Entering method: TransactionServiceImpl.initiatePayment(..) with arguments: [com.training.mts.dto.TransactionRequest@1afdf04]
2026-06-16 16:05:36 [http-nio-8080-exec-5] INFO  com.training.mts.aop.LoggingAspect - Entering method: BankAccountServiceImpl.getBankAccount(..) with arguments: [john1291912@mts]
2026-06-16 16:05:36 [http-nio-8080-exec-5] INFO  com.training.mts.aop.LoggingAspect - Method executed successfully: BankAccountServiceImpl.getBankAccount(..) | Returned: com.training.mts.model.BankAccount@5977ccff
2026-06-16 16:05:36 [http-nio-8080-exec-5] INFO  com.training.mts.aop.LoggingAspect - Entering method: BankAccountServiceImpl.getBankAccount(..) with arguments: [nethra92923@mts]
2026-06-16 16:05:36 [http-nio-8080-exec-5] INFO  com.training.mts.aop.LoggingAspect - Method executed successfully: BankAccountServiceImpl.getBankAccount(..) | Returned: com.training.mts.model.BankAccount@195fc00d
2026-06-16 16:05:36 [http-nio-8080-exec-5] INFO  com.training.mts.aop.LoggingAspect - Entering method: BankAccountServiceImpl.updateBalance(..) with arguments: [com.training.mts.model.BankAccount@5977ccff, 13450.0]
2026-06-16 16:05:36 [http-nio-8080-exec-5] INFO  com.training.mts.aop.LoggingAspect - Method executed successfully: BankAccountServiceImpl.updateBalance(..) | Returned: null
2026-06-16 16:05:36 [http-nio-8080-exec-5] INFO  com.training.mts.aop.LoggingAspect - Entering method: BankAccountServiceImpl.updateBalance(..) with arguments: [com.training.mts.model.BankAccount@195fc00d, 3100.5]
2026-06-16 16:05:36 [http-nio-8080-exec-5] INFO  com.training.mts.aop.LoggingAspect - Method executed successfully: BankAccountServiceImpl.updateBalance(..) | Returned: null
2026-06-16 16:05:36 [http-nio-8080-exec-5] INFO  com.training.mts.aop.LoggingAspect - Entering method: RewardServiceImpl.awardPointsForTransaction(..) with arguments: [com.training.mts.model.Transaction@74a0656e]
2026-06-16 16:05:36 [http-nio-8080-exec-5] INFO  com.training.mts.aop.LoggingAspect - Method executed successfully: RewardServiceImpl.awardPointsForTransaction(..) | Returned: null
2026-06-16 16:05:36 [http-nio-8080-exec-5] INFO  com.training.mts.aop.LoggingAspect - Method executed successfully: TransactionServiceImpl.initiatePayment(..) | Returned: com.training.mts.dto.TransactionDTO@47bbc954
2026-06-16 16:05:36 [http-nio-8080-exec-5] INFO  com.training.mts.aop.LoggingAspect - Entering method: AnalyticsService.triggerSnowflakeSync() with arguments: []
2026-06-16 16:05:38 [http-nio-8080-exec-5] INFO  com.training.mts.aop.LoggingAspect - Method executed successfully: AnalyticsService.triggerSnowflakeSync() | Returned: false
2026-06-16 16:05:41 [http-nio-8080-exec-6] DEBUG org.springframework.security.web.FilterChainProxy - Securing OPTIONS /transactions/gettranslog?vpaId=john1291912@mts
2026-06-16 16:05:41 [http-nio-8080-exec-7] DEBUG org.springframework.security.web.FilterChainProxy - Securing GET /transactions/gettranslog?vpaId=john1291912@mts
2026-06-16 16:05:41 [http-nio-8080-exec-7] DEBUG org.springframework.security.web.FilterChainProxy - Secured GET /transactions/gettranslog?vpaId=john1291912@mts
2026-06-16 16:05:41 [http-nio-8080-exec-7] INFO  com.training.mts.aop.LoggingAspect - Entering method: TransactionServiceImpl.getTransactionHistory(..) with arguments: [john1291912@mts]
2026-06-16 16:05:41 [http-nio-8080-exec-7] INFO  com.training.mts.aop.LoggingAspect - Method executed successfully: TransactionServiceImpl.getTransactionHistory(..) | Returned: com.training.mts.dto.TransactionHistoryResponse@3f221757
2026-06-16 16:05:41 [http-nio-8080-exec-8] DEBUG org.springframework.security.web.FilterChainProxy - Securing OPTIONS /users/getbyvpa?vpaId=hari2390901@mts
2026-06-16 16:05:41 [http-nio-8080-exec-9] DEBUG org.springframework.security.web.FilterChainProxy - Securing OPTIONS /users/getbyvpa?vpaId=nethra92923@mts
2026-06-16 16:05:41 [http-nio-8080-exec-10] DEBUG org.springframework.security.web.FilterChainProxy - Securing GET /users/getbyvpa?vpaId=hari2390901@mts
2026-06-16 16:05:41 [http-nio-8080-exec-9] DEBUG org.springframework.security.web.FilterChainProxy - Securing GET /users/getbyvpa?vpaId=nethra92923@mts
2026-06-16 16:05:41 [http-nio-8080-exec-10] DEBUG org.springframework.security.web.FilterChainProxy - Secured GET /users/getbyvpa?vpaId=hari2390901@mts
2026-06-16 16:05:41 [http-nio-8080-exec-9] DEBUG org.springframework.security.web.FilterChainProxy - Secured GET /users/getbyvpa?vpaId=nethra92923@mts
2026-06-16 16:05:41 [http-nio-8080-exec-9] DEBUG org.springframework.security.web.FilterChainProxy - Securing GET /error?vpaId=nethra92923@mts
2026-06-16 16:05:41 [http-nio-8080-exec-10] DEBUG org.springframework.security.web.FilterChainProxy - Securing GET /error?vpaId=hari2390901@mts
2026-06-16 16:05:41 [http-nio-8080-exec-9] DEBUG org.springframework.security.web.authentication.AnonymousAuthenticationFilter - Set SecurityContextHolder to anonymous SecurityContext
2026-06-16 16:05:41 [http-nio-8080-exec-10] DEBUG org.springframework.security.web.authentication.AnonymousAuthenticationFilter - Set SecurityContextHolder to anonymous SecurityContext
2026-06-16 16:05:41 [http-nio-8080-exec-10] DEBUG org.springframework.security.web.authentication.Http403ForbiddenEntryPoint - Pre-authenticated entry point called. Rejecting access
2026-06-16 16:05:41 [http-nio-8080-exec-9] DEBUG org.springframework.security.web.authentication.Http403ForbiddenEntryPoint - Pre-authenticated entry point called. Rejecting access
2026-06-16 16:05:43 [http-nio-8080-exec-2] DEBUG org.springframework.security.web.FilterChainProxy - Securing OPTIONS /rewards/status
2026-06-16 16:05:43 [http-nio-8080-exec-3] DEBUG org.springframework.security.web.FilterChainProxy - Securing GET /rewards/status
2026-06-16 16:05:43 [http-nio-8080-exec-3] DEBUG org.springframework.security.web.FilterChainProxy - Secured GET /rewards/status
2026-06-16 16:05:43 [http-nio-8080-exec-3] DEBUG org.springframework.security.web.FilterChainProxy - Securing OPTIONS /rewards/list
2026-06-16 16:05:43 [http-nio-8080-exec-4] DEBUG org.springframework.security.web.FilterChainProxy - Securing GET /rewards/list
2026-06-16 16:05:43 [http-nio-8080-exec-4] DEBUG org.springframework.security.web.FilterChainProxy - Secured GET /rewards/list
2026-06-16 16:05:43 [http-nio-8080-exec-4] INFO  com.training.mts.aop.LoggingAspect - Entering method: RewardServiceImpl.getUserScratchCards(..) with arguments: [User{id=2, name='John', vpa=com.training.mts.model.VPA@59c004e0}]
2026-06-16 16:05:43 [http-nio-8080-exec-4] INFO  com.training.mts.aop.LoggingAspect - Method executed successfully: RewardServiceImpl.getUserScratchCards(..) | Returned: [com.training.mts.model.ScratchCard@1970d6d]
2026-06-16 16:05:59 [http-nio-8080-exec-5] DEBUG org.springframework.security.web.FilterChainProxy - Securing OPTIONS /rewards/scratch/2
2026-06-16 16:05:59 [http-nio-8080-exec-6] DEBUG org.springframework.security.web.FilterChainProxy - Securing POST /rewards/scratch/2
2026-06-16 16:05:59 [http-nio-8080-exec-6] DEBUG org.springframework.security.web.FilterChainProxy - Secured POST /rewards/scratch/2
2026-06-16 16:06:00 [http-nio-8080-exec-6] INFO  com.training.mts.aop.LoggingAspect - Entering method: RewardServiceImpl.scratchCard(..) with arguments: [2, User{id=2, name='John', vpa=com.training.mts.model.VPA@359ecb9c}]
2026-06-16 16:06:00 [http-nio-8080-exec-6] INFO  com.training.mts.aop.LoggingAspect - Method executed successfully: RewardServiceImpl.scratchCard(..) | Returned: com.training.mts.model.ScratchCard@49b4a09
2026-06-16 16:06:17 [http-nio-8080-exec-7] DEBUG org.springframework.security.web.FilterChainProxy - Securing OPTIONS /transactions/gettranslog?vpaId=john1291912@mts
2026-06-16 16:06:17 [http-nio-8080-exec-8] DEBUG org.springframework.security.web.FilterChainProxy - Securing GET /transactions/gettranslog?vpaId=john1291912@mts
2026-06-16 16:06:17 [http-nio-8080-exec-8] DEBUG org.springframework.security.web.FilterChainProxy - Secured GET /transactions/gettranslog?vpaId=john1291912@mts
2026-06-16 16:06:17 [http-nio-8080-exec-8] INFO  com.training.mts.aop.LoggingAspect - Entering method: TransactionServiceImpl.getTransactionHistory(..) with arguments: [john1291912@mts]
2026-06-16 16:06:17 [http-nio-8080-exec-8] INFO  com.training.mts.aop.LoggingAspect - Method executed successfully: TransactionServiceImpl.getTransactionHistory(..) | Returned: com.training.mts.dto.TransactionHistoryResponse@79d0f510
2026-06-16 16:06:17 [http-nio-8080-exec-1] DEBUG org.springframework.security.web.FilterChainProxy - Securing OPTIONS /users/getbyvpa?vpaId=hari2390901@mts
2026-06-16 16:06:17 [http-nio-8080-exec-10] DEBUG org.springframework.security.web.FilterChainProxy - Securing OPTIONS /users/getbyvpa?vpaId=nethra92923@mts
2026-06-16 16:06:17 [http-nio-8080-exec-9] DEBUG org.springframework.security.web.FilterChainProxy - Securing GET /users/getbyvpa?vpaId=hari2390901@mts
2026-06-16 16:06:17 [http-nio-8080-exec-2] DEBUG org.springframework.security.web.FilterChainProxy - Securing GET /users/getbyvpa?vpaId=nethra92923@mts
2026-06-16 16:06:17 [http-nio-8080-exec-9] DEBUG org.springframework.security.web.FilterChainProxy - Secured GET /users/getbyvpa?vpaId=hari2390901@mts
2026-06-16 16:06:17 [http-nio-8080-exec-9] DEBUG org.springframework.security.web.FilterChainProxy - Securing GET /error?vpaId=hari2390901@mts
2026-06-16 16:06:17 [http-nio-8080-exec-9] DEBUG org.springframework.security.web.authentication.AnonymousAuthenticationFilter - Set SecurityContextHolder to anonymous SecurityContext
2026-06-16 16:06:17 [http-nio-8080-exec-9] DEBUG org.springframework.security.web.authentication.Http403ForbiddenEntryPoint - Pre-authenticated entry point called. Rejecting access
2026-06-16 16:06:17 [http-nio-8080-exec-2] DEBUG org.springframework.security.web.FilterChainProxy - Secured GET /users/getbyvpa?vpaId=nethra92923@mts
2026-06-16 16:06:17 [http-nio-8080-exec-2] DEBUG org.springframework.security.web.FilterChainProxy - Securing GET /error?vpaId=nethra92923@mts
2026-06-16 16:06:17 [http-nio-8080-exec-2] DEBUG org.springframework.security.web.authentication.AnonymousAuthenticationFilter - Set SecurityContextHolder to anonymous SecurityContext
2026-06-16 16:06:17 [http-nio-8080-exec-2] DEBUG org.springframework.security.web.authentication.Http403ForbiddenEntryPoint - Pre-authenticated entry point called. Rejecting access
2026-06-16 16:08:33 [http-nio-8080-exec-5] DEBUG org.springframework.security.web.FilterChainProxy - Securing OPTIONS /transactions/gettranslog?vpaId=john1291912@mts
2026-06-16 16:08:33 [http-nio-8080-exec-6] DEBUG org.springframework.security.web.FilterChainProxy - Securing GET /transactions/gettranslog?vpaId=john1291912@mts
2026-06-16 16:08:33 [http-nio-8080-exec-6] DEBUG org.springframework.security.web.FilterChainProxy - Secured GET /transactions/gettranslog?vpaId=john1291912@mts
2026-06-16 16:08:33 [http-nio-8080-exec-6] INFO  com.training.mts.aop.LoggingAspect - Entering method: TransactionServiceImpl.getTransactionHistory(..) with arguments: [john1291912@mts]
2026-06-16 16:08:33 [http-nio-8080-exec-6] INFO  com.training.mts.aop.LoggingAspect - Method executed successfully: TransactionServiceImpl.getTransactionHistory(..) | Returned: com.training.mts.dto.TransactionHistoryResponse@11b0d881
2026-06-16 16:08:33 [http-nio-8080-exec-7] DEBUG org.springframework.security.web.FilterChainProxy - Securing OPTIONS /users/getbyvpa?vpaId=hari2390901@mts
2026-06-16 16:08:33 [http-nio-8080-exec-8] DEBUG org.springframework.security.web.FilterChainProxy - Securing GET /users/getbyvpa?vpaId=hari2390901@mts
2026-06-16 16:08:33 [http-nio-8080-exec-8] DEBUG org.springframework.security.web.FilterChainProxy - Secured GET /users/getbyvpa?vpaId=hari2390901@mts
2026-06-16 16:08:33 [http-nio-8080-exec-8] DEBUG org.springframework.security.web.FilterChainProxy - Securing GET /error?vpaId=hari2390901@mts
2026-06-16 16:08:33 [http-nio-8080-exec-8] DEBUG org.springframework.security.web.authentication.AnonymousAuthenticationFilter - Set SecurityContextHolder to anonymous SecurityContext
2026-06-16 16:08:33 [http-nio-8080-exec-8] DEBUG org.springframework.security.web.authentication.Http403ForbiddenEntryPoint - Pre-authenticated entry point called. Rejecting access
2026-06-16 16:08:33 [http-nio-8080-exec-1] DEBUG org.springframework.security.web.FilterChainProxy - Securing OPTIONS /users/getbyvpa?vpaId=nethra92923@mts
2026-06-16 16:08:33 [http-nio-8080-exec-10] DEBUG org.springframework.security.web.FilterChainProxy - Securing GET /users/getbyvpa?vpaId=nethra92923@mts
2026-06-16 16:08:33 [http-nio-8080-exec-10] DEBUG org.springframework.security.web.FilterChainProxy - Secured GET /users/getbyvpa?vpaId=nethra92923@mts
2026-06-16 16:08:33 [http-nio-8080-exec-10] DEBUG org.springframework.security.web.FilterChainProxy - Securing GET /error?vpaId=nethra92923@mts
2026-06-16 16:08:33 [http-nio-8080-exec-10] DEBUG org.springframework.security.web.authentication.AnonymousAuthenticationFilter - Set SecurityContextHolder to anonymous SecurityContext
2026-06-16 16:08:33 [http-nio-8080-exec-10] DEBUG org.springframework.security.web.authentication.Http403ForbiddenEntryPoint - Pre-authenticated entry point called. Rejecting access
2026-06-16 16:08:33 [http-nio-8080-exec-9] DEBUG org.springframework.security.web.FilterChainProxy - Securing OPTIONS /users/getbyvpa?vpaId=hari2390901@mts
2026-06-16 16:08:33 [http-nio-8080-exec-2] DEBUG org.springframework.security.web.FilterChainProxy - Securing GET /users/getbyvpa?vpaId=hari2390901@mts
2026-06-16 16:08:33 [http-nio-8080-exec-2] DEBUG org.springframework.security.web.FilterChainProxy - Secured GET /users/getbyvpa?vpaId=hari2390901@mts
2026-06-16 16:08:33 [http-nio-8080-exec-2] DEBUG org.springframework.security.web.FilterChainProxy - Securing GET /error?vpaId=hari2390901@mts
2026-06-16 16:08:33 [http-nio-8080-exec-2] DEBUG org.springframework.security.web.authentication.AnonymousAuthenticationFilter - Set SecurityContextHolder to anonymous SecurityContext
2026-06-16 16:08:33 [http-nio-8080-exec-2] DEBUG org.springframework.security.web.authentication.Http403ForbiddenEntryPoint - Pre-authenticated entry point called. Rejecting access
2026-06-16 16:08:33 [http-nio-8080-exec-4] DEBUG org.springframework.security.web.FilterChainProxy - Securing OPTIONS /users/getbyvpa?vpaId=hari2390901@mts
2026-06-16 16:08:33 [http-nio-8080-exec-3] DEBUG org.springframework.security.web.FilterChainProxy - Securing GET /users/getbyvpa?vpaId=hari2390901@mts
2026-06-16 16:08:33 [http-nio-8080-exec-3] DEBUG org.springframework.security.web.FilterChainProxy - Secured GET /users/getbyvpa?vpaId=hari2390901@mts
2026-06-16 16:08:33 [http-nio-8080-exec-3] DEBUG org.springframework.security.web.FilterChainProxy - Securing GET /error?vpaId=hari2390901@mts
2026-06-16 16:08:33 [http-nio-8080-exec-3] DEBUG org.springframework.security.web.authentication.AnonymousAuthenticationFilter - Set SecurityContextHolder to anonymous SecurityContext
2026-06-16 16:08:33 [http-nio-8080-exec-3] DEBUG org.springframework.security.web.authentication.Http403ForbiddenEntryPoint - Pre-authenticated entry point called. Rejecting access
2026-06-16 16:08:34 [http-nio-8080-exec-5] DEBUG org.springframework.security.web.FilterChainProxy - Securing OPTIONS /users/getbyvpa?vpaId=hari2390901@mts
2026-06-16 16:08:34 [http-nio-8080-exec-6] DEBUG org.springframework.security.web.FilterChainProxy - Securing GET /users/getbyvpa?vpaId=hari2390901@mts
2026-06-16 16:08:34 [http-nio-8080-exec-6] DEBUG org.springframework.security.web.FilterChainProxy - Secured GET /users/getbyvpa?vpaId=hari2390901@mts
2026-06-16 16:08:34 [http-nio-8080-exec-6] DEBUG org.springframework.security.web.FilterChainProxy - Securing GET /error?vpaId=hari2390901@mts
2026-06-16 16:08:34 [http-nio-8080-exec-6] DEBUG org.springframework.security.web.authentication.AnonymousAuthenticationFilter - Set SecurityContextHolder to anonymous SecurityContext
2026-06-16 16:08:34 [http-nio-8080-exec-6] DEBUG org.springframework.security.web.authentication.Http403ForbiddenEntryPoint - Pre-authenticated entry point called. Rejecting access
2026-06-16 16:08:38 [http-nio-8080-exec-7] DEBUG org.springframework.security.web.FilterChainProxy - Securing OPTIONS /rewards/status
2026-06-16 16:08:38 [http-nio-8080-exec-8] DEBUG org.springframework.security.web.FilterChainProxy - Securing GET /rewards/status
2026-06-16 16:08:39 [http-nio-8080-exec-8] DEBUG org.springframework.security.web.FilterChainProxy - Secured GET /rewards/status
2026-06-16 16:08:39 [http-nio-8080-exec-1] DEBUG org.springframework.security.web.FilterChainProxy - Securing OPTIONS /rewards/list
2026-06-16 16:08:39 [http-nio-8080-exec-10] DEBUG org.springframework.security.web.FilterChainProxy - Securing GET /rewards/list
2026-06-16 16:08:39 [http-nio-8080-exec-10] DEBUG org.springframework.security.web.FilterChainProxy - Secured GET /rewards/list
2026-06-16 16:08:39 [http-nio-8080-exec-10] INFO  com.training.mts.aop.LoggingAspect - Entering method: RewardServiceImpl.getUserScratchCards(..) with arguments: [User{id=2, name='John', vpa=com.training.mts.model.VPA@3a7de2a0}]
2026-06-16 16:08:39 [http-nio-8080-exec-10] INFO  com.training.mts.aop.LoggingAspect - Method executed successfully: RewardServiceImpl.getUserScratchCards(..) | Returned: [com.training.mts.model.ScratchCard@73909990]
2026-06-16 16:10:32 [http-nio-8080-exec-2] DEBUG org.springframework.security.web.FilterChainProxy - Securing OPTIONS /rewards/status
2026-06-16 16:10:32 [http-nio-8080-exec-4] DEBUG org.springframework.security.web.FilterChainProxy - Securing GET /rewards/status
2026-06-16 16:10:32 [http-nio-8080-exec-4] DEBUG org.springframework.security.web.FilterChainProxy - Secured GET /rewards/status
2026-06-16 16:10:32 [http-nio-8080-exec-3] DEBUG org.springframework.security.web.FilterChainProxy - Securing OPTIONS /rewards/list
2026-06-16 16:10:32 [http-nio-8080-exec-5] DEBUG org.springframework.security.web.FilterChainProxy - Securing GET /rewards/list
2026-06-16 16:10:32 [http-nio-8080-exec-5] DEBUG org.springframework.security.web.FilterChainProxy - Secured GET /rewards/list
2026-06-16 16:10:32 [http-nio-8080-exec-5] INFO  com.training.mts.aop.LoggingAspect - Entering method: RewardServiceImpl.getUserScratchCards(..) with arguments: [User{id=2, name='John', vpa=com.training.mts.model.VPA@7e07547b}]
2026-06-16 16:10:32 [http-nio-8080-exec-5] INFO  com.training.mts.aop.LoggingAspect - Method executed successfully: RewardServiceImpl.getUserScratchCards(..) | Returned: [com.training.mts.model.ScratchCard@4080849]
2026-06-16 16:12:30 [http-nio-8080-exec-7] DEBUG org.springframework.security.web.FilterChainProxy - Securing OPTIONS /rewards/status
2026-06-16 16:12:30 [http-nio-8080-exec-7] DEBUG org.springframework.security.web.FilterChainProxy - Securing GET /rewards/status
2026-06-16 16:12:30 [http-nio-8080-exec-7] DEBUG org.springframework.security.web.FilterChainProxy - Secured GET /rewards/status
2026-06-16 16:12:30 [http-nio-8080-exec-8] DEBUG org.springframework.security.web.FilterChainProxy - Securing OPTIONS /rewards/list
2026-06-16 16:12:30 [http-nio-8080-exec-8] DEBUG org.springframework.security.web.FilterChainProxy - Securing GET /rewards/list
2026-06-16 16:12:30 [http-nio-8080-exec-8] DEBUG org.springframework.security.web.FilterChainProxy - Secured GET /rewards/list
2026-06-16 16:12:30 [http-nio-8080-exec-8] INFO  com.training.mts.aop.LoggingAspect - Entering method: RewardServiceImpl.getUserScratchCards(..) with arguments: [User{id=2, name='John', vpa=com.training.mts.model.VPA@92592df}]
2026-06-16 16:12:30 [http-nio-8080-exec-8] INFO  com.training.mts.aop.LoggingAspect - Method executed successfully: RewardServiceImpl.getUserScratchCards(..) | Returned: [com.training.mts.model.ScratchCard@7799590e]
2026-06-16 16:12:32 [http-nio-8080-exec-1] DEBUG org.springframework.security.web.FilterChainProxy - Securing OPTIONS /transactions/gettranslog?vpaId=john1291912@mts
2026-06-16 16:12:32 [http-nio-8080-exec-1] DEBUG org.springframework.security.web.FilterChainProxy - Securing GET /transactions/gettranslog?vpaId=john1291912@mts
2026-06-16 16:12:32 [http-nio-8080-exec-1] DEBUG org.springframework.security.web.FilterChainProxy - Secured GET /transactions/gettranslog?vpaId=john1291912@mts
2026-06-16 16:12:33 [http-nio-8080-exec-10] DEBUG org.springframework.security.web.FilterChainProxy - Securing OPTIONS /users/getusers
2026-06-16 16:12:33 [http-nio-8080-exec-9] DEBUG org.springframework.security.web.FilterChainProxy - Securing GET /users/getusers
2026-06-16 16:12:33 [http-nio-8080-exec-1] INFO  com.training.mts.aop.LoggingAspect - Entering method: TransactionServiceImpl.getTransactionHistory(..) with arguments: [john1291912@mts]
2026-06-16 16:12:33 [http-nio-8080-exec-9] DEBUG org.springframework.security.web.FilterChainProxy - Secured GET /users/getusers
2026-06-16 16:12:33 [http-nio-8080-exec-9] INFO  com.training.mts.aop.LoggingAspect - Entering method: UserServiceImpl.getAllUsers() with arguments: []
2026-06-16 16:12:33 [http-nio-8080-exec-1] INFO  com.training.mts.aop.LoggingAspect - Method executed successfully: TransactionServiceImpl.getTransactionHistory(..) | Returned: com.training.mts.dto.TransactionHistoryResponse@27092218
2026-06-16 16:12:33 [http-nio-8080-exec-9] INFO  com.training.mts.aop.LoggingAspect - Method executed successfully: UserServiceImpl.getAllUsers() | Returned: [com.training.mts.dto.GetAllUsersRequest@d298742, com.training.mts.dto.GetAllUsersRequest@4e2dec60, com.training.mts.dto.GetAllUsersRequest@611c978]
2026-06-16 16:12:33 [http-nio-8080-exec-2] DEBUG org.springframework.security.web.FilterChainProxy - Securing OPTIONS /users/getbyvpa?vpaId=hari2390901@mts
2026-06-16 16:12:33 [http-nio-8080-exec-4] DEBUG org.springframework.security.web.FilterChainProxy - Securing OPTIONS /users/getbyvpa?vpaId=nethra92923@mts
2026-06-16 16:12:33 [http-nio-8080-exec-3] DEBUG org.springframework.security.web.FilterChainProxy - Securing GET /users/getbyvpa?vpaId=hari2390901@mts
2026-06-16 16:12:33 [http-nio-8080-exec-4] DEBUG org.springframework.security.web.FilterChainProxy - Securing GET /users/getbyvpa?vpaId=nethra92923@mts
2026-06-16 16:12:33 [http-nio-8080-exec-4] DEBUG org.springframework.security.web.FilterChainProxy - Secured GET /users/getbyvpa?vpaId=nethra92923@mts
2026-06-16 16:12:33 [http-nio-8080-exec-3] DEBUG org.springframework.security.web.FilterChainProxy - Secured GET /users/getbyvpa?vpaId=hari2390901@mts
2026-06-16 16:12:33 [http-nio-8080-exec-4] DEBUG org.springframework.security.web.FilterChainProxy - Securing GET /error?vpaId=nethra92923@mts
2026-06-16 16:12:33 [http-nio-8080-exec-4] DEBUG org.springframework.security.web.authentication.AnonymousAuthenticationFilter - Set SecurityContextHolder to anonymous SecurityContext
2026-06-16 16:12:33 [http-nio-8080-exec-4] DEBUG org.springframework.security.web.authentication.Http403ForbiddenEntryPoint - Pre-authenticated entry point called. Rejecting access
2026-06-16 16:12:33 [http-nio-8080-exec-3] DEBUG org.springframework.security.web.FilterChainProxy - Securing GET /error?vpaId=hari2390901@mts
2026-06-16 16:12:33 [http-nio-8080-exec-3] DEBUG org.springframework.security.web.authentication.AnonymousAuthenticationFilter - Set SecurityContextHolder to anonymous SecurityContext
2026-06-16 16:12:33 [http-nio-8080-exec-3] DEBUG org.springframework.security.web.authentication.Http403ForbiddenEntryPoint - Pre-authenticated entry point called. Rejecting access
2026-06-16 16:14:40 [http-nio-8080-exec-7] DEBUG org.springframework.security.web.FilterChainProxy - Securing OPTIONS /users/getusers
2026-06-16 16:14:40 [http-nio-8080-exec-8] DEBUG org.springframework.security.web.FilterChainProxy - Securing GET /users/getusers
2026-06-16 16:14:40 [http-nio-8080-exec-8] DEBUG org.springframework.security.web.FilterChainProxy - Secured GET /users/getusers
2026-06-16 16:14:40 [http-nio-8080-exec-8] INFO  com.training.mts.aop.LoggingAspect - Entering method: UserServiceImpl.getAllUsers() with arguments: []
2026-06-16 16:14:40 [http-nio-8080-exec-8] INFO  com.training.mts.aop.LoggingAspect - Method executed successfully: UserServiceImpl.getAllUsers() | Returned: [com.training.mts.dto.GetAllUsersRequest@3417c039, com.training.mts.dto.GetAllUsersRequest@2a076c1, com.training.mts.dto.GetAllUsersRequest@5843a881]
2026-06-16 16:20:26 [http-nio-8080-exec-9] DEBUG org.springframework.security.web.FilterChainProxy - Securing OPTIONS /users/getusers
2026-06-16 16:20:26 [http-nio-8080-exec-1] DEBUG org.springframework.security.web.FilterChainProxy - Securing GET /users/getusers
2026-06-16 16:20:26 [http-nio-8080-exec-1] DEBUG org.springframework.security.web.FilterChainProxy - Secured GET /users/getusers
2026-06-16 16:20:26 [http-nio-8080-exec-1] INFO  com.training.mts.aop.LoggingAspect - Entering method: UserServiceImpl.getAllUsers() with arguments: []
2026-06-16 16:20:26 [http-nio-8080-exec-1] INFO  com.training.mts.aop.LoggingAspect - Method executed successfully: UserServiceImpl.getAllUsers() | Returned: [com.training.mts.dto.GetAllUsersRequest@7e1922d6, com.training.mts.dto.GetAllUsersRequest@74c49bf4, com.training.mts.dto.GetAllUsersRequest@5a883e33]
2026-06-16 16:20:30 [http-nio-8080-exec-2] DEBUG org.springframework.security.web.FilterChainProxy - Securing OPTIONS /transactions/gettranslog?vpaId=john1291912@mts
2026-06-16 16:20:30 [http-nio-8080-exec-4] DEBUG org.springframework.security.web.FilterChainProxy - Securing GET /transactions/gettranslog?vpaId=john1291912@mts
2026-06-16 16:20:30 [http-nio-8080-exec-4] DEBUG org.springframework.security.web.FilterChainProxy - Secured GET /transactions/gettranslog?vpaId=john1291912@mts
2026-06-16 16:20:30 [http-nio-8080-exec-4] INFO  com.training.mts.aop.LoggingAspect - Entering method: TransactionServiceImpl.getTransactionHistory(..) with arguments: [john1291912@mts]
2026-06-16 16:20:30 [http-nio-8080-exec-4] INFO  com.training.mts.aop.LoggingAspect - Method executed successfully: TransactionServiceImpl.getTransactionHistory(..) | Returned: com.training.mts.dto.TransactionHistoryResponse@403354c3
2026-06-16 16:20:30 [http-nio-8080-exec-3] DEBUG org.springframework.security.web.FilterChainProxy - Securing OPTIONS /users/getbyvpa?vpaId=hari2390901@mts
2026-06-16 16:20:30 [http-nio-8080-exec-5] DEBUG org.springframework.security.web.FilterChainProxy - Securing GET /users/getbyvpa?vpaId=hari2390901@mts
2026-06-16 16:20:30 [http-nio-8080-exec-5] DEBUG org.springframework.security.web.FilterChainProxy - Secured GET /users/getbyvpa?vpaId=hari2390901@mts
2026-06-16 16:20:30 [http-nio-8080-exec-5] DEBUG org.springframework.security.web.FilterChainProxy - Securing GET /error?vpaId=hari2390901@mts
2026-06-16 16:20:30 [http-nio-8080-exec-3] DEBUG org.springframework.security.web.FilterChainProxy - Securing OPTIONS /users/getbyvpa?vpaId=nethra92923@mts
2026-06-16 16:20:30 [http-nio-8080-exec-5] DEBUG org.springframework.security.web.authentication.AnonymousAuthenticationFilter - Set SecurityContextHolder to anonymous SecurityContext
2026-06-16 16:20:30 [http-nio-8080-exec-5] DEBUG org.springframework.security.web.authentication.Http403ForbiddenEntryPoint - Pre-authenticated entry point called. Rejecting access
2026-06-16 16:20:30 [http-nio-8080-exec-7] DEBUG org.springframework.security.web.FilterChainProxy - Securing GET /users/getbyvpa?vpaId=nethra92923@mts
2026-06-16 16:20:30 [http-nio-8080-exec-7] DEBUG org.springframework.security.web.FilterChainProxy - Secured GET /users/getbyvpa?vpaId=nethra92923@mts
2026-06-16 16:20:30 [http-nio-8080-exec-7] DEBUG org.springframework.security.web.FilterChainProxy - Securing GET /error?vpaId=nethra92923@mts
2026-06-16 16:20:30 [http-nio-8080-exec-7] DEBUG org.springframework.security.web.authentication.AnonymousAuthenticationFilter - Set SecurityContextHolder to anonymous SecurityContext
2026-06-16 16:20:30 [http-nio-8080-exec-7] DEBUG org.springframework.security.web.authentication.Http403ForbiddenEntryPoint - Pre-authenticated entry point called. Rejecting access
2026-06-16 16:20:59 [http-nio-8080-exec-8] DEBUG org.springframework.security.web.FilterChainProxy - Securing OPTIONS /transactions/gettranslog?vpaId=john1291912@mts
2026-06-16 16:20:59 [http-nio-8080-exec-10] DEBUG org.springframework.security.web.FilterChainProxy - Securing GET /transactions/gettranslog?vpaId=john1291912@mts
2026-06-16 16:20:59 [http-nio-8080-exec-10] DEBUG org.springframework.security.web.FilterChainProxy - Secured GET /transactions/gettranslog?vpaId=john1291912@mts
2026-06-16 16:20:59 [http-nio-8080-exec-10] INFO  com.training.mts.aop.LoggingAspect - Entering method: TransactionServiceImpl.getTransactionHistory(..) with arguments: [john1291912@mts]
2026-06-16 16:20:59 [http-nio-8080-exec-10] INFO  com.training.mts.aop.LoggingAspect - Method executed successfully: TransactionServiceImpl.getTransactionHistory(..) | Returned: com.training.mts.dto.TransactionHistoryResponse@486e1430
2026-06-16 16:20:59 [http-nio-8080-exec-9] DEBUG org.springframework.security.web.FilterChainProxy - Securing OPTIONS /users/getbyvpa?vpaId=hari2390901@mts
2026-06-16 16:20:59 [http-nio-8080-exec-1] DEBUG org.springframework.security.web.FilterChainProxy - Securing OPTIONS /users/getbyvpa?vpaId=nethra92923@mts
2026-06-16 16:20:59 [http-nio-8080-exec-2] DEBUG org.springframework.security.web.FilterChainProxy - Securing GET /users/getbyvpa?vpaId=nethra92923@mts
2026-06-16 16:20:59 [http-nio-8080-exec-4] DEBUG org.springframework.security.web.FilterChainProxy - Securing GET /users/getbyvpa?vpaId=hari2390901@mts
2026-06-16 16:20:59 [http-nio-8080-exec-2] DEBUG org.springframework.security.web.FilterChainProxy - Secured GET /users/getbyvpa?vpaId=nethra92923@mts
2026-06-16 16:20:59 [http-nio-8080-exec-2] DEBUG org.springframework.security.web.FilterChainProxy - Securing GET /error?vpaId=nethra92923@mts
2026-06-16 16:20:59 [http-nio-8080-exec-2] DEBUG org.springframework.security.web.authentication.AnonymousAuthenticationFilter - Set SecurityContextHolder to anonymous SecurityContext
2026-06-16 16:20:59 [http-nio-8080-exec-2] DEBUG org.springframework.security.web.authentication.Http403ForbiddenEntryPoint - Pre-authenticated entry point called. Rejecting access
2026-06-16 16:20:59 [http-nio-8080-exec-4] DEBUG org.springframework.security.web.FilterChainProxy - Secured GET /users/getbyvpa?vpaId=hari2390901@mts
2026-06-16 16:20:59 [http-nio-8080-exec-4] DEBUG org.springframework.security.web.FilterChainProxy - Securing GET /error?vpaId=hari2390901@mts
2026-06-16 16:20:59 [http-nio-8080-exec-4] DEBUG org.springframework.security.web.authentication.AnonymousAuthenticationFilter - Set SecurityContextHolder to anonymous SecurityContext
2026-06-16 16:20:59 [http-nio-8080-exec-4] DEBUG org.springframework.security.web.authentication.Http403ForbiddenEntryPoint - Pre-authenticated entry point called. Rejecting access
2026-06-16 16:21:16 [http-nio-8080-exec-6] DEBUG org.springframework.security.web.FilterChainProxy - Securing OPTIONS /transactions/gettranslog?vpaId=john1291912@mts
2026-06-16 16:21:16 [http-nio-8080-exec-5] DEBUG org.springframework.security.web.FilterChainProxy - Securing GET /transactions/gettranslog?vpaId=john1291912@mts
2026-06-16 16:21:16 [http-nio-8080-exec-5] DEBUG org.springframework.security.web.FilterChainProxy - Secured GET /transactions/gettranslog?vpaId=john1291912@mts
2026-06-16 16:21:16 [http-nio-8080-exec-5] INFO  com.training.mts.aop.LoggingAspect - Entering method: TransactionServiceImpl.getTransactionHistory(..) with arguments: [john1291912@mts]
2026-06-16 16:21:16 [http-nio-8080-exec-5] INFO  com.training.mts.aop.LoggingAspect - Method executed successfully: TransactionServiceImpl.getTransactionHistory(..) | Returned: com.training.mts.dto.TransactionHistoryResponse@46b10179
2026-06-16 16:21:16 [http-nio-8080-exec-3] DEBUG org.springframework.security.web.FilterChainProxy - Securing OPTIONS /users/getbyvpa?vpaId=hari2390901@mts
2026-06-16 16:21:16 [http-nio-8080-exec-7] DEBUG org.springframework.security.web.FilterChainProxy - Securing OPTIONS /users/getbyvpa?vpaId=nethra92923@mts
2026-06-16 16:21:16 [http-nio-8080-exec-8] DEBUG org.springframework.security.web.FilterChainProxy - Securing GET /users/getbyvpa?vpaId=nethra92923@mts
2026-06-16 16:21:16 [http-nio-8080-exec-10] DEBUG org.springframework.security.web.FilterChainProxy - Securing GET /users/getbyvpa?vpaId=hari2390901@mts
2026-06-16 16:21:16 [http-nio-8080-exec-8] DEBUG org.springframework.security.web.FilterChainProxy - Secured GET /users/getbyvpa?vpaId=nethra92923@mts
2026-06-16 16:21:16 [http-nio-8080-exec-10] DEBUG org.springframework.security.web.FilterChainProxy - Secured GET /users/getbyvpa?vpaId=hari2390901@mts
2026-06-16 16:21:16 [http-nio-8080-exec-8] DEBUG org.springframework.security.web.FilterChainProxy - Securing GET /error?vpaId=nethra92923@mts
2026-06-16 16:21:16 [http-nio-8080-exec-8] DEBUG org.springframework.security.web.authentication.AnonymousAuthenticationFilter - Set SecurityContextHolder to anonymous SecurityContext
2026-06-16 16:21:16 [http-nio-8080-exec-8] DEBUG org.springframework.security.web.authentication.Http403ForbiddenEntryPoint - Pre-authenticated entry point called. Rejecting access
2026-06-16 16:21:16 [http-nio-8080-exec-10] DEBUG org.springframework.security.web.FilterChainProxy - Securing GET /error?vpaId=hari2390901@mts
2026-06-16 16:21:16 [http-nio-8080-exec-10] DEBUG org.springframework.security.web.authentication.AnonymousAuthenticationFilter - Set SecurityContextHolder to anonymous SecurityContext
2026-06-16 16:21:16 [http-nio-8080-exec-10] DEBUG org.springframework.security.web.authentication.Http403ForbiddenEntryPoint - Pre-authenticated entry point called. Rejecting access
2026-06-16 16:22:26 [http-nio-8080-exec-2] DEBUG org.springframework.security.web.FilterChainProxy - Securing OPTIONS /transactions/gettranslog?vpaId=john1291912@mts
2026-06-16 16:22:26 [http-nio-8080-exec-4] DEBUG org.springframework.security.web.FilterChainProxy - Securing GET /transactions/gettranslog?vpaId=john1291912@mts
2026-06-16 16:22:26 [http-nio-8080-exec-4] DEBUG org.springframework.security.web.FilterChainProxy - Secured GET /transactions/gettranslog?vpaId=john1291912@mts
2026-06-16 16:22:26 [http-nio-8080-exec-4] INFO  com.training.mts.aop.LoggingAspect - Entering method: TransactionServiceImpl.getTransactionHistory(..) with arguments: [john1291912@mts]
2026-06-16 16:22:26 [http-nio-8080-exec-4] INFO  com.training.mts.aop.LoggingAspect - Method executed successfully: TransactionServiceImpl.getTransactionHistory(..) | Returned: com.training.mts.dto.TransactionHistoryResponse@5280f966
2026-06-16 16:22:26 [http-nio-8080-exec-6] DEBUG org.springframework.security.web.FilterChainProxy - Securing OPTIONS /users/getbyvpa?vpaId=hari2390901@mts
2026-06-16 16:22:26 [http-nio-8080-exec-5] DEBUG org.springframework.security.web.FilterChainProxy - Securing OPTIONS /users/getbyvpa?vpaId=nethra92923@mts
2026-06-16 16:22:26 [http-nio-8080-exec-7] DEBUG org.springframework.security.web.FilterChainProxy - Securing GET /users/getbyvpa?vpaId=hari2390901@mts
2026-06-16 16:22:26 [http-nio-8080-exec-3] DEBUG org.springframework.security.web.FilterChainProxy - Securing GET /users/getbyvpa?vpaId=nethra92923@mts
2026-06-16 16:22:26 [http-nio-8080-exec-7] DEBUG org.springframework.security.web.FilterChainProxy - Secured GET /users/getbyvpa?vpaId=hari2390901@mts
2026-06-16 16:22:26 [http-nio-8080-exec-7] DEBUG org.springframework.security.web.FilterChainProxy - Securing GET /error?vpaId=hari2390901@mts
2026-06-16 16:22:26 [http-nio-8080-exec-7] DEBUG org.springframework.security.web.authentication.AnonymousAuthenticationFilter - Set SecurityContextHolder to anonymous SecurityContext
2026-06-16 16:22:26 [http-nio-8080-exec-7] DEBUG org.springframework.security.web.authentication.Http403ForbiddenEntryPoint - Pre-authenticated entry point called. Rejecting access
2026-06-16 16:22:26 [http-nio-8080-exec-3] DEBUG org.springframework.security.web.FilterChainProxy - Secured GET /users/getbyvpa?vpaId=nethra92923@mts
2026-06-16 16:22:26 [http-nio-8080-exec-3] DEBUG org.springframework.security.web.FilterChainProxy - Securing GET /error?vpaId=nethra92923@mts
2026-06-16 16:22:26 [http-nio-8080-exec-3] DEBUG org.springframework.security.web.authentication.AnonymousAuthenticationFilter - Set SecurityContextHolder to anonymous SecurityContext
2026-06-16 16:22:26 [http-nio-8080-exec-3] DEBUG org.springframework.security.web.authentication.Http403ForbiddenEntryPoint - Pre-authenticated entry point called. Rejecting access
2026-06-16 16:22:47 [http-nio-8080-exec-8] DEBUG org.springframework.security.web.FilterChainProxy - Securing OPTIONS /transactions/gettranslog?vpaId=john1291912@mts
2026-06-16 16:22:47 [http-nio-8080-exec-10] DEBUG org.springframework.security.web.FilterChainProxy - Securing GET /transactions/gettranslog?vpaId=john1291912@mts
2026-06-16 16:22:47 [http-nio-8080-exec-10] DEBUG org.springframework.security.web.FilterChainProxy - Secured GET /transactions/gettranslog?vpaId=john1291912@mts
2026-06-16 16:22:47 [http-nio-8080-exec-10] INFO  com.training.mts.aop.LoggingAspect - Entering method: TransactionServiceImpl.getTransactionHistory(..) with arguments: [john1291912@mts]
2026-06-16 16:22:47 [http-nio-8080-exec-10] INFO  com.training.mts.aop.LoggingAspect - Method executed successfully: TransactionServiceImpl.getTransactionHistory(..) | Returned: com.training.mts.dto.TransactionHistoryResponse@5a6c3e2f
2026-06-16 16:22:47 [http-nio-8080-exec-1] DEBUG org.springframework.security.web.FilterChainProxy - Securing OPTIONS /users/getbyvpa?vpaId=hari2390901@mts
2026-06-16 16:22:47 [http-nio-8080-exec-9] DEBUG org.springframework.security.web.FilterChainProxy - Securing OPTIONS /users/getbyvpa?vpaId=nethra92923@mts
2026-06-16 16:22:47 [http-nio-8080-exec-2] DEBUG org.springframework.security.web.FilterChainProxy - Securing GET /users/getbyvpa?vpaId=hari2390901@mts
2026-06-16 16:22:47 [http-nio-8080-exec-4] DEBUG org.springframework.security.web.FilterChainProxy - Securing GET /users/getbyvpa?vpaId=nethra92923@mts
2026-06-16 16:22:47 [http-nio-8080-exec-2] DEBUG org.springframework.security.web.FilterChainProxy - Secured GET /users/getbyvpa?vpaId=hari2390901@mts
2026-06-16 16:22:47 [http-nio-8080-exec-4] DEBUG org.springframework.security.web.FilterChainProxy - Secured GET /users/getbyvpa?vpaId=nethra92923@mts
2026-06-16 16:22:47 [http-nio-8080-exec-4] DEBUG org.springframework.security.web.FilterChainProxy - Securing GET /error?vpaId=nethra92923@mts
2026-06-16 16:22:47 [http-nio-8080-exec-4] DEBUG org.springframework.security.web.authentication.AnonymousAuthenticationFilter - Set SecurityContextHolder to anonymous SecurityContext
2026-06-16 16:22:47 [http-nio-8080-exec-4] DEBUG org.springframework.security.web.authentication.Http403ForbiddenEntryPoint - Pre-authenticated entry point called. Rejecting access
2026-06-16 16:22:47 [http-nio-8080-exec-2] DEBUG org.springframework.security.web.FilterChainProxy - Securing GET /error?vpaId=hari2390901@mts
2026-06-16 16:22:47 [http-nio-8080-exec-2] DEBUG org.springframework.security.web.authentication.AnonymousAuthenticationFilter - Set SecurityContextHolder to anonymous SecurityContext
2026-06-16 16:22:47 [http-nio-8080-exec-2] DEBUG org.springframework.security.web.authentication.Http403ForbiddenEntryPoint - Pre-authenticated entry point called. Rejecting access
2026-06-16 16:22:58 [http-nio-8080-exec-6] DEBUG org.springframework.security.web.FilterChainProxy - Securing OPTIONS /transactions/gettranslog?vpaId=john1291912@mts
2026-06-16 16:22:58 [http-nio-8080-exec-6] DEBUG org.springframework.security.web.FilterChainProxy - Securing GET /transactions/gettranslog?vpaId=john1291912@mts
2026-06-16 16:22:59 [http-nio-8080-exec-6] DEBUG org.springframework.security.web.FilterChainProxy - Secured GET /transactions/gettranslog?vpaId=john1291912@mts
2026-06-16 16:22:59 [http-nio-8080-exec-6] INFO  com.training.mts.aop.LoggingAspect - Entering method: TransactionServiceImpl.getTransactionHistory(..) with arguments: [john1291912@mts]
2026-06-16 16:22:59 [http-nio-8080-exec-6] INFO  com.training.mts.aop.LoggingAspect - Method executed successfully: TransactionServiceImpl.getTransactionHistory(..) | Returned: com.training.mts.dto.TransactionHistoryResponse@3cc13efe
2026-06-16 16:22:59 [http-nio-8080-exec-5] DEBUG org.springframework.security.web.FilterChainProxy - Securing OPTIONS /users/getbyvpa?vpaId=nethra92923@mts
2026-06-16 16:22:59 [http-nio-8080-exec-7] DEBUG org.springframework.security.web.FilterChainProxy - Securing OPTIONS /users/getbyvpa?vpaId=hari2390901@mts
2026-06-16 16:22:59 [http-nio-8080-exec-3] DEBUG org.springframework.security.web.FilterChainProxy - Securing GET /users/getbyvpa?vpaId=hari2390901@mts
2026-06-16 16:22:59 [http-nio-8080-exec-8] DEBUG org.springframework.security.web.FilterChainProxy - Securing GET /users/getbyvpa?vpaId=nethra92923@mts
2026-06-16 16:22:59 [http-nio-8080-exec-8] DEBUG org.springframework.security.web.FilterChainProxy - Secured GET /users/getbyvpa?vpaId=nethra92923@mts
2026-06-16 16:22:59 [http-nio-8080-exec-3] DEBUG org.springframework.security.web.FilterChainProxy - Secured GET /users/getbyvpa?vpaId=hari2390901@mts
2026-06-16 16:22:59 [http-nio-8080-exec-8] DEBUG org.springframework.security.web.FilterChainProxy - Securing GET /error?vpaId=nethra92923@mts
2026-06-16 16:22:59 [http-nio-8080-exec-8] DEBUG org.springframework.security.web.authentication.AnonymousAuthenticationFilter - Set SecurityContextHolder to anonymous SecurityContext
2026-06-16 16:22:59 [http-nio-8080-exec-8] DEBUG org.springframework.security.web.authentication.Http403ForbiddenEntryPoint - Pre-authenticated entry point called. Rejecting access
2026-06-16 16:22:59 [http-nio-8080-exec-3] DEBUG org.springframework.security.web.FilterChainProxy - Securing GET /error?vpaId=hari2390901@mts
2026-06-16 16:22:59 [http-nio-8080-exec-3] DEBUG org.springframework.security.web.authentication.AnonymousAuthenticationFilter - Set SecurityContextHolder to anonymous SecurityContext
2026-06-16 16:22:59 [http-nio-8080-exec-3] DEBUG org.springframework.security.web.authentication.Http403ForbiddenEntryPoint - Pre-authenticated entry point called. Rejecting access
2026-06-16 16:23:15 [http-nio-8080-exec-10] DEBUG org.springframework.security.web.FilterChainProxy - Securing OPTIONS /transactions/gettranslog?vpaId=john1291912@mts
2026-06-16 16:23:15 [http-nio-8080-exec-1] DEBUG org.springframework.security.web.FilterChainProxy - Securing GET /transactions/gettranslog?vpaId=john1291912@mts
2026-06-16 16:23:15 [http-nio-8080-exec-1] DEBUG org.springframework.security.web.FilterChainProxy - Secured GET /transactions/gettranslog?vpaId=john1291912@mts
2026-06-16 16:23:15 [http-nio-8080-exec-1] INFO  com.training.mts.aop.LoggingAspect - Entering method: TransactionServiceImpl.getTransactionHistory(..) with arguments: [john1291912@mts]
2026-06-16 16:23:15 [http-nio-8080-exec-1] INFO  com.training.mts.aop.LoggingAspect - Method executed successfully: TransactionServiceImpl.getTransactionHistory(..) | Returned: com.training.mts.dto.TransactionHistoryResponse@346e5211
2026-06-16 16:23:15 [http-nio-8080-exec-9] DEBUG org.springframework.security.web.FilterChainProxy - Securing OPTIONS /users/getbyvpa?vpaId=hari2390901@mts
2026-06-16 16:23:15 [http-nio-8080-exec-4] DEBUG org.springframework.security.web.FilterChainProxy - Securing GET /users/getbyvpa?vpaId=hari2390901@mts
2026-06-16 16:23:15 [http-nio-8080-exec-2] DEBUG org.springframework.security.web.FilterChainProxy - Securing OPTIONS /users/getbyvpa?vpaId=nethra92923@mts
2026-06-16 16:23:15 [http-nio-8080-exec-6] DEBUG org.springframework.security.web.FilterChainProxy - Securing GET /users/getbyvpa?vpaId=nethra92923@mts
2026-06-16 16:23:15 [http-nio-8080-exec-4] DEBUG org.springframework.security.web.FilterChainProxy - Secured GET /users/getbyvpa?vpaId=hari2390901@mts
2026-06-16 16:23:15 [http-nio-8080-exec-4] DEBUG org.springframework.security.web.FilterChainProxy - Securing GET /error?vpaId=hari2390901@mts
2026-06-16 16:23:15 [http-nio-8080-exec-4] DEBUG org.springframework.security.web.authentication.AnonymousAuthenticationFilter - Set SecurityContextHolder to anonymous SecurityContext
2026-06-16 16:23:15 [http-nio-8080-exec-4] DEBUG org.springframework.security.web.authentication.Http403ForbiddenEntryPoint - Pre-authenticated entry point called. Rejecting access
2026-06-16 16:23:15 [http-nio-8080-exec-6] DEBUG org.springframework.security.web.FilterChainProxy - Secured GET /users/getbyvpa?vpaId=nethra92923@mts
2026-06-16 16:23:15 [http-nio-8080-exec-6] DEBUG org.springframework.security.web.FilterChainProxy - Securing GET /error?vpaId=nethra92923@mts
2026-06-16 16:23:15 [http-nio-8080-exec-6] DEBUG org.springframework.security.web.authentication.AnonymousAuthenticationFilter - Set SecurityContextHolder to anonymous SecurityContext
2026-06-16 16:23:15 [http-nio-8080-exec-6] DEBUG org.springframework.security.web.authentication.Http403ForbiddenEntryPoint - Pre-authenticated entry point called. Rejecting access
2026-06-16 16:26:30 [http-nio-8080-exec-8] DEBUG org.springframework.security.web.FilterChainProxy - Securing OPTIONS /users/getusers
2026-06-16 16:26:30 [http-nio-8080-exec-3] DEBUG org.springframework.security.web.FilterChainProxy - Securing GET /users/getusers
2026-06-16 16:26:30 [http-nio-8080-exec-3] DEBUG org.springframework.security.web.FilterChainProxy - Secured GET /users/getusers
2026-06-16 16:26:30 [http-nio-8080-exec-3] INFO  com.training.mts.aop.LoggingAspect - Entering method: UserServiceImpl.getAllUsers() with arguments: []
2026-06-16 16:26:30 [http-nio-8080-exec-3] INFO  com.training.mts.aop.LoggingAspect - Method executed successfully: UserServiceImpl.getAllUsers() | Returned: [com.training.mts.dto.GetAllUsersRequest@25672413, com.training.mts.dto.GetAllUsersRequest@305dc28c, com.training.mts.dto.GetAllUsersRequest@7b9cfae5]
2026-06-16 16:26:45 [http-nio-8080-exec-10] DEBUG org.springframework.security.web.FilterChainProxy - Securing OPTIONS /transactions/gettranslog?vpaId=john1291912@mts
2026-06-16 16:26:45 [http-nio-8080-exec-1] DEBUG org.springframework.security.web.FilterChainProxy - Securing GET /transactions/gettranslog?vpaId=john1291912@mts
2026-06-16 16:26:45 [http-nio-8080-exec-1] DEBUG org.springframework.security.web.FilterChainProxy - Secured GET /transactions/gettranslog?vpaId=john1291912@mts
2026-06-16 16:26:45 [http-nio-8080-exec-1] INFO  com.training.mts.aop.LoggingAspect - Entering method: TransactionServiceImpl.getTransactionHistory(..) with arguments: [john1291912@mts]
2026-06-16 16:26:46 [http-nio-8080-exec-1] INFO  com.training.mts.aop.LoggingAspect - Method executed successfully: TransactionServiceImpl.getTransactionHistory(..) | Returned: com.training.mts.dto.TransactionHistoryResponse@157f82bd
2026-06-16 16:26:46 [http-nio-8080-exec-9] DEBUG org.springframework.security.web.FilterChainProxy - Securing OPTIONS /users/getbyvpa?vpaId=hari2390901@mts
2026-06-16 16:26:46 [http-nio-8080-exec-2] DEBUG org.springframework.security.web.FilterChainProxy - Securing OPTIONS /users/getbyvpa?vpaId=nethra92923@mts
2026-06-16 16:26:46 [http-nio-8080-exec-4] DEBUG org.springframework.security.web.FilterChainProxy - Securing GET /users/getbyvpa?vpaId=hari2390901@mts
2026-06-16 16:26:46 [http-nio-8080-exec-6] DEBUG org.springframework.security.web.FilterChainProxy - Securing GET /users/getbyvpa?vpaId=nethra92923@mts
2026-06-16 16:26:46 [http-nio-8080-exec-4] DEBUG org.springframework.security.web.FilterChainProxy - Secured GET /users/getbyvpa?vpaId=hari2390901@mts
2026-06-16 16:26:46 [http-nio-8080-exec-6] DEBUG org.springframework.security.web.FilterChainProxy - Secured GET /users/getbyvpa?vpaId=nethra92923@mts
2026-06-16 16:26:46 [http-nio-8080-exec-6] DEBUG org.springframework.security.web.FilterChainProxy - Securing GET /error?vpaId=nethra92923@mts
2026-06-16 16:26:46 [http-nio-8080-exec-4] DEBUG org.springframework.security.web.FilterChainProxy - Securing GET /error?vpaId=hari2390901@mts
2026-06-16 16:26:46 [http-nio-8080-exec-6] DEBUG org.springframework.security.web.authentication.AnonymousAuthenticationFilter - Set SecurityContextHolder to anonymous SecurityContext
2026-06-16 16:26:46 [http-nio-8080-exec-4] DEBUG org.springframework.security.web.authentication.AnonymousAuthenticationFilter - Set SecurityContextHolder to anonymous SecurityContext
2026-06-16 16:26:46 [http-nio-8080-exec-6] DEBUG org.springframework.security.web.authentication.Http403ForbiddenEntryPoint - Pre-authenticated entry point called. Rejecting access
2026-06-16 16:26:46 [http-nio-8080-exec-4] DEBUG org.springframework.security.web.authentication.Http403ForbiddenEntryPoint - Pre-authenticated entry point called. Rejecting access
2026-06-16 16:26:56 [http-nio-8080-exec-7] DEBUG org.springframework.security.web.FilterChainProxy - Securing OPTIONS /transactions/gettranslog?vpaId=john1291912@mts
2026-06-16 16:26:56 [http-nio-8080-exec-5] DEBUG org.springframework.security.web.FilterChainProxy - Securing GET /transactions/gettranslog?vpaId=john1291912@mts
2026-06-16 16:26:56 [http-nio-8080-exec-5] DEBUG org.springframework.security.web.FilterChainProxy - Secured GET /transactions/gettranslog?vpaId=john1291912@mts
2026-06-16 16:26:56 [http-nio-8080-exec-5] INFO  com.training.mts.aop.LoggingAspect - Entering method: TransactionServiceImpl.getTransactionHistory(..) with arguments: [john1291912@mts]
2026-06-16 16:26:56 [http-nio-8080-exec-5] INFO  com.training.mts.aop.LoggingAspect - Method executed successfully: TransactionServiceImpl.getTransactionHistory(..) | Returned: com.training.mts.dto.TransactionHistoryResponse@4cfb8b30
2026-06-16 16:26:56 [http-nio-8080-exec-8] DEBUG org.springframework.security.web.FilterChainProxy - Securing OPTIONS /users/getbyvpa?vpaId=hari2390901@mts
2026-06-16 16:26:56 [http-nio-8080-exec-3] DEBUG org.springframework.security.web.FilterChainProxy - Securing OPTIONS /users/getbyvpa?vpaId=nethra92923@mts
2026-06-16 16:26:56 [http-nio-8080-exec-10] DEBUG org.springframework.security.web.FilterChainProxy - Securing GET /users/getbyvpa?vpaId=hari2390901@mts
2026-06-16 16:26:56 [http-nio-8080-exec-1] DEBUG org.springframework.security.web.FilterChainProxy - Securing GET /users/getbyvpa?vpaId=nethra92923@mts
2026-06-16 16:26:57 [http-nio-8080-exec-10] DEBUG org.springframework.security.web.FilterChainProxy - Secured GET /users/getbyvpa?vpaId=hari2390901@mts
2026-06-16 16:26:57 [http-nio-8080-exec-10] DEBUG org.springframework.security.web.FilterChainProxy - Securing GET /error?vpaId=hari2390901@mts
2026-06-16 16:26:57 [http-nio-8080-exec-10] DEBUG org.springframework.security.web.authentication.AnonymousAuthenticationFilter - Set SecurityContextHolder to anonymous SecurityContext
2026-06-16 16:26:57 [http-nio-8080-exec-10] DEBUG org.springframework.security.web.authentication.Http403ForbiddenEntryPoint - Pre-authenticated entry point called. Rejecting access
2026-06-16 16:26:57 [http-nio-8080-exec-1] DEBUG org.springframework.security.web.FilterChainProxy - Secured GET /users/getbyvpa?vpaId=nethra92923@mts
2026-06-16 16:26:57 [http-nio-8080-exec-1] DEBUG org.springframework.security.web.FilterChainProxy - Securing GET /error?vpaId=nethra92923@mts
2026-06-16 16:26:57 [http-nio-8080-exec-1] DEBUG org.springframework.security.web.authentication.AnonymousAuthenticationFilter - Set SecurityContextHolder to anonymous SecurityContext
2026-06-16 16:26:57 [http-nio-8080-exec-1] DEBUG org.springframework.security.web.authentication.Http403ForbiddenEntryPoint - Pre-authenticated entry point called. Rejecting access
2026-06-16 16:28:39 [http-nio-8080-exec-4] DEBUG org.springframework.security.web.FilterChainProxy - Securing POST /auth/login
2026-06-16 16:28:39 [http-nio-8080-exec-4] DEBUG org.springframework.security.web.authentication.AnonymousAuthenticationFilter - Set SecurityContextHolder to anonymous SecurityContext
2026-06-16 16:28:39 [http-nio-8080-exec-4] DEBUG org.springframework.security.web.FilterChainProxy - Secured POST /auth/login
2026-06-16 16:28:39 [http-nio-8080-exec-4] DEBUG org.springframework.security.authentication.dao.DaoAuthenticationProvider - Authenticated user
2026-06-16 16:28:39 [http-nio-8080-exec-6] DEBUG org.springframework.security.web.FilterChainProxy - Securing OPTIONS /users/findByPhone?phoneNumber=9191919191
2026-06-16 16:28:39 [http-nio-8080-exec-7] DEBUG org.springframework.security.web.FilterChainProxy - Securing GET /users/findByPhone?phoneNumber=9191919191
2026-06-16 16:28:39 [http-nio-8080-exec-7] DEBUG org.springframework.security.web.FilterChainProxy - Secured GET /users/findByPhone?phoneNumber=9191919191
2026-06-16 16:28:39 [http-nio-8080-exec-7] INFO  com.training.mts.aop.LoggingAspect - Entering method: UserServiceImpl.getUserByPhoneNumber(..) with arguments: [9191919191]
2026-06-16 16:28:39 [http-nio-8080-exec-7] INFO  com.training.mts.aop.LoggingAspect - Method executed successfully: UserServiceImpl.getUserByPhoneNumber(..) | Returned: User{id=2, name='John', vpa=com.training.mts.model.VPA@5c5a333b}
2026-06-16 16:28:39 [http-nio-8080-exec-5] DEBUG org.springframework.security.web.FilterChainProxy - Securing OPTIONS /transactions/gettranslog?vpaId=john1291912@mts
2026-06-16 16:28:39 [http-nio-8080-exec-8] DEBUG org.springframework.security.web.FilterChainProxy - Securing GET /transactions/gettranslog?vpaId=john1291912@mts
2026-06-16 16:28:39 [http-nio-8080-exec-8] DEBUG org.springframework.security.web.FilterChainProxy - Secured GET /transactions/gettranslog?vpaId=john1291912@mts
2026-06-16 16:28:39 [http-nio-8080-exec-8] INFO  com.training.mts.aop.LoggingAspect - Entering method: TransactionServiceImpl.getTransactionHistory(..) with arguments: [john1291912@mts]
2026-06-16 16:28:39 [http-nio-8080-exec-8] INFO  com.training.mts.aop.LoggingAspect - Method executed successfully: TransactionServiceImpl.getTransactionHistory(..) | Returned: com.training.mts.dto.TransactionHistoryResponse@6dd3d969
2026-06-16 16:28:39 [http-nio-8080-exec-3] DEBUG org.springframework.security.web.FilterChainProxy - Securing OPTIONS /users/getbyvpa?vpaId=hari2390901@mts
2026-06-16 16:28:39 [http-nio-8080-exec-3] DEBUG org.springframework.security.web.FilterChainProxy - Securing OPTIONS /users/getbyvpa?vpaId=nethra92923@mts
2026-06-16 16:28:39 [http-nio-8080-exec-2] DEBUG org.springframework.security.web.FilterChainProxy - Securing GET /users/getbyvpa?vpaId=nethra92923@mts
2026-06-16 16:28:39 [http-nio-8080-exec-1] DEBUG org.springframework.security.web.FilterChainProxy - Securing GET /users/getbyvpa?vpaId=hari2390901@mts
2026-06-16 16:28:39 [http-nio-8080-exec-2] DEBUG org.springframework.security.web.FilterChainProxy - Secured GET /users/getbyvpa?vpaId=nethra92923@mts
2026-06-16 16:28:39 [http-nio-8080-exec-1] DEBUG org.springframework.security.web.FilterChainProxy - Secured GET /users/getbyvpa?vpaId=hari2390901@mts
2026-06-16 16:28:39 [http-nio-8080-exec-2] DEBUG org.springframework.security.web.FilterChainProxy - Securing GET /error?vpaId=nethra92923@mts
2026-06-16 16:28:39 [http-nio-8080-exec-2] DEBUG org.springframework.security.web.authentication.AnonymousAuthenticationFilter - Set SecurityContextHolder to anonymous SecurityContext
2026-06-16 16:28:39 [http-nio-8080-exec-1] DEBUG org.springframework.security.web.FilterChainProxy - Securing GET /error?vpaId=hari2390901@mts
2026-06-16 16:28:39 [http-nio-8080-exec-1] DEBUG org.springframework.security.web.authentication.AnonymousAuthenticationFilter - Set SecurityContextHolder to anonymous SecurityContext
2026-06-16 16:28:39 [http-nio-8080-exec-2] DEBUG org.springframework.security.web.authentication.Http403ForbiddenEntryPoint - Pre-authenticated entry point called. Rejecting access
2026-06-16 16:28:39 [http-nio-8080-exec-1] DEBUG org.springframework.security.web.authentication.Http403ForbiddenEntryPoint - Pre-authenticated entry point called. Rejecting access
2026-06-16 16:28:41 [http-nio-8080-exec-9] DEBUG org.springframework.security.web.FilterChainProxy - Securing OPTIONS /users/getusers
2026-06-16 16:28:41 [http-nio-8080-exec-4] DEBUG org.springframework.security.web.FilterChainProxy - Securing GET /users/getusers
2026-06-16 16:28:41 [http-nio-8080-exec-4] DEBUG org.springframework.security.web.FilterChainProxy - Secured GET /users/getusers
2026-06-16 16:28:41 [http-nio-8080-exec-4] INFO  com.training.mts.aop.LoggingAspect - Entering method: UserServiceImpl.getAllUsers() with arguments: []
2026-06-16 16:28:41 [http-nio-8080-exec-4] INFO  com.training.mts.aop.LoggingAspect - Method executed successfully: UserServiceImpl.getAllUsers() | Returned: [com.training.mts.dto.GetAllUsersRequest@17e07032, com.training.mts.dto.GetAllUsersRequest@836d4c6, com.training.mts.dto.GetAllUsersRequest@40b1c8d7]
2026-06-16 16:29:05 [http-nio-8080-exec-6] DEBUG org.springframework.security.web.FilterChainProxy - Securing OPTIONS /transactions/gettranslog?vpaId=john1291912@mts
2026-06-16 16:29:05 [http-nio-8080-exec-7] DEBUG org.springframework.security.web.FilterChainProxy - Securing GET /transactions/gettranslog?vpaId=john1291912@mts
2026-06-16 16:29:05 [http-nio-8080-exec-7] DEBUG org.springframework.security.web.FilterChainProxy - Secured GET /transactions/gettranslog?vpaId=john1291912@mts
2026-06-16 16:29:05 [http-nio-8080-exec-7] INFO  com.training.mts.aop.LoggingAspect - Entering method: TransactionServiceImpl.getTransactionHistory(..) with arguments: [john1291912@mts]
2026-06-16 16:29:05 [http-nio-8080-exec-7] INFO  com.training.mts.aop.LoggingAspect - Method executed successfully: TransactionServiceImpl.getTransactionHistory(..) | Returned: com.training.mts.dto.TransactionHistoryResponse@42373336
2026-06-16 16:29:05 [http-nio-8080-exec-5] DEBUG org.springframework.security.web.FilterChainProxy - Securing OPTIONS /users/getbyvpa?vpaId=hari2390901@mts
2026-06-16 16:29:05 [http-nio-8080-exec-8] DEBUG org.springframework.security.web.FilterChainProxy - Securing OPTIONS /users/getbyvpa?vpaId=nethra92923@mts
2026-06-16 16:29:05 [http-nio-8080-exec-3] DEBUG org.springframework.security.web.FilterChainProxy - Securing GET /users/getbyvpa?vpaId=nethra92923@mts
2026-06-16 16:29:05 [http-nio-8080-exec-10] DEBUG org.springframework.security.web.FilterChainProxy - Securing GET /users/getbyvpa?vpaId=hari2390901@mts
2026-06-16 16:29:05 [http-nio-8080-exec-3] DEBUG org.springframework.security.web.FilterChainProxy - Secured GET /users/getbyvpa?vpaId=nethra92923@mts
2026-06-16 16:29:06 [http-nio-8080-exec-10] DEBUG org.springframework.security.web.FilterChainProxy - Secured GET /users/getbyvpa?vpaId=hari2390901@mts
2026-06-16 16:29:06 [http-nio-8080-exec-3] DEBUG org.springframework.security.web.FilterChainProxy - Securing GET /error?vpaId=nethra92923@mts
2026-06-16 16:29:06 [http-nio-8080-exec-3] DEBUG org.springframework.security.web.authentication.AnonymousAuthenticationFilter - Set SecurityContextHolder to anonymous SecurityContext
2026-06-16 16:29:06 [http-nio-8080-exec-3] DEBUG org.springframework.security.web.authentication.Http403ForbiddenEntryPoint - Pre-authenticated entry point called. Rejecting access
2026-06-16 16:29:06 [http-nio-8080-exec-10] DEBUG org.springframework.security.web.FilterChainProxy - Securing GET /error?vpaId=hari2390901@mts
2026-06-16 16:29:06 [http-nio-8080-exec-10] DEBUG org.springframework.security.web.authentication.AnonymousAuthenticationFilter - Set SecurityContextHolder to anonymous SecurityContext
2026-06-16 16:29:06 [http-nio-8080-exec-10] DEBUG org.springframework.security.web.authentication.Http403ForbiddenEntryPoint - Pre-authenticated entry point called. Rejecting access
2026-06-16 16:29:11 [http-nio-8080-exec-1] DEBUG org.springframework.security.web.FilterChainProxy - Securing OPTIONS /transactions/gettranslog?vpaId=john1291912@mts
2026-06-16 16:29:11 [http-nio-8080-exec-2] DEBUG org.springframework.security.web.FilterChainProxy - Securing GET /transactions/gettranslog?vpaId=john1291912@mts
2026-06-16 16:29:11 [http-nio-8080-exec-2] DEBUG org.springframework.security.web.FilterChainProxy - Secured GET /transactions/gettranslog?vpaId=john1291912@mts
2026-06-16 16:29:11 [http-nio-8080-exec-2] INFO  com.training.mts.aop.LoggingAspect - Entering method: TransactionServiceImpl.getTransactionHistory(..) with arguments: [john1291912@mts]
2026-06-16 16:29:12 [http-nio-8080-exec-2] INFO  com.training.mts.aop.LoggingAspect - Method executed successfully: TransactionServiceImpl.getTransactionHistory(..) | Returned: com.training.mts.dto.TransactionHistoryResponse@3b76d88d
2026-06-16 16:29:12 [http-nio-8080-exec-9] DEBUG org.springframework.security.web.FilterChainProxy - Securing OPTIONS /users/getbyvpa?vpaId=hari2390901@mts
2026-06-16 16:29:12 [http-nio-8080-exec-4] DEBUG org.springframework.security.web.FilterChainProxy - Securing OPTIONS /users/getbyvpa?vpaId=nethra92923@mts
2026-06-16 16:29:12 [http-nio-8080-exec-6] DEBUG org.springframework.security.web.FilterChainProxy - Securing GET /users/getbyvpa?vpaId=nethra92923@mts
2026-06-16 16:29:12 [http-nio-8080-exec-7] DEBUG org.springframework.security.web.FilterChainProxy - Securing GET /users/getbyvpa?vpaId=hari2390901@mts
2026-06-16 16:29:12 [http-nio-8080-exec-6] DEBUG org.springframework.security.web.FilterChainProxy - Secured GET /users/getbyvpa?vpaId=nethra92923@mts
2026-06-16 16:29:12 [http-nio-8080-exec-6] DEBUG org.springframework.security.web.FilterChainProxy - Securing GET /error?vpaId=nethra92923@mts
2026-06-16 16:29:12 [http-nio-8080-exec-6] DEBUG org.springframework.security.web.authentication.AnonymousAuthenticationFilter - Set SecurityContextHolder to anonymous SecurityContext
2026-06-16 16:29:12 [http-nio-8080-exec-6] DEBUG org.springframework.security.web.authentication.Http403ForbiddenEntryPoint - Pre-authenticated entry point called. Rejecting access
2026-06-16 16:29:12 [http-nio-8080-exec-7] DEBUG org.springframework.security.web.FilterChainProxy - Secured GET /users/getbyvpa?vpaId=hari2390901@mts
2026-06-16 16:29:12 [http-nio-8080-exec-7] DEBUG org.springframework.security.web.FilterChainProxy - Securing GET /error?vpaId=hari2390901@mts
2026-06-16 16:29:12 [http-nio-8080-exec-7] DEBUG org.springframework.security.web.authentication.AnonymousAuthenticationFilter - Set SecurityContextHolder to anonymous SecurityContext
2026-06-16 16:29:12 [http-nio-8080-exec-7] DEBUG org.springframework.security.web.authentication.Http403ForbiddenEntryPoint - Pre-authenticated entry point called. Rejecting access
2026-06-16 16:29:13 [http-nio-8080-exec-8] DEBUG org.springframework.security.web.FilterChainProxy - Securing OPTIONS /transactions/gettranslog?vpaId=john1291912@mts
2026-06-16 16:29:13 [http-nio-8080-exec-5] DEBUG org.springframework.security.web.FilterChainProxy - Securing GET /transactions/gettranslog?vpaId=john1291912@mts
2026-06-16 16:29:13 [http-nio-8080-exec-5] DEBUG org.springframework.security.web.FilterChainProxy - Secured GET /transactions/gettranslog?vpaId=john1291912@mts
2026-06-16 16:29:13 [http-nio-8080-exec-5] INFO  com.training.mts.aop.LoggingAspect - Entering method: TransactionServiceImpl.getTransactionHistory(..) with arguments: [john1291912@mts]
2026-06-16 16:29:13 [http-nio-8080-exec-5] INFO  com.training.mts.aop.LoggingAspect - Method executed successfully: TransactionServiceImpl.getTransactionHistory(..) | Returned: com.training.mts.dto.TransactionHistoryResponse@1caa0207
2026-06-16 16:29:13 [http-nio-8080-exec-3] DEBUG org.springframework.security.web.FilterChainProxy - Securing OPTIONS /users/getbyvpa?vpaId=hari2390901@mts
2026-06-16 16:29:13 [http-nio-8080-exec-3] DEBUG org.springframework.security.web.FilterChainProxy - Securing GET /users/getbyvpa?vpaId=hari2390901@mts
2026-06-16 16:29:13 [http-nio-8080-exec-3] DEBUG org.springframework.security.web.FilterChainProxy - Secured GET /users/getbyvpa?vpaId=hari2390901@mts
2026-06-16 16:29:13 [http-nio-8080-exec-3] DEBUG org.springframework.security.web.FilterChainProxy - Securing GET /error?vpaId=hari2390901@mts
2026-06-16 16:29:13 [http-nio-8080-exec-3] DEBUG org.springframework.security.web.authentication.AnonymousAuthenticationFilter - Set SecurityContextHolder to anonymous SecurityContext
2026-06-16 16:29:13 [http-nio-8080-exec-3] DEBUG org.springframework.security.web.authentication.Http403ForbiddenEntryPoint - Pre-authenticated entry point called. Rejecting access
2026-06-16 16:29:13 [http-nio-8080-exec-10] DEBUG org.springframework.security.web.FilterChainProxy - Securing OPTIONS /users/getbyvpa?vpaId=nethra92923@mts
2026-06-16 16:29:13 [http-nio-8080-exec-1] DEBUG org.springframework.security.web.FilterChainProxy - Securing GET /users/getbyvpa?vpaId=nethra92923@mts
2026-06-16 16:29:13 [http-nio-8080-exec-1] DEBUG org.springframework.security.web.FilterChainProxy - Secured GET /users/getbyvpa?vpaId=nethra92923@mts
2026-06-16 16:29:13 [http-nio-8080-exec-1] DEBUG org.springframework.security.web.FilterChainProxy - Securing GET /error?vpaId=nethra92923@mts
2026-06-16 16:29:13 [http-nio-8080-exec-1] DEBUG org.springframework.security.web.authentication.AnonymousAuthenticationFilter - Set SecurityContextHolder to anonymous SecurityContext
2026-06-16 16:29:13 [http-nio-8080-exec-1] DEBUG org.springframework.security.web.authentication.Http403ForbiddenEntryPoint - Pre-authenticated entry point called. Rejecting access
2026-06-16 16:29:13 [http-nio-8080-exec-2] DEBUG org.springframework.security.web.FilterChainProxy - Securing OPTIONS /users/getbyvpa?vpaId=hari2390901@mts
2026-06-16 16:29:13 [http-nio-8080-exec-4] DEBUG org.springframework.security.web.FilterChainProxy - Securing GET /users/getbyvpa?vpaId=hari2390901@mts
2026-06-16 16:29:13 [http-nio-8080-exec-4] DEBUG org.springframework.security.web.FilterChainProxy - Secured GET /users/getbyvpa?vpaId=hari2390901@mts
2026-06-16 16:29:13 [http-nio-8080-exec-4] DEBUG org.springframework.security.web.FilterChainProxy - Securing GET /error?vpaId=hari2390901@mts
2026-06-16 16:29:13 [http-nio-8080-exec-4] DEBUG org.springframework.security.web.authentication.AnonymousAuthenticationFilter - Set SecurityContextHolder to anonymous SecurityContext
2026-06-16 16:29:13 [http-nio-8080-exec-4] DEBUG org.springframework.security.web.authentication.Http403ForbiddenEntryPoint - Pre-authenticated entry point called. Rejecting access
2026-06-16 16:29:14 [http-nio-8080-exec-9] DEBUG org.springframework.security.web.FilterChainProxy - Securing OPTIONS /users/getbyvpa?vpaId=hari2390901@mts
2026-06-16 16:29:14 [http-nio-8080-exec-6] DEBUG org.springframework.security.web.FilterChainProxy - Securing GET /users/getbyvpa?vpaId=hari2390901@mts
2026-06-16 16:29:14 [http-nio-8080-exec-6] DEBUG org.springframework.security.web.FilterChainProxy - Secured GET /users/getbyvpa?vpaId=hari2390901@mts
2026-06-16 16:29:14 [http-nio-8080-exec-6] DEBUG org.springframework.security.web.FilterChainProxy - Securing GET /error?vpaId=hari2390901@mts
2026-06-16 16:29:14 [http-nio-8080-exec-6] DEBUG org.springframework.security.web.authentication.AnonymousAuthenticationFilter - Set SecurityContextHolder to anonymous SecurityContext
2026-06-16 16:29:14 [http-nio-8080-exec-6] DEBUG org.springframework.security.web.authentication.Http403ForbiddenEntryPoint - Pre-authenticated entry point called. Rejecting access
2026-06-16 16:29:14 [http-nio-8080-exec-7] DEBUG org.springframework.security.web.FilterChainProxy - Securing OPTIONS /users/getbyvpa?vpaId=hari2390901@mts
2026-06-16 16:29:14 [http-nio-8080-exec-8] DEBUG org.springframework.security.web.FilterChainProxy - Securing GET /users/getbyvpa?vpaId=hari2390901@mts
2026-06-16 16:29:14 [http-nio-8080-exec-8] DEBUG org.springframework.security.web.FilterChainProxy - Secured GET /users/getbyvpa?vpaId=hari2390901@mts
2026-06-16 16:29:14 [http-nio-8080-exec-8] DEBUG org.springframework.security.web.FilterChainProxy - Securing GET /error?vpaId=hari2390901@mts
2026-06-16 16:29:14 [http-nio-8080-exec-8] DEBUG org.springframework.security.web.authentication.AnonymousAuthenticationFilter - Set SecurityContextHolder to anonymous SecurityContext
2026-06-16 16:29:14 [http-nio-8080-exec-8] DEBUG org.springframework.security.web.authentication.Http403ForbiddenEntryPoint - Pre-authenticated entry point called. Rejecting access
2026-06-16 16:29:15 [http-nio-8080-exec-5] DEBUG org.springframework.security.web.FilterChainProxy - Securing OPTIONS /transactions/gettranslog?vpaId=john1291912@mts
2026-06-16 16:29:15 [http-nio-8080-exec-3] DEBUG org.springframework.security.web.FilterChainProxy - Securing GET /transactions/gettranslog?vpaId=john1291912@mts
2026-06-16 16:29:15 [http-nio-8080-exec-3] DEBUG org.springframework.security.web.FilterChainProxy - Secured GET /transactions/gettranslog?vpaId=john1291912@mts
2026-06-16 16:29:15 [http-nio-8080-exec-3] INFO  com.training.mts.aop.LoggingAspect - Entering method: TransactionServiceImpl.getTransactionHistory(..) with arguments: [john1291912@mts]
2026-06-16 16:29:15 [http-nio-8080-exec-3] INFO  com.training.mts.aop.LoggingAspect - Method executed successfully: TransactionServiceImpl.getTransactionHistory(..) | Returned: com.training.mts.dto.TransactionHistoryResponse@37954f1b
2026-06-16 16:29:15 [http-nio-8080-exec-1] DEBUG org.springframework.security.web.FilterChainProxy - Securing OPTIONS /users/getbyvpa?vpaId=nethra92923@mts
2026-06-16 16:29:15 [http-nio-8080-exec-10] DEBUG org.springframework.security.web.FilterChainProxy - Securing OPTIONS /users/getbyvpa?vpaId=hari2390901@mts
2026-06-16 16:29:15 [http-nio-8080-exec-2] DEBUG org.springframework.security.web.FilterChainProxy - Securing GET /users/getbyvpa?vpaId=hari2390901@mts
2026-06-16 16:29:15 [http-nio-8080-exec-4] DEBUG org.springframework.security.web.FilterChainProxy - Securing GET /users/getbyvpa?vpaId=nethra92923@mts
2026-06-16 16:29:15 [http-nio-8080-exec-4] DEBUG org.springframework.security.web.FilterChainProxy - Secured GET /users/getbyvpa?vpaId=nethra92923@mts
2026-06-16 16:29:15 [http-nio-8080-exec-4] DEBUG org.springframework.security.web.FilterChainProxy - Securing GET /error?vpaId=nethra92923@mts
2026-06-16 16:29:15 [http-nio-8080-exec-2] DEBUG org.springframework.security.web.FilterChainProxy - Secured GET /users/getbyvpa?vpaId=hari2390901@mts
2026-06-16 16:29:15 [http-nio-8080-exec-4] DEBUG org.springframework.security.web.authentication.AnonymousAuthenticationFilter - Set SecurityContextHolder to anonymous SecurityContext
2026-06-16 16:29:15 [http-nio-8080-exec-4] DEBUG org.springframework.security.web.authentication.Http403ForbiddenEntryPoint - Pre-authenticated entry point called. Rejecting access
2026-06-16 16:29:15 [http-nio-8080-exec-2] DEBUG org.springframework.security.web.FilterChainProxy - Securing GET /error?vpaId=hari2390901@mts
2026-06-16 16:29:15 [http-nio-8080-exec-2] DEBUG org.springframework.security.web.authentication.AnonymousAuthenticationFilter - Set SecurityContextHolder to anonymous SecurityContext
2026-06-16 16:29:15 [http-nio-8080-exec-2] DEBUG org.springframework.security.web.authentication.Http403ForbiddenEntryPoint - Pre-authenticated entry point called. Rejecting access
2026-06-16 16:30:32 [http-nio-8080-exec-7] DEBUG org.springframework.security.web.FilterChainProxy - Securing POST /auth/login
2026-06-16 16:30:32 [http-nio-8080-exec-7] DEBUG org.springframework.security.web.authentication.AnonymousAuthenticationFilter - Set SecurityContextHolder to anonymous SecurityContext
2026-06-16 16:30:32 [http-nio-8080-exec-7] DEBUG org.springframework.security.web.FilterChainProxy - Secured POST /auth/login
2026-06-16 16:30:32 [http-nio-8080-exec-7] DEBUG org.springframework.security.authentication.dao.DaoAuthenticationProvider - Authenticated user
2026-06-16 16:30:32 [http-nio-8080-exec-8] DEBUG org.springframework.security.web.FilterChainProxy - Securing OPTIONS /users/findByPhone?phoneNumber=9191919191
2026-06-16 16:30:32 [http-nio-8080-exec-5] DEBUG org.springframework.security.web.FilterChainProxy - Securing GET /users/findByPhone?phoneNumber=9191919191
2026-06-16 16:30:32 [http-nio-8080-exec-5] DEBUG org.springframework.security.web.FilterChainProxy - Secured GET /users/findByPhone?phoneNumber=9191919191
2026-06-16 16:30:32 [http-nio-8080-exec-5] INFO  com.training.mts.aop.LoggingAspect - Entering method: UserServiceImpl.getUserByPhoneNumber(..) with arguments: [9191919191]
2026-06-16 16:30:32 [http-nio-8080-exec-5] INFO  com.training.mts.aop.LoggingAspect - Method executed successfully: UserServiceImpl.getUserByPhoneNumber(..) | Returned: User{id=2, name='John', vpa=com.training.mts.model.VPA@6b266f62}
2026-06-16 16:30:32 [http-nio-8080-exec-3] DEBUG org.springframework.security.web.FilterChainProxy - Securing OPTIONS /transactions/gettranslog?vpaId=john1291912@mts
2026-06-16 16:30:32 [http-nio-8080-exec-1] DEBUG org.springframework.security.web.FilterChainProxy - Securing GET /transactions/gettranslog?vpaId=john1291912@mts
2026-06-16 16:30:32 [http-nio-8080-exec-1] DEBUG org.springframework.security.web.FilterChainProxy - Secured GET /transactions/gettranslog?vpaId=john1291912@mts
2026-06-16 16:30:32 [http-nio-8080-exec-1] INFO  com.training.mts.aop.LoggingAspect - Entering method: TransactionServiceImpl.getTransactionHistory(..) with arguments: [john1291912@mts]
2026-06-16 16:30:32 [http-nio-8080-exec-1] INFO  com.training.mts.aop.LoggingAspect - Method executed successfully: TransactionServiceImpl.getTransactionHistory(..) | Returned: com.training.mts.dto.TransactionHistoryResponse@4543d771
2026-06-16 16:30:32 [http-nio-8080-exec-10] DEBUG org.springframework.security.web.FilterChainProxy - Securing OPTIONS /users/getbyvpa?vpaId=hari2390901@mts
2026-06-16 16:30:32 [http-nio-8080-exec-4] DEBUG org.springframework.security.web.FilterChainProxy - Securing OPTIONS /users/getbyvpa?vpaId=nethra92923@mts
2026-06-16 16:30:32 [http-nio-8080-exec-2] DEBUG org.springframework.security.web.FilterChainProxy - Securing GET /users/getbyvpa?vpaId=hari2390901@mts
2026-06-16 16:30:32 [http-nio-8080-exec-6] DEBUG org.springframework.security.web.FilterChainProxy - Securing GET /users/getbyvpa?vpaId=nethra92923@mts
2026-06-16 16:30:32 [http-nio-8080-exec-6] DEBUG org.springframework.security.web.FilterChainProxy - Secured GET /users/getbyvpa?vpaId=nethra92923@mts
2026-06-16 16:30:32 [http-nio-8080-exec-2] DEBUG org.springframework.security.web.FilterChainProxy - Secured GET /users/getbyvpa?vpaId=hari2390901@mts
2026-06-16 16:30:32 [http-nio-8080-exec-2] DEBUG org.springframework.security.web.FilterChainProxy - Securing GET /error?vpaId=hari2390901@mts
2026-06-16 16:30:32 [http-nio-8080-exec-2] DEBUG org.springframework.security.web.authentication.AnonymousAuthenticationFilter - Set SecurityContextHolder to anonymous SecurityContext
2026-06-16 16:30:32 [http-nio-8080-exec-6] DEBUG org.springframework.security.web.FilterChainProxy - Securing GET /error?vpaId=nethra92923@mts
2026-06-16 16:30:32 [http-nio-8080-exec-2] DEBUG org.springframework.security.web.authentication.Http403ForbiddenEntryPoint - Pre-authenticated entry point called. Rejecting access
2026-06-16 16:30:32 [http-nio-8080-exec-6] DEBUG org.springframework.security.web.authentication.AnonymousAuthenticationFilter - Set SecurityContextHolder to anonymous SecurityContext
2026-06-16 16:30:32 [http-nio-8080-exec-6] DEBUG org.springframework.security.web.authentication.Http403ForbiddenEntryPoint - Pre-authenticated entry point called. Rejecting access
2026-06-16 16:30:33 [http-nio-8080-exec-9] DEBUG org.springframework.security.web.FilterChainProxy - Securing OPTIONS /users/getusers
2026-06-16 16:30:33 [http-nio-8080-exec-7] DEBUG org.springframework.security.web.FilterChainProxy - Securing GET /users/getusers
2026-06-16 16:30:33 [http-nio-8080-exec-7] DEBUG org.springframework.security.web.FilterChainProxy - Secured GET /users/getusers
2026-06-16 16:30:33 [http-nio-8080-exec-7] INFO  com.training.mts.aop.LoggingAspect - Entering method: UserServiceImpl.getAllUsers() with arguments: []
2026-06-16 16:30:33 [http-nio-8080-exec-7] INFO  com.training.mts.aop.LoggingAspect - Method executed successfully: UserServiceImpl.getAllUsers() | Returned: [com.training.mts.dto.GetAllUsersRequest@5250fa9a, com.training.mts.dto.GetAllUsersRequest@3ac0d26b, com.training.mts.dto.GetAllUsersRequest@10b29b7e]
2026-06-16 21:06:05 [HikariPool-1:housekeeper] WARN  com.zaxxer.hikari.pool.HikariPool - HikariPool-1 - Thread starvation or clock leap detected (housekeeper delta=4h35m16s553ms601µs100ns).
2026-06-16 21:06:17 [http-nio-8080-exec-3] DEBUG org.springframework.security.web.FilterChainProxy - Securing OPTIONS /users/getusers
2026-06-16 21:06:33 [http-nio-8080-exec-1] DEBUG org.springframework.security.web.FilterChainProxy - Securing OPTIONS /users/getusers
2026-06-16 21:06:33 [http-nio-8080-exec-10] DEBUG org.springframework.security.web.FilterChainProxy - Securing GET /users/getusers
2026-06-16 21:06:33 [http-nio-8080-exec-10] DEBUG org.springframework.security.web.FilterChainProxy - Secured GET /users/getusers
2026-06-16 21:06:33 [http-nio-8080-exec-10] INFO  com.training.mts.aop.LoggingAspect - Entering method: UserServiceImpl.getAllUsers() with arguments: []
2026-06-16 21:06:33 [http-nio-8080-exec-10] INFO  com.training.mts.aop.LoggingAspect - Method executed successfully: UserServiceImpl.getAllUsers() | Returned: [com.training.mts.dto.GetAllUsersRequest@394f3dd, com.training.mts.dto.GetAllUsersRequest@f0a7a89, com.training.mts.dto.GetAllUsersRequest@7c2a5a83]
2026-06-16 21:07:56 [http-nio-8080-exec-2] DEBUG org.springframework.security.web.FilterChainProxy - Securing OPTIONS /users/getusers
2026-06-16 21:07:56 [http-nio-8080-exec-6] DEBUG org.springframework.security.web.FilterChainProxy - Securing GET /users/getusers
2026-06-16 21:07:56 [http-nio-8080-exec-6] DEBUG org.springframework.security.web.FilterChainProxy - Secured GET /users/getusers
2026-06-16 21:07:56 [http-nio-8080-exec-6] INFO  com.training.mts.aop.LoggingAspect - Entering method: UserServiceImpl.getAllUsers() with arguments: []
2026-06-16 21:07:56 [http-nio-8080-exec-6] INFO  com.training.mts.aop.LoggingAspect - Method executed successfully: UserServiceImpl.getAllUsers() | Returned: [com.training.mts.dto.GetAllUsersRequest@4daa95ed, com.training.mts.dto.GetAllUsersRequest@68744c91, com.training.mts.dto.GetAllUsersRequest@6096cf87]
2026-06-16 21:08:12 [http-nio-8080-exec-9] DEBUG org.springframework.security.web.FilterChainProxy - Securing OPTIONS /rewards/status
2026-06-16 21:08:13 [http-nio-8080-exec-9] DEBUG org.springframework.security.web.FilterChainProxy - Securing GET /rewards/status
2026-06-16 21:08:13 [http-nio-8080-exec-9] DEBUG org.springframework.security.web.FilterChainProxy - Secured GET /rewards/status
2026-06-16 21:08:13 [http-nio-8080-exec-7] DEBUG org.springframework.security.web.FilterChainProxy - Securing OPTIONS /rewards/list
2026-06-16 21:08:13 [http-nio-8080-exec-8] DEBUG org.springframework.security.web.FilterChainProxy - Securing GET /rewards/list
2026-06-16 21:08:13 [http-nio-8080-exec-8] DEBUG org.springframework.security.web.FilterChainProxy - Secured GET /rewards/list
2026-06-16 21:08:13 [http-nio-8080-exec-8] INFO  com.training.mts.aop.LoggingAspect - Entering method: RewardServiceImpl.getUserScratchCards(..) with arguments: [User{id=2, name='John', vpa=com.training.mts.model.VPA@1004396c}]
2026-06-16 21:08:13 [http-nio-8080-exec-8] INFO  com.training.mts.aop.LoggingAspect - Method executed successfully: RewardServiceImpl.getUserScratchCards(..) | Returned: [com.training.mts.model.ScratchCard@2be92b4a]
2026-06-16 21:09:43 [http-nio-8080-exec-3] DEBUG org.springframework.security.web.FilterChainProxy - Securing OPTIONS /rewards/status
2026-06-16 21:09:43 [http-nio-8080-exec-1] DEBUG org.springframework.security.web.FilterChainProxy - Securing GET /rewards/status
2026-06-16 21:09:43 [http-nio-8080-exec-10] DEBUG org.springframework.security.web.FilterChainProxy - Securing OPTIONS /rewards/status
2026-06-16 21:09:43 [http-nio-8080-exec-4] DEBUG org.springframework.security.web.FilterChainProxy - Securing OPTIONS /rewards/status
2026-06-16 21:09:43 [http-nio-8080-exec-1] DEBUG org.springframework.security.web.FilterChainProxy - Secured GET /rewards/status
2026-06-16 21:09:43 [http-nio-8080-exec-6] DEBUG org.springframework.security.web.FilterChainProxy - Securing GET /rewards/status
2026-06-16 21:09:43 [http-nio-8080-exec-2] DEBUG org.springframework.security.web.FilterChainProxy - Securing OPTIONS /rewards/status
2026-06-16 21:09:43 [http-nio-8080-exec-6] DEBUG org.springframework.security.web.FilterChainProxy - Secured GET /rewards/status
2026-06-16 21:09:44 [http-nio-8080-exec-9] DEBUG org.springframework.security.web.FilterChainProxy - Securing GET /rewards/status
2026-06-16 21:09:44 [http-nio-8080-exec-9] DEBUG org.springframework.security.web.FilterChainProxy - Secured GET /rewards/status
2026-06-16 21:09:44 [http-nio-8080-exec-7] DEBUG org.springframework.security.web.FilterChainProxy - Securing GET /rewards/status
2026-06-16 21:09:44 [http-nio-8080-exec-7] DEBUG org.springframework.security.web.FilterChainProxy - Secured GET /rewards/status
2026-06-16 21:09:44 [http-nio-8080-exec-8] DEBUG org.springframework.security.web.FilterChainProxy - Securing OPTIONS /rewards/list
2026-06-16 21:09:44 [http-nio-8080-exec-5] DEBUG org.springframework.security.web.FilterChainProxy - Securing GET /rewards/list
2026-06-16 21:09:44 [http-nio-8080-exec-5] DEBUG org.springframework.security.web.FilterChainProxy - Secured GET /rewards/list
2026-06-16 21:09:44 [http-nio-8080-exec-5] INFO  com.training.mts.aop.LoggingAspect - Entering method: RewardServiceImpl.getUserScratchCards(..) with arguments: [User{id=2, name='John', vpa=com.training.mts.model.VPA@4c62f281}]
2026-06-16 21:09:44 [http-nio-8080-exec-5] INFO  com.training.mts.aop.LoggingAspect - Method executed successfully: RewardServiceImpl.getUserScratchCards(..) | Returned: [com.training.mts.model.ScratchCard@13beb0c]
2026-06-16 21:10:12 [http-nio-8080-exec-3] DEBUG org.springframework.security.web.FilterChainProxy - Securing OPTIONS /rewards/status
2026-06-16 21:10:12 [http-nio-8080-exec-10] DEBUG org.springframework.security.web.FilterChainProxy - Securing GET /rewards/status
2026-06-16 21:10:13 [http-nio-8080-exec-4] DEBUG org.springframework.security.web.FilterChainProxy - Securing OPTIONS /rewards/status
2026-06-16 21:10:13 [http-nio-8080-exec-1] DEBUG org.springframework.security.web.FilterChainProxy - Securing OPTIONS /rewards/status
2026-06-16 21:10:13 [http-nio-8080-exec-6] DEBUG org.springframework.security.web.FilterChainProxy - Securing OPTIONS /rewards/status
2026-06-16 21:10:13 [http-nio-8080-exec-10] DEBUG org.springframework.security.web.FilterChainProxy - Secured GET /rewards/status
2026-06-16 21:10:13 [http-nio-8080-exec-2] DEBUG org.springframework.security.web.FilterChainProxy - Securing GET /rewards/status
2026-06-16 21:10:13 [http-nio-8080-exec-2] DEBUG org.springframework.security.web.FilterChainProxy - Secured GET /rewards/status
2026-06-16 21:10:13 [http-nio-8080-exec-9] DEBUG org.springframework.security.web.FilterChainProxy - Securing GET /rewards/status
2026-06-16 21:10:14 [http-nio-8080-exec-7] DEBUG org.springframework.security.web.FilterChainProxy - Securing OPTIONS /rewards/list
2026-06-16 21:10:14 [http-nio-8080-exec-9] DEBUG org.springframework.security.web.FilterChainProxy - Secured GET /rewards/status
2026-06-16 21:10:14 [http-nio-8080-exec-8] DEBUG org.springframework.security.web.FilterChainProxy - Securing GET /rewards/list
2026-06-16 21:10:14 [http-nio-8080-exec-5] DEBUG org.springframework.security.web.FilterChainProxy - Securing GET /rewards/status
2026-06-16 21:10:14 [http-nio-8080-exec-8] DEBUG org.springframework.security.web.FilterChainProxy - Secured GET /rewards/list
2026-06-16 21:10:14 [http-nio-8080-exec-5] DEBUG org.springframework.security.web.FilterChainProxy - Secured GET /rewards/status
2026-06-16 21:10:14 [http-nio-8080-exec-8] INFO  com.training.mts.aop.LoggingAspect - Entering method: RewardServiceImpl.getUserScratchCards(..) with arguments: [User{id=2, name='John', vpa=com.training.mts.model.VPA@23fd1b67}]
2026-06-16 21:10:14 [http-nio-8080-exec-8] INFO  com.training.mts.aop.LoggingAspect - Method executed successfully: RewardServiceImpl.getUserScratchCards(..) | Returned: [com.training.mts.model.ScratchCard@45f74e2a]
2026-06-16 21:10:24 [http-nio-8080-exec-3] DEBUG org.springframework.security.web.FilterChainProxy - Securing OPTIONS /rewards/status
2026-06-16 21:10:24 [http-nio-8080-exec-1] DEBUG org.springframework.security.web.FilterChainProxy - Securing OPTIONS /rewards/status
2026-06-16 21:10:24 [http-nio-8080-exec-1] DEBUG org.springframework.security.web.FilterChainProxy - Securing OPTIONS /rewards/status
2026-06-16 21:10:24 [http-nio-8080-exec-6] DEBUG org.springframework.security.web.FilterChainProxy - Securing OPTIONS /transactions/gettranslog?vpaId=john1291912@mts
2026-06-16 21:10:24 [http-nio-8080-exec-10] DEBUG org.springframework.security.web.FilterChainProxy - Securing OPTIONS /rewards/status
2026-06-16 21:10:24 [http-nio-8080-exec-2] DEBUG org.springframework.security.web.FilterChainProxy - Securing GET /transactions/gettranslog?vpaId=john1291912@mts
2026-06-16 21:10:24 [http-nio-8080-exec-7] DEBUG org.springframework.security.web.FilterChainProxy - Securing GET /rewards/status
2026-06-16 21:10:25 [http-nio-8080-exec-2] DEBUG org.springframework.security.web.FilterChainProxy - Secured GET /transactions/gettranslog?vpaId=john1291912@mts
2026-06-16 21:10:25 [http-nio-8080-exec-2] INFO  com.training.mts.aop.LoggingAspect - Entering method: TransactionServiceImpl.getTransactionHistory(..) with arguments: [john1291912@mts]
2026-06-16 21:10:25 [http-nio-8080-exec-2] INFO  com.training.mts.aop.LoggingAspect - Method executed successfully: TransactionServiceImpl.getTransactionHistory(..) | Returned: com.training.mts.dto.TransactionHistoryResponse@34d2f6c8
2026-06-16 21:10:25 [http-nio-8080-exec-9] DEBUG org.springframework.security.web.FilterChainProxy - Securing OPTIONS /users/getbyvpa?vpaId=nethra92923@mts
2026-06-16 21:10:25 [http-nio-8080-exec-2] DEBUG org.springframework.security.web.FilterChainProxy - Securing OPTIONS /users/getbyvpa?vpaId=hari2390901@mts
2026-06-16 21:10:25 [http-nio-8080-exec-8] DEBUG org.springframework.security.web.FilterChainProxy - Securing GET /users/getbyvpa?vpaId=nethra92923@mts
2026-06-16 21:10:25 [http-nio-8080-exec-5] DEBUG org.springframework.security.web.FilterChainProxy - Securing GET /users/getbyvpa?vpaId=hari2390901@mts
2026-06-16 21:10:26 [http-nio-8080-exec-7] DEBUG org.springframework.security.web.FilterChainProxy - Secured GET /rewards/status
2026-06-16 21:10:28 [http-nio-8080-exec-6] DEBUG org.springframework.security.web.FilterChainProxy - Securing GET /rewards/status
2026-06-16 21:10:28 [http-nio-8080-exec-8] DEBUG org.springframework.security.web.FilterChainProxy - Secured GET /users/getbyvpa?vpaId=nethra92923@mts
2026-06-16 21:10:28 [http-nio-8080-exec-8] DEBUG org.springframework.security.web.FilterChainProxy - Securing GET /error?vpaId=nethra92923@mts
2026-06-16 21:10:28 [http-nio-8080-exec-8] DEBUG org.springframework.security.web.authentication.AnonymousAuthenticationFilter - Set SecurityContextHolder to anonymous SecurityContext
2026-06-16 21:10:28 [http-nio-8080-exec-5] DEBUG org.springframework.security.web.FilterChainProxy - Secured GET /users/getbyvpa?vpaId=hari2390901@mts
2026-06-16 21:10:28 [http-nio-8080-exec-5] DEBUG org.springframework.security.web.FilterChainProxy - Securing GET /error?vpaId=hari2390901@mts
2026-06-16 21:10:28 [http-nio-8080-exec-5] DEBUG org.springframework.security.web.authentication.AnonymousAuthenticationFilter - Set SecurityContextHolder to anonymous SecurityContext
2026-06-16 21:10:28 [http-nio-8080-exec-5] DEBUG org.springframework.security.web.authentication.Http403ForbiddenEntryPoint - Pre-authenticated entry point called. Rejecting access
2026-06-16 21:10:28 [http-nio-8080-exec-8] DEBUG org.springframework.security.web.authentication.Http403ForbiddenEntryPoint - Pre-authenticated entry point called. Rejecting access
2026-06-16 21:10:28 [http-nio-8080-exec-6] DEBUG org.springframework.security.web.FilterChainProxy - Secured GET /rewards/status
2026-06-16 21:10:28 [http-nio-8080-exec-4] DEBUG org.springframework.security.web.FilterChainProxy - Securing GET /rewards/status
2026-06-16 21:10:28 [http-nio-8080-exec-4] DEBUG org.springframework.security.web.FilterChainProxy - Secured GET /rewards/status
2026-06-16 21:10:28 [http-nio-8080-exec-10] DEBUG org.springframework.security.web.FilterChainProxy - Securing GET /rewards/status
2026-06-16 21:10:29 [http-nio-8080-exec-10] DEBUG org.springframework.security.web.FilterChainProxy - Secured GET /rewards/status
2026-06-16 21:10:54 [http-nio-8080-exec-3] DEBUG org.springframework.security.web.FilterChainProxy - Securing OPTIONS /auth/login
2026-06-16 21:10:54 [http-nio-8080-exec-1] DEBUG org.springframework.security.web.FilterChainProxy - Securing POST /auth/login
2026-06-16 21:10:55 [http-nio-8080-exec-1] DEBUG org.springframework.security.web.authentication.AnonymousAuthenticationFilter - Set SecurityContextHolder to anonymous SecurityContext
2026-06-16 21:10:55 [http-nio-8080-exec-1] DEBUG org.springframework.security.web.FilterChainProxy - Secured POST /auth/login
2026-06-16 21:10:55 [http-nio-8080-exec-1] DEBUG org.springframework.security.authentication.dao.DaoAuthenticationProvider - Authenticated user
2026-06-16 21:10:55 [http-nio-8080-exec-9] DEBUG org.springframework.security.web.FilterChainProxy - Securing OPTIONS /users/findByPhone?phoneNumber=9090909090
2026-06-16 21:10:55 [http-nio-8080-exec-2] DEBUG org.springframework.security.web.FilterChainProxy - Securing GET /users/findByPhone?phoneNumber=9090909090
2026-06-16 21:10:55 [http-nio-8080-exec-2] DEBUG org.springframework.security.web.FilterChainProxy - Secured GET /users/findByPhone?phoneNumber=9090909090
2026-06-16 21:10:55 [http-nio-8080-exec-2] INFO  com.training.mts.aop.LoggingAspect - Entering method: UserServiceImpl.getUserByPhoneNumber(..) with arguments: [9090909090]
2026-06-16 21:10:55 [http-nio-8080-exec-2] INFO  com.training.mts.aop.LoggingAspect - Method executed successfully: UserServiceImpl.getUserByPhoneNumber(..) | Returned: User{id=1, name='Hari', vpa=com.training.mts.model.VPA@7538dc56}
2026-06-16 21:10:55 [http-nio-8080-exec-7] DEBUG org.springframework.security.web.FilterChainProxy - Securing OPTIONS /rewards/status
2026-06-16 21:10:55 [http-nio-8080-exec-5] DEBUG org.springframework.security.web.FilterChainProxy - Securing OPTIONS /rewards/status
2026-06-16 21:10:55 [http-nio-8080-exec-8] DEBUG org.springframework.security.web.FilterChainProxy - Securing OPTIONS /rewards/status
2026-06-16 21:10:55 [http-nio-8080-exec-5] DEBUG org.springframework.security.web.FilterChainProxy - Securing OPTIONS /transactions/gettranslog?vpaId=hari2390901@mts
2026-06-16 21:10:55 [http-nio-8080-exec-6] DEBUG org.springframework.security.web.FilterChainProxy - Securing OPTIONS /rewards/status
2026-06-16 21:10:55 [http-nio-8080-exec-6] DEBUG org.springframework.security.web.FilterChainProxy - Securing GET /rewards/status
2026-06-16 21:10:55 [http-nio-8080-exec-7] DEBUG org.springframework.security.web.FilterChainProxy - Securing OPTIONS /rewards/status
2026-06-16 21:10:55 [http-nio-8080-exec-1] DEBUG org.springframework.security.web.FilterChainProxy - Securing GET /transactions/gettranslog?vpaId=hari2390901@mts
2026-06-16 21:10:55 [http-nio-8080-exec-6] DEBUG org.springframework.security.web.FilterChainProxy - Secured GET /rewards/status
2026-06-16 21:10:55 [http-nio-8080-exec-1] DEBUG org.springframework.security.web.FilterChainProxy - Secured GET /transactions/gettranslog?vpaId=hari2390901@mts
2026-06-16 21:10:55 [http-nio-8080-exec-1] INFO  com.training.mts.aop.LoggingAspect - Entering method: TransactionServiceImpl.getTransactionHistory(..) with arguments: [hari2390901@mts]
2026-06-16 21:10:56 [http-nio-8080-exec-9] DEBUG org.springframework.security.web.FilterChainProxy - Securing GET /rewards/status
2026-06-16 21:10:56 [http-nio-8080-exec-1] INFO  com.training.mts.aop.LoggingAspect - Method executed successfully: TransactionServiceImpl.getTransactionHistory(..) | Returned: com.training.mts.dto.TransactionHistoryResponse@43f495e5
2026-06-16 21:10:56 [http-nio-8080-exec-9] DEBUG org.springframework.security.web.FilterChainProxy - Secured GET /rewards/status
2026-06-16 21:10:56 [http-nio-8080-exec-2] DEBUG org.springframework.security.web.FilterChainProxy - Securing OPTIONS /users/getbyvpa?vpaId=john1291912@mts
2026-06-16 21:10:56 [http-nio-8080-exec-4] DEBUG org.springframework.security.web.FilterChainProxy - Securing GET /users/getbyvpa?vpaId=john1291912@mts
2026-06-16 21:10:56 [http-nio-8080-exec-8] DEBUG org.springframework.security.web.FilterChainProxy - Securing GET /rewards/status
2026-06-16 21:10:56 [http-nio-8080-exec-8] DEBUG org.springframework.security.web.FilterChainProxy - Secured GET /rewards/status
2026-06-16 21:10:56 [http-nio-8080-exec-10] DEBUG org.springframework.security.web.FilterChainProxy - Securing GET /rewards/status
2026-06-16 21:10:56 [http-nio-8080-exec-10] DEBUG org.springframework.security.web.FilterChainProxy - Secured GET /rewards/status
2026-06-16 21:10:56 [http-nio-8080-exec-3] DEBUG org.springframework.security.web.FilterChainProxy - Securing GET /rewards/status
2026-06-16 21:10:56 [http-nio-8080-exec-4] DEBUG org.springframework.security.web.FilterChainProxy - Secured GET /users/getbyvpa?vpaId=john1291912@mts
2026-06-16 21:10:56 [http-nio-8080-exec-4] DEBUG org.springframework.security.web.FilterChainProxy - Securing GET /error?vpaId=john1291912@mts
2026-06-16 21:10:56 [http-nio-8080-exec-4] DEBUG org.springframework.security.web.authentication.AnonymousAuthenticationFilter - Set SecurityContextHolder to anonymous SecurityContext
2026-06-16 21:10:56 [http-nio-8080-exec-4] DEBUG org.springframework.security.web.authentication.Http403ForbiddenEntryPoint - Pre-authenticated entry point called. Rejecting access
2026-06-16 21:10:56 [http-nio-8080-exec-3] DEBUG org.springframework.security.web.FilterChainProxy - Secured GET /rewards/status
2026-06-16 21:11:01 [http-nio-8080-exec-7] DEBUG org.springframework.security.web.FilterChainProxy - Securing OPTIONS /rewards/status
2026-06-16 21:11:01 [http-nio-8080-exec-6] DEBUG org.springframework.security.web.FilterChainProxy - Securing OPTIONS /rewards/status
2026-06-16 21:11:01 [http-nio-8080-exec-5] DEBUG org.springframework.security.web.FilterChainProxy - Securing OPTIONS /rewards/status
2026-06-16 21:11:01 [http-nio-8080-exec-1] DEBUG org.springframework.security.web.FilterChainProxy - Securing OPTIONS /rewards/status
2026-06-16 21:11:01 [http-nio-8080-exec-2] DEBUG org.springframework.security.web.FilterChainProxy - Securing GET /rewards/status
2026-06-16 21:11:01 [http-nio-8080-exec-1] DEBUG org.springframework.security.web.FilterChainProxy - Securing OPTIONS /rewards/status
2026-06-16 21:11:01 [http-nio-8080-exec-5] DEBUG org.springframework.security.web.FilterChainProxy - Securing OPTIONS /users/getusers
2026-06-16 21:11:01 [http-nio-8080-exec-6] DEBUG org.springframework.security.web.FilterChainProxy - Securing OPTIONS /rewards/status
2026-06-16 21:11:01 [http-nio-8080-exec-5] DEBUG org.springframework.security.web.FilterChainProxy - Securing GET /users/getusers
2026-06-16 21:11:01 [http-nio-8080-exec-2] DEBUG org.springframework.security.web.FilterChainProxy - Secured GET /rewards/status
2026-06-16 21:11:01 [http-nio-8080-exec-5] DEBUG org.springframework.security.web.FilterChainProxy - Secured GET /users/getusers
2026-06-16 21:11:01 [http-nio-8080-exec-5] INFO  com.training.mts.aop.LoggingAspect - Entering method: UserServiceImpl.getAllUsers() with arguments: []
2026-06-16 21:11:01 [http-nio-8080-exec-10] DEBUG org.springframework.security.web.FilterChainProxy - Securing GET /rewards/status
2026-06-16 21:11:01 [http-nio-8080-exec-10] DEBUG org.springframework.security.web.FilterChainProxy - Secured GET /rewards/status
2026-06-16 21:11:01 [http-nio-8080-exec-5] INFO  com.training.mts.aop.LoggingAspect - Method executed successfully: UserServiceImpl.getAllUsers() | Returned: [com.training.mts.dto.GetAllUsersRequest@54458a43, com.training.mts.dto.GetAllUsersRequest@7e5a0459, com.training.mts.dto.GetAllUsersRequest@43bc4467]
2026-06-16 21:11:01 [http-nio-8080-exec-4] DEBUG org.springframework.security.web.FilterChainProxy - Securing GET /rewards/status
2026-06-16 21:11:01 [http-nio-8080-exec-4] DEBUG org.springframework.security.web.FilterChainProxy - Secured GET /rewards/status
2026-06-16 21:11:01 [http-nio-8080-exec-3] DEBUG org.springframework.security.web.FilterChainProxy - Securing GET /rewards/status
2026-06-16 21:11:01 [http-nio-8080-exec-3] DEBUG org.springframework.security.web.FilterChainProxy - Secured GET /rewards/status
2026-06-16 21:11:01 [http-nio-8080-exec-1] DEBUG org.springframework.security.web.FilterChainProxy - Securing GET /rewards/status
2026-06-16 21:11:01 [http-nio-8080-exec-1] DEBUG org.springframework.security.web.FilterChainProxy - Secured GET /rewards/status
2026-06-16 21:11:01 [http-nio-8080-exec-9] DEBUG org.springframework.security.web.FilterChainProxy - Securing GET /rewards/status
2026-06-16 21:11:01 [http-nio-8080-exec-9] DEBUG org.springframework.security.web.FilterChainProxy - Secured GET /rewards/status
2026-06-16 21:11:35 [http-nio-8080-exec-8] DEBUG org.springframework.security.web.FilterChainProxy - Securing OPTIONS /transactions/pay
2026-06-16 21:11:35 [http-nio-8080-exec-6] DEBUG org.springframework.security.web.FilterChainProxy - Securing POST /transactions/pay
2026-06-16 21:11:35 [http-nio-8080-exec-6] DEBUG org.springframework.security.web.FilterChainProxy - Secured POST /transactions/pay
2026-06-16 21:11:35 [http-nio-8080-exec-6] INFO  com.training.mts.aop.LoggingAspect - Entering method: TransactionServiceImpl.initiatePayment(..) with arguments: [com.training.mts.dto.TransactionRequest@175145b6]
2026-06-16 21:11:36 [http-nio-8080-exec-6] INFO  com.training.mts.aop.LoggingAspect - Entering method: BankAccountServiceImpl.getBankAccount(..) with arguments: [hari2390901@mts]
2026-06-16 21:11:36 [http-nio-8080-exec-6] INFO  com.training.mts.aop.LoggingAspect - Method executed successfully: BankAccountServiceImpl.getBankAccount(..) | Returned: com.training.mts.model.BankAccount@6d58fc0d
2026-06-16 21:11:36 [http-nio-8080-exec-6] INFO  com.training.mts.aop.LoggingAspect - Entering method: BankAccountServiceImpl.getBankAccount(..) with arguments: [nethra92923@mts]
2026-06-16 21:11:36 [http-nio-8080-exec-6] INFO  com.training.mts.aop.LoggingAspect - Method executed successfully: BankAccountServiceImpl.getBankAccount(..) | Returned: com.training.mts.model.BankAccount@45657303
2026-06-16 21:11:36 [http-nio-8080-exec-6] INFO  com.training.mts.aop.LoggingAspect - Entering method: BankAccountServiceImpl.updateBalance(..) with arguments: [com.training.mts.model.BankAccount@6d58fc0d, 50250.0]
2026-06-16 21:11:36 [http-nio-8080-exec-6] INFO  com.training.mts.aop.LoggingAspect - Method executed successfully: BankAccountServiceImpl.updateBalance(..) | Returned: null
2026-06-16 21:11:36 [http-nio-8080-exec-6] INFO  com.training.mts.aop.LoggingAspect - Entering method: BankAccountServiceImpl.updateBalance(..) with arguments: [com.training.mts.model.BankAccount@45657303, 4100.5]
2026-06-16 21:11:36 [http-nio-8080-exec-6] INFO  com.training.mts.aop.LoggingAspect - Method executed successfully: BankAccountServiceImpl.updateBalance(..) | Returned: null
2026-06-16 21:11:36 [http-nio-8080-exec-6] INFO  com.training.mts.aop.LoggingAspect - Entering method: RewardServiceImpl.awardPointsForTransaction(..) with arguments: [com.training.mts.model.Transaction@81d80e]
2026-06-16 21:11:36 [http-nio-8080-exec-6] INFO  com.training.mts.aop.LoggingAspect - Method executed successfully: RewardServiceImpl.awardPointsForTransaction(..) | Returned: null
2026-06-16 21:11:36 [http-nio-8080-exec-6] INFO  com.training.mts.aop.LoggingAspect - Method executed successfully: TransactionServiceImpl.initiatePayment(..) | Returned: com.training.mts.dto.TransactionDTO@3da097c
2026-06-16 21:11:36 [http-nio-8080-exec-6] INFO  com.training.mts.aop.LoggingAspect - Entering method: AnalyticsService.triggerSnowflakeSync() with arguments: []
2026-06-16 21:11:37 [http-nio-8080-exec-6] INFO  com.training.mts.aop.LoggingAspect - Method executed successfully: AnalyticsService.triggerSnowflakeSync() | Returned: false
2026-06-16 21:11:40 [http-nio-8080-exec-2] DEBUG org.springframework.security.web.FilterChainProxy - Securing OPTIONS /rewards/status
2026-06-16 21:11:40 [http-nio-8080-exec-10] DEBUG org.springframework.security.web.FilterChainProxy - Securing OPTIONS /rewards/status
2026-06-16 21:11:40 [http-nio-8080-exec-4] DEBUG org.springframework.security.web.FilterChainProxy - Securing OPTIONS /rewards/status
2026-06-16 21:11:40 [http-nio-8080-exec-3] DEBUG org.springframework.security.web.FilterChainProxy - Securing OPTIONS /rewards/status
2026-06-16 21:11:40 [http-nio-8080-exec-7] DEBUG org.springframework.security.web.FilterChainProxy - Securing OPTIONS /rewards/status
2026-06-16 21:11:40 [http-nio-8080-exec-5] DEBUG org.springframework.security.web.FilterChainProxy - Securing OPTIONS /rewards/status
2026-06-16 21:11:40 [http-nio-8080-exec-10] DEBUG org.springframework.security.web.FilterChainProxy - Securing OPTIONS /transactions/gettranslog?vpaId=hari2390901@mts
2026-06-16 21:11:40 [http-nio-8080-exec-1] DEBUG org.springframework.security.web.FilterChainProxy - Securing OPTIONS /rewards/status
2026-06-16 21:11:40 [http-nio-8080-exec-5] DEBUG org.springframework.security.web.FilterChainProxy - Securing GET /rewards/status
2026-06-16 21:11:40 [http-nio-8080-exec-8] DEBUG org.springframework.security.web.FilterChainProxy - Securing GET /transactions/gettranslog?vpaId=hari2390901@mts
2026-06-16 21:11:40 [http-nio-8080-exec-5] DEBUG org.springframework.security.web.FilterChainProxy - Secured GET /rewards/status
2026-06-16 21:11:40 [http-nio-8080-exec-8] DEBUG org.springframework.security.web.FilterChainProxy - Secured GET /transactions/gettranslog?vpaId=hari2390901@mts
2026-06-16 21:11:40 [http-nio-8080-exec-8] INFO  com.training.mts.aop.LoggingAspect - Entering method: TransactionServiceImpl.getTransactionHistory(..) with arguments: [hari2390901@mts]
2026-06-16 21:11:40 [http-nio-8080-exec-6] DEBUG org.springframework.security.web.FilterChainProxy - Securing GET /rewards/status
2026-06-16 21:11:40 [http-nio-8080-exec-8] INFO  com.training.mts.aop.LoggingAspect - Method executed successfully: TransactionServiceImpl.getTransactionHistory(..) | Returned: com.training.mts.dto.TransactionHistoryResponse@6742385f
2026-06-16 21:11:40 [http-nio-8080-exec-6] DEBUG org.springframework.security.web.FilterChainProxy - Secured GET /rewards/status
2026-06-16 21:11:40 [http-nio-8080-exec-3] DEBUG org.springframework.security.web.FilterChainProxy - Securing OPTIONS /users/getbyvpa?vpaId=john1291912@mts
2026-06-16 21:11:40 [http-nio-8080-exec-6] DEBUG org.springframework.security.web.FilterChainProxy - Securing OPTIONS /users/getbyvpa?vpaId=nethra92923@mts
2026-06-16 21:11:40 [http-nio-8080-exec-7] DEBUG org.springframework.security.web.FilterChainProxy - Securing GET /rewards/status
2026-06-16 21:11:40 [http-nio-8080-exec-9] DEBUG org.springframework.security.web.FilterChainProxy - Securing GET /users/getbyvpa?vpaId=john1291912@mts
2026-06-16 21:11:40 [http-nio-8080-exec-4] DEBUG org.springframework.security.web.FilterChainProxy - Securing GET /users/getbyvpa?vpaId=nethra92923@mts
2026-06-16 21:11:40 [http-nio-8080-exec-9] DEBUG org.springframework.security.web.FilterChainProxy - Secured GET /users/getbyvpa?vpaId=john1291912@mts
2026-06-16 21:11:40 [http-nio-8080-exec-7] DEBUG org.springframework.security.web.FilterChainProxy - Secured GET /rewards/status
2026-06-16 21:11:40 [http-nio-8080-exec-4] DEBUG org.springframework.security.web.FilterChainProxy - Secured GET /users/getbyvpa?vpaId=nethra92923@mts
2026-06-16 21:11:40 [http-nio-8080-exec-1] DEBUG org.springframework.security.web.FilterChainProxy - Securing GET /rewards/status
2026-06-16 21:11:40 [http-nio-8080-exec-1] DEBUG org.springframework.security.web.FilterChainProxy - Secured GET /rewards/status
2026-06-16 21:11:40 [http-nio-8080-exec-9] DEBUG org.springframework.security.web.FilterChainProxy - Securing GET /error?vpaId=john1291912@mts
2026-06-16 21:11:40 [http-nio-8080-exec-9] DEBUG org.springframework.security.web.authentication.AnonymousAuthenticationFilter - Set SecurityContextHolder to anonymous SecurityContext
2026-06-16 21:11:40 [http-nio-8080-exec-9] DEBUG org.springframework.security.web.authentication.Http403ForbiddenEntryPoint - Pre-authenticated entry point called. Rejecting access
2026-06-16 21:11:40 [http-nio-8080-exec-4] DEBUG org.springframework.security.web.FilterChainProxy - Securing GET /error?vpaId=nethra92923@mts
2026-06-16 21:11:40 [http-nio-8080-exec-4] DEBUG org.springframework.security.web.authentication.AnonymousAuthenticationFilter - Set SecurityContextHolder to anonymous SecurityContext
2026-06-16 21:11:40 [http-nio-8080-exec-4] DEBUG org.springframework.security.web.authentication.Http403ForbiddenEntryPoint - Pre-authenticated entry point called. Rejecting access
2026-06-16 21:11:41 [http-nio-8080-exec-10] DEBUG org.springframework.security.web.FilterChainProxy - Securing GET /rewards/status
2026-06-16 21:11:41 [http-nio-8080-exec-10] DEBUG org.springframework.security.web.FilterChainProxy - Secured GET /rewards/status
2026-06-16 21:11:41 [http-nio-8080-exec-5] DEBUG org.springframework.security.web.FilterChainProxy - Securing GET /rewards/status
2026-06-16 21:11:41 [http-nio-8080-exec-5] DEBUG org.springframework.security.web.FilterChainProxy - Secured GET /rewards/status
2026-06-16 21:11:41 [http-nio-8080-exec-8] DEBUG org.springframework.security.web.FilterChainProxy - Securing GET /rewards/status
2026-06-16 21:11:41 [http-nio-8080-exec-8] DEBUG org.springframework.security.web.FilterChainProxy - Secured GET /rewards/status
2026-06-16 21:12:02 [http-nio-8080-exec-2] DEBUG org.springframework.security.web.FilterChainProxy - Securing OPTIONS /rewards/status
2026-06-16 21:12:02 [http-nio-8080-exec-3] DEBUG org.springframework.security.web.FilterChainProxy - Securing OPTIONS /rewards/status
2026-06-16 21:12:02 [http-nio-8080-exec-6] DEBUG org.springframework.security.web.FilterChainProxy - Securing OPTIONS /rewards/status
2026-06-16 21:12:02 [http-nio-8080-exec-7] DEBUG org.springframework.security.web.FilterChainProxy - Securing OPTIONS /rewards/status
2026-06-16 21:12:02 [http-nio-8080-exec-9] DEBUG org.springframework.security.web.FilterChainProxy - Securing OPTIONS /rewards/status
2026-06-16 21:12:02 [http-nio-8080-exec-4] DEBUG org.springframework.security.web.FilterChainProxy - Securing OPTIONS /rewards/status
2026-06-16 21:12:02 [http-nio-8080-exec-9] DEBUG org.springframework.security.web.FilterChainProxy - Securing GET /rewards/status
2026-06-16 21:12:02 [http-nio-8080-exec-6] DEBUG org.springframework.security.web.FilterChainProxy - Securing OPTIONS /rewards/status
2026-06-16 21:12:02 [http-nio-8080-exec-3] DEBUG org.springframework.security.web.FilterChainProxy - Securing OPTIONS /rewards/status
2026-06-16 21:12:02 [http-nio-8080-exec-7] DEBUG org.springframework.security.web.FilterChainProxy - Securing OPTIONS /rewards/status
2026-06-16 21:12:02 [http-nio-8080-exec-9] DEBUG org.springframework.security.web.FilterChainProxy - Secured GET /rewards/status
2026-06-16 21:12:02 [http-nio-8080-exec-8] DEBUG org.springframework.security.web.FilterChainProxy - Securing GET /rewards/status
2026-06-16 21:12:02 [http-nio-8080-exec-8] DEBUG org.springframework.security.web.FilterChainProxy - Secured GET /rewards/status
2026-06-16 21:12:02 [http-nio-8080-exec-2] DEBUG org.springframework.security.web.FilterChainProxy - Securing GET /rewards/status
2026-06-16 21:12:02 [http-nio-8080-exec-2] DEBUG org.springframework.security.web.FilterChainProxy - Secured GET /rewards/status
2026-06-16 21:12:02 [http-nio-8080-exec-1] DEBUG org.springframework.security.web.FilterChainProxy - Securing GET /rewards/status
2026-06-16 21:12:02 [http-nio-8080-exec-1] DEBUG org.springframework.security.web.FilterChainProxy - Secured GET /rewards/status
2026-06-16 21:12:02 [http-nio-8080-exec-6] DEBUG org.springframework.security.web.FilterChainProxy - Securing GET /rewards/status
2026-06-16 21:12:02 [http-nio-8080-exec-6] DEBUG org.springframework.security.web.FilterChainProxy - Secured GET /rewards/status
2026-06-16 21:12:02 [http-nio-8080-exec-4] DEBUG org.springframework.security.web.FilterChainProxy - Securing GET /rewards/status
2026-06-16 21:12:02 [http-nio-8080-exec-4] DEBUG org.springframework.security.web.FilterChainProxy - Secured GET /rewards/status
2026-06-16 21:12:02 [http-nio-8080-exec-10] DEBUG org.springframework.security.web.FilterChainProxy - Securing GET /rewards/status
2026-06-16 21:12:02 [http-nio-8080-exec-5] DEBUG org.springframework.security.web.FilterChainProxy - Securing OPTIONS /rewards/list
2026-06-16 21:12:02 [http-nio-8080-exec-3] DEBUG org.springframework.security.web.FilterChainProxy - Securing GET /rewards/list
2026-06-16 21:12:02 [http-nio-8080-exec-10] DEBUG org.springframework.security.web.FilterChainProxy - Secured GET /rewards/status
2026-06-16 21:12:02 [http-nio-8080-exec-3] DEBUG org.springframework.security.web.FilterChainProxy - Secured GET /rewards/list
2026-06-16 21:12:02 [http-nio-8080-exec-3] INFO  com.training.mts.aop.LoggingAspect - Entering method: RewardServiceImpl.getUserScratchCards(..) with arguments: [User{id=1, name='Hari', vpa=com.training.mts.model.VPA@55876062}]
2026-06-16 21:12:02 [http-nio-8080-exec-10] DEBUG org.springframework.security.web.FilterChainProxy - Securing GET /rewards/status
2026-06-16 21:12:02 [http-nio-8080-exec-3] INFO  com.training.mts.aop.LoggingAspect - Method executed successfully: RewardServiceImpl.getUserScratchCards(..) | Returned: [com.training.mts.model.ScratchCard@73ec3b4a, com.training.mts.model.ScratchCard@1d86c125]
2026-06-16 21:12:02 [http-nio-8080-exec-10] DEBUG org.springframework.security.web.FilterChainProxy - Secured GET /rewards/status
2026-06-16 21:12:02 [http-nio-8080-exec-9] DEBUG org.springframework.security.web.FilterChainProxy - Securing GET /rewards/status
2026-06-16 21:12:02 [http-nio-8080-exec-9] DEBUG org.springframework.security.web.FilterChainProxy - Secured GET /rewards/status
2026-06-16 21:14:40 [http-nio-8080-exec-7] DEBUG org.springframework.security.web.FilterChainProxy - Securing OPTIONS /rewards/scratch/3
2026-06-16 21:14:40 [http-nio-8080-exec-3] DEBUG org.springframework.security.web.FilterChainProxy - Securing POST /rewards/scratch/3
2026-06-16 21:14:40 [http-nio-8080-exec-3] DEBUG org.springframework.security.web.FilterChainProxy - Secured POST /rewards/scratch/3
2026-06-16 21:14:40 [http-nio-8080-exec-3] INFO  com.training.mts.aop.LoggingAspect - Entering method: RewardServiceImpl.scratchCard(..) with arguments: [3, User{id=1, name='Hari', vpa=com.training.mts.model.VPA@7ca11070}]
2026-06-16 21:14:40 [http-nio-8080-exec-3] INFO  com.training.mts.aop.LoggingAspect - Method executed successfully: RewardServiceImpl.scratchCard(..) | Returned: com.training.mts.model.ScratchCard@6d32361c
2026-06-16 21:14:55 [http-nio-8080-exec-10] DEBUG org.springframework.security.web.FilterChainProxy - Securing OPTIONS /rewards/status
2026-06-16 21:14:55 [http-nio-8080-exec-9] DEBUG org.springframework.security.web.FilterChainProxy - Securing GET /rewards/status
2026-06-16 21:14:55 [http-nio-8080-exec-9] DEBUG org.springframework.security.web.FilterChainProxy - Secured GET /rewards/status
2026-06-16 21:16:12 [http-nio-8080-exec-2] DEBUG org.springframework.security.web.FilterChainProxy - Securing OPTIONS /rewards/status
2026-06-16 21:16:12 [http-nio-8080-exec-1] DEBUG org.springframework.security.web.FilterChainProxy - Securing OPTIONS /rewards/status
2026-06-16 21:16:12 [http-nio-8080-exec-6] DEBUG org.springframework.security.web.FilterChainProxy - Securing OPTIONS /rewards/status
2026-06-16 21:16:12 [http-nio-8080-exec-4] DEBUG org.springframework.security.web.FilterChainProxy - Securing OPTIONS /rewards/status
2026-06-16 21:16:12 [http-nio-8080-exec-5] DEBUG org.springframework.security.web.FilterChainProxy - Securing OPTIONS /rewards/status
2026-06-16 21:16:12 [http-nio-8080-exec-7] DEBUG org.springframework.security.web.FilterChainProxy - Securing OPTIONS /rewards/status
2026-06-16 21:16:12 [http-nio-8080-exec-3] DEBUG org.springframework.security.web.FilterChainProxy - Securing OPTIONS /rewards/status
2026-06-16 21:16:12 [http-nio-8080-exec-10] DEBUG org.springframework.security.web.FilterChainProxy - Securing OPTIONS /rewards/status
2026-06-16 21:16:12 [http-nio-8080-exec-9] DEBUG org.springframework.security.web.FilterChainProxy - Securing OPTIONS /transactions/gettranslog?vpaId=hari2390901@mts
2026-06-16 21:16:12 [http-nio-8080-exec-8] DEBUG org.springframework.security.web.FilterChainProxy - Securing OPTIONS /rewards/status
2026-06-16 21:16:12 [http-nio-8080-exec-1] DEBUG org.springframework.security.web.FilterChainProxy - Securing GET /rewards/status
2026-06-16 21:16:12 [http-nio-8080-exec-2] DEBUG org.springframework.security.web.FilterChainProxy - Securing GET /transactions/gettranslog?vpaId=hari2390901@mts
2026-06-16 21:16:12 [http-nio-8080-exec-1] DEBUG org.springframework.security.web.FilterChainProxy - Secured GET /rewards/status
2026-06-16 21:16:12 [http-nio-8080-exec-2] DEBUG org.springframework.security.web.FilterChainProxy - Secured GET /transactions/gettranslog?vpaId=hari2390901@mts
2026-06-16 21:16:12 [http-nio-8080-exec-2] INFO  com.training.mts.aop.LoggingAspect - Entering method: TransactionServiceImpl.getTransactionHistory(..) with arguments: [hari2390901@mts]
2026-06-16 21:16:12 [http-nio-8080-exec-6] DEBUG org.springframework.security.web.FilterChainProxy - Securing GET /rewards/status
2026-06-16 21:16:12 [http-nio-8080-exec-6] DEBUG org.springframework.security.web.FilterChainProxy - Secured GET /rewards/status
2026-06-16 21:16:12 [http-nio-8080-exec-2] INFO  com.training.mts.aop.LoggingAspect - Method executed successfully: TransactionServiceImpl.getTransactionHistory(..) | Returned: com.training.mts.dto.TransactionHistoryResponse@48498609
2026-06-16 21:16:12 [http-nio-8080-exec-4] DEBUG org.springframework.security.web.FilterChainProxy - Securing GET /rewards/status
2026-06-16 21:16:12 [http-nio-8080-exec-5] DEBUG org.springframework.security.web.FilterChainProxy - Securing OPTIONS /users/getbyvpa?vpaId=john1291912@mts
2026-06-16 21:16:12 [http-nio-8080-exec-7] DEBUG org.springframework.security.web.FilterChainProxy - Securing OPTIONS /users/getbyvpa?vpaId=nethra92923@mts
2026-06-16 21:16:12 [http-nio-8080-exec-4] DEBUG org.springframework.security.web.FilterChainProxy - Secured GET /rewards/status
2026-06-16 21:16:12 [http-nio-8080-exec-10] DEBUG org.springframework.security.web.FilterChainProxy - Securing GET /users/getbyvpa?vpaId=nethra92923@mts
2026-06-16 21:16:12 [http-nio-8080-exec-3] DEBUG org.springframework.security.web.FilterChainProxy - Securing GET /users/getbyvpa?vpaId=john1291912@mts
2026-06-16 21:16:12 [http-nio-8080-exec-4] DEBUG org.springframework.security.web.FilterChainProxy - Securing GET /rewards/status
2026-06-16 21:16:12 [http-nio-8080-exec-3] DEBUG org.springframework.security.web.FilterChainProxy - Secured GET /users/getbyvpa?vpaId=john1291912@mts
2026-06-16 21:16:12 [http-nio-8080-exec-10] DEBUG org.springframework.security.web.FilterChainProxy - Secured GET /users/getbyvpa?vpaId=nethra92923@mts
2026-06-16 21:16:12 [http-nio-8080-exec-10] DEBUG org.springframework.security.web.FilterChainProxy - Securing GET /error?vpaId=nethra92923@mts
2026-06-16 21:16:12 [http-nio-8080-exec-3] DEBUG org.springframework.security.web.FilterChainProxy - Securing GET /error?vpaId=john1291912@mts
2026-06-16 21:16:12 [http-nio-8080-exec-10] DEBUG org.springframework.security.web.authentication.AnonymousAuthenticationFilter - Set SecurityContextHolder to anonymous SecurityContext
2026-06-16 21:16:12 [http-nio-8080-exec-3] DEBUG org.springframework.security.web.authentication.AnonymousAuthenticationFilter - Set SecurityContextHolder to anonymous SecurityContext
2026-06-16 21:16:12 [http-nio-8080-exec-10] DEBUG org.springframework.security.web.authentication.Http403ForbiddenEntryPoint - Pre-authenticated entry point called. Rejecting access
2026-06-16 21:16:12 [http-nio-8080-exec-3] DEBUG org.springframework.security.web.authentication.Http403ForbiddenEntryPoint - Pre-authenticated entry point called. Rejecting access
2026-06-16 21:16:12 [http-nio-8080-exec-4] DEBUG org.springframework.security.web.FilterChainProxy - Secured GET /rewards/status
2026-06-16 21:16:12 [http-nio-8080-exec-8] DEBUG org.springframework.security.web.FilterChainProxy - Securing GET /rewards/status
2026-06-16 21:16:12 [http-nio-8080-exec-8] DEBUG org.springframework.security.web.FilterChainProxy - Secured GET /rewards/status
2026-06-16 21:16:12 [http-nio-8080-exec-1] DEBUG org.springframework.security.web.FilterChainProxy - Securing GET /rewards/status
2026-06-16 21:16:12 [http-nio-8080-exec-1] DEBUG org.springframework.security.web.FilterChainProxy - Secured GET /rewards/status
2026-06-16 21:16:13 [http-nio-8080-exec-2] DEBUG org.springframework.security.web.FilterChainProxy - Securing GET /rewards/status
2026-06-16 21:16:13 [http-nio-8080-exec-2] DEBUG org.springframework.security.web.FilterChainProxy - Secured GET /rewards/status
2026-06-16 21:16:13 [http-nio-8080-exec-6] DEBUG org.springframework.security.web.FilterChainProxy - Securing GET /rewards/status
2026-06-16 21:16:13 [http-nio-8080-exec-6] DEBUG org.springframework.security.web.FilterChainProxy - Secured GET /rewards/status
2026-06-16 21:16:13 [http-nio-8080-exec-7] DEBUG org.springframework.security.web.FilterChainProxy - Securing GET /rewards/status
2026-06-16 21:16:13 [http-nio-8080-exec-7] DEBUG org.springframework.security.web.FilterChainProxy - Secured GET /rewards/status
2026-06-16 21:16:20 [http-nio-8080-exec-5] DEBUG org.springframework.security.web.FilterChainProxy - Securing OPTIONS /rewards/status
2026-06-16 21:16:20 [http-nio-8080-exec-9] DEBUG org.springframework.security.web.FilterChainProxy - Securing GET /rewards/status
2026-06-16 21:16:20 [http-nio-8080-exec-10] DEBUG org.springframework.security.web.FilterChainProxy - Securing OPTIONS /rewards/status
2026-06-16 21:16:20 [http-nio-8080-exec-3] DEBUG org.springframework.security.web.FilterChainProxy - Securing OPTIONS /rewards/status
2026-06-16 21:16:20 [http-nio-8080-exec-4] DEBUG org.springframework.security.web.FilterChainProxy - Securing OPTIONS /rewards/status
2026-06-16 21:16:20 [http-nio-8080-exec-8] DEBUG org.springframework.security.web.FilterChainProxy - Securing OPTIONS /rewards/status
2026-06-16 21:16:20 [http-nio-8080-exec-1] DEBUG org.springframework.security.web.FilterChainProxy - Securing OPTIONS /rewards/status
2026-06-16 21:16:20 [http-nio-8080-exec-1] DEBUG org.springframework.security.web.FilterChainProxy - Securing OPTIONS /rewards/status
2026-06-16 21:16:20 [http-nio-8080-exec-6] DEBUG org.springframework.security.web.FilterChainProxy - Securing OPTIONS /rewards/status
2026-06-16 21:16:20 [http-nio-8080-exec-7] DEBUG org.springframework.security.web.FilterChainProxy - Securing OPTIONS /rewards/status
2026-06-16 21:16:20 [http-nio-8080-exec-9] DEBUG org.springframework.security.web.FilterChainProxy - Secured GET /rewards/status
2026-06-16 21:16:20 [http-nio-8080-exec-5] DEBUG org.springframework.security.web.FilterChainProxy - Securing GET /rewards/status
2026-06-16 21:16:20 [http-nio-8080-exec-5] DEBUG org.springframework.security.web.FilterChainProxy - Secured GET /rewards/status
2026-06-16 21:16:20 [http-nio-8080-exec-10] DEBUG org.springframework.security.web.FilterChainProxy - Securing OPTIONS /transactions/gettranslog?vpaId=hari2390901@mts
2026-06-16 21:16:20 [http-nio-8080-exec-3] DEBUG org.springframework.security.web.FilterChainProxy - Securing OPTIONS /rewards/status
2026-06-16 21:16:20 [http-nio-8080-exec-4] DEBUG org.springframework.security.web.FilterChainProxy - Securing GET /rewards/status
2026-06-16 21:16:20 [http-nio-8080-exec-8] DEBUG org.springframework.security.web.FilterChainProxy - Securing GET /transactions/gettranslog?vpaId=hari2390901@mts
2026-06-16 21:16:20 [http-nio-8080-exec-4] DEBUG org.springframework.security.web.FilterChainProxy - Secured GET /rewards/status
2026-06-16 21:16:20 [http-nio-8080-exec-8] DEBUG org.springframework.security.web.FilterChainProxy - Secured GET /transactions/gettranslog?vpaId=hari2390901@mts
2026-06-16 21:16:20 [http-nio-8080-exec-8] INFO  com.training.mts.aop.LoggingAspect - Entering method: TransactionServiceImpl.getTransactionHistory(..) with arguments: [hari2390901@mts]
2026-06-16 21:16:20 [http-nio-8080-exec-2] DEBUG org.springframework.security.web.FilterChainProxy - Securing GET /rewards/status
2026-06-16 21:16:20 [http-nio-8080-exec-8] INFO  com.training.mts.aop.LoggingAspect - Method executed successfully: TransactionServiceImpl.getTransactionHistory(..) | Returned: com.training.mts.dto.TransactionHistoryResponse@73d21ff6
2026-06-16 21:16:20 [http-nio-8080-exec-2] DEBUG org.springframework.security.web.FilterChainProxy - Secured GET /rewards/status
2026-06-16 21:16:20 [http-nio-8080-exec-6] DEBUG org.springframework.security.web.FilterChainProxy - Securing GET /rewards/status
2026-06-16 21:16:20 [http-nio-8080-exec-6] DEBUG org.springframework.security.web.FilterChainProxy - Secured GET /rewards/status
2026-06-16 21:16:20 [http-nio-8080-exec-7] DEBUG org.springframework.security.web.FilterChainProxy - Securing OPTIONS /users/getbyvpa?vpaId=john1291912@mts
2026-06-16 21:16:20 [http-nio-8080-exec-1] DEBUG org.springframework.security.web.FilterChainProxy - Securing GET /rewards/status
2026-06-16 21:16:20 [http-nio-8080-exec-9] DEBUG org.springframework.security.web.FilterChainProxy - Securing GET /users/getbyvpa?vpaId=john1291912@mts
2026-06-16 21:16:20 [http-nio-8080-exec-1] DEBUG org.springframework.security.web.FilterChainProxy - Secured GET /rewards/status
2026-06-16 21:16:20 [http-nio-8080-exec-9] DEBUG org.springframework.security.web.FilterChainProxy - Secured GET /users/getbyvpa?vpaId=john1291912@mts
2026-06-16 21:16:20 [http-nio-8080-exec-9] DEBUG org.springframework.security.web.FilterChainProxy - Securing GET /error?vpaId=john1291912@mts
2026-06-16 21:16:20 [http-nio-8080-exec-9] DEBUG org.springframework.security.web.authentication.AnonymousAuthenticationFilter - Set SecurityContextHolder to anonymous SecurityContext
2026-06-16 21:16:20 [http-nio-8080-exec-9] DEBUG org.springframework.security.web.authentication.Http403ForbiddenEntryPoint - Pre-authenticated entry point called. Rejecting access
2026-06-16 21:16:20 [http-nio-8080-exec-10] DEBUG org.springframework.security.web.FilterChainProxy - Securing OPTIONS /users/getbyvpa?vpaId=john1291912@mts
2026-06-16 21:16:20 [http-nio-8080-exec-3] DEBUG org.springframework.security.web.FilterChainProxy - Securing GET /rewards/status
2026-06-16 21:16:20 [http-nio-8080-exec-5] DEBUG org.springframework.security.web.FilterChainProxy - Securing GET /users/getbyvpa?vpaId=john1291912@mts
2026-06-16 21:16:20 [http-nio-8080-exec-3] DEBUG org.springframework.security.web.FilterChainProxy - Secured GET /rewards/status
2026-06-16 21:16:20 [http-nio-8080-exec-5] DEBUG org.springframework.security.web.FilterChainProxy - Secured GET /users/getbyvpa?vpaId=john1291912@mts
2026-06-16 21:16:20 [http-nio-8080-exec-5] DEBUG org.springframework.security.web.FilterChainProxy - Securing GET /error?vpaId=john1291912@mts
2026-06-16 21:16:20 [http-nio-8080-exec-5] DEBUG org.springframework.security.web.authentication.AnonymousAuthenticationFilter - Set SecurityContextHolder to anonymous SecurityContext
2026-06-16 21:16:20 [http-nio-8080-exec-5] DEBUG org.springframework.security.web.authentication.Http403ForbiddenEntryPoint - Pre-authenticated entry point called. Rejecting access
2026-06-16 21:16:20 [http-nio-8080-exec-4] DEBUG org.springframework.security.web.FilterChainProxy - Securing GET /rewards/status
2026-06-16 21:16:20 [http-nio-8080-exec-8] DEBUG org.springframework.security.web.FilterChainProxy - Securing OPTIONS /users/getbyvpa?vpaId=john1291912@mts
2026-06-16 21:16:20 [http-nio-8080-exec-4] DEBUG org.springframework.security.web.FilterChainProxy - Secured GET /rewards/status
2026-06-16 21:16:20 [http-nio-8080-exec-2] DEBUG org.springframework.security.web.FilterChainProxy - Securing GET /users/getbyvpa?vpaId=john1291912@mts
2026-06-16 21:16:20 [http-nio-8080-exec-7] DEBUG org.springframework.security.web.FilterChainProxy - Securing GET /rewards/status
2026-06-16 21:16:20 [http-nio-8080-exec-2] DEBUG org.springframework.security.web.FilterChainProxy - Secured GET /users/getbyvpa?vpaId=john1291912@mts
2026-06-16 21:16:20 [http-nio-8080-exec-2] DEBUG org.springframework.security.web.FilterChainProxy - Securing GET /error?vpaId=john1291912@mts
2026-06-16 21:16:20 [http-nio-8080-exec-2] DEBUG org.springframework.security.web.authentication.AnonymousAuthenticationFilter - Set SecurityContextHolder to anonymous SecurityContext
2026-06-16 21:16:20 [http-nio-8080-exec-2] DEBUG org.springframework.security.web.authentication.Http403ForbiddenEntryPoint - Pre-authenticated entry point called. Rejecting access
2026-06-16 21:16:20 [http-nio-8080-exec-7] DEBUG org.springframework.security.web.FilterChainProxy - Secured GET /rewards/status
2026-06-16 21:16:20 [http-nio-8080-exec-6] DEBUG org.springframework.security.web.FilterChainProxy - Securing OPTIONS /users/getbyvpa?vpaId=nethra92923@mts
2026-06-16 21:16:20 [http-nio-8080-exec-9] DEBUG org.springframework.security.web.FilterChainProxy - Securing GET /users/getbyvpa?vpaId=nethra92923@mts
2026-06-16 21:16:20 [http-nio-8080-exec-1] DEBUG org.springframework.security.web.FilterChainProxy - Securing GET /rewards/status
2026-06-16 21:16:20 [http-nio-8080-exec-9] DEBUG org.springframework.security.web.FilterChainProxy - Secured GET /users/getbyvpa?vpaId=nethra92923@mts
2026-06-16 21:16:20 [http-nio-8080-exec-9] DEBUG org.springframework.security.web.FilterChainProxy - Securing GET /error?vpaId=nethra92923@mts
2026-06-16 21:16:20 [http-nio-8080-exec-9] DEBUG org.springframework.security.web.authentication.AnonymousAuthenticationFilter - Set SecurityContextHolder to anonymous SecurityContext
2026-06-16 21:16:20 [http-nio-8080-exec-9] DEBUG org.springframework.security.web.authentication.Http403ForbiddenEntryPoint - Pre-authenticated entry point called. Rejecting access
2026-06-16 21:16:20 [http-nio-8080-exec-1] DEBUG org.springframework.security.web.FilterChainProxy - Secured GET /rewards/status
2026-06-16 21:16:20 [http-nio-8080-exec-10] DEBUG org.springframework.security.web.FilterChainProxy - Securing OPTIONS /users/getbyvpa?vpaId=john1291912@mts
2026-06-16 21:16:20 [http-nio-8080-exec-3] DEBUG org.springframework.security.web.FilterChainProxy - Securing GET /users/getbyvpa?vpaId=john1291912@mts
2026-06-16 21:16:20 [http-nio-8080-exec-3] DEBUG org.springframework.security.web.FilterChainProxy - Secured GET /users/getbyvpa?vpaId=john1291912@mts
2026-06-16 21:16:20 [http-nio-8080-exec-3] DEBUG org.springframework.security.web.FilterChainProxy - Securing GET /error?vpaId=john1291912@mts
2026-06-16 21:16:20 [http-nio-8080-exec-3] DEBUG org.springframework.security.web.authentication.AnonymousAuthenticationFilter - Set SecurityContextHolder to anonymous SecurityContext
2026-06-16 21:16:20 [http-nio-8080-exec-3] DEBUG org.springframework.security.web.authentication.Http403ForbiddenEntryPoint - Pre-authenticated entry point called. Rejecting access
2026-06-16 21:16:23 [http-nio-8080-exec-5] DEBUG org.springframework.security.web.FilterChainProxy - Securing OPTIONS /rewards/status
2026-06-16 21:16:23 [http-nio-8080-exec-8] DEBUG org.springframework.security.web.FilterChainProxy - Securing OPTIONS /rewards/status
2026-06-16 21:16:23 [http-nio-8080-exec-4] DEBUG org.springframework.security.web.FilterChainProxy - Securing OPTIONS /rewards/status
2026-06-16 21:16:23 [http-nio-8080-exec-2] DEBUG org.springframework.security.web.FilterChainProxy - Securing OPTIONS /rewards/status
2026-06-16 21:16:23 [http-nio-8080-exec-8] DEBUG org.springframework.security.web.FilterChainProxy - Securing OPTIONS /rewards/status
2026-06-16 21:16:23 [http-nio-8080-exec-7] DEBUG org.springframework.security.web.FilterChainProxy - Securing OPTIONS /rewards/status
2026-06-16 21:16:23 [http-nio-8080-exec-9] DEBUG org.springframework.security.web.FilterChainProxy - Securing OPTIONS /rewards/status
2026-06-16 21:16:23 [http-nio-8080-exec-1] DEBUG org.springframework.security.web.FilterChainProxy - Securing OPTIONS /rewards/status
2026-06-16 21:16:23 [http-nio-8080-exec-10] DEBUG org.springframework.security.web.FilterChainProxy - Securing OPTIONS /rewards/status
2026-06-16 21:16:23 [http-nio-8080-exec-3] DEBUG org.springframework.security.web.FilterChainProxy - Securing OPTIONS /rewards/status
2026-06-16 21:16:23 [http-nio-8080-exec-5] DEBUG org.springframework.security.web.FilterChainProxy - Securing GET /rewards/status
2026-06-16 21:16:23 [http-nio-8080-exec-6] DEBUG org.springframework.security.web.FilterChainProxy - Securing OPTIONS /transactions/gettranslog?vpaId=hari2390901@mts
2026-06-16 21:16:23 [http-nio-8080-exec-4] DEBUG org.springframework.security.web.FilterChainProxy - Securing OPTIONS /rewards/status
2026-06-16 21:16:23 [http-nio-8080-exec-2] DEBUG org.springframework.security.web.FilterChainProxy - Securing GET /transactions/gettranslog?vpaId=hari2390901@mts
2026-06-16 21:16:23 [http-nio-8080-exec-5] DEBUG org.springframework.security.web.FilterChainProxy - Secured GET /rewards/status
2026-06-16 21:16:23 [http-nio-8080-exec-2] DEBUG org.springframework.security.web.FilterChainProxy - Secured GET /transactions/gettranslog?vpaId=hari2390901@mts
2026-06-16 21:16:23 [http-nio-8080-exec-2] INFO  com.training.mts.aop.LoggingAspect - Entering method: TransactionServiceImpl.getTransactionHistory(..) with arguments: [hari2390901@mts]
2026-06-16 21:16:23 [http-nio-8080-exec-8] DEBUG org.springframework.security.web.FilterChainProxy - Securing GET /rewards/status
2026-06-16 21:16:23 [http-nio-8080-exec-2] INFO  com.training.mts.aop.LoggingAspect - Method executed successfully: TransactionServiceImpl.getTransactionHistory(..) | Returned: com.training.mts.dto.TransactionHistoryResponse@42abc4fd
2026-06-16 21:16:23 [http-nio-8080-exec-8] DEBUG org.springframework.security.web.FilterChainProxy - Secured GET /rewards/status
2026-06-16 21:16:23 [http-nio-8080-exec-7] DEBUG org.springframework.security.web.FilterChainProxy - Securing GET /rewards/status
2026-06-16 21:16:23 [http-nio-8080-exec-9] DEBUG org.springframework.security.web.FilterChainProxy - Securing OPTIONS /users/getbyvpa?vpaId=john1291912@mts
2026-06-16 21:16:23 [http-nio-8080-exec-1] DEBUG org.springframework.security.web.FilterChainProxy - Securing OPTIONS /users/getbyvpa?vpaId=nethra92923@mts
2026-06-16 21:16:23 [http-nio-8080-exec-7] DEBUG org.springframework.security.web.FilterChainProxy - Secured GET /rewards/status
2026-06-16 21:16:23 [http-nio-8080-exec-3] DEBUG org.springframework.security.web.FilterChainProxy - Securing GET /users/getbyvpa?vpaId=john1291912@mts
2026-06-16 21:16:23 [http-nio-8080-exec-10] DEBUG org.springframework.security.web.FilterChainProxy - Securing GET /users/getbyvpa?vpaId=nethra92923@mts
2026-06-16 21:16:23 [http-nio-8080-exec-10] DEBUG org.springframework.security.web.FilterChainProxy - Secured GET /users/getbyvpa?vpaId=nethra92923@mts
2026-06-16 21:16:23 [http-nio-8080-exec-3] DEBUG org.springframework.security.web.FilterChainProxy - Secured GET /users/getbyvpa?vpaId=john1291912@mts
2026-06-16 21:16:23 [http-nio-8080-exec-6] DEBUG org.springframework.security.web.FilterChainProxy - Securing GET /rewards/status
2026-06-16 21:16:23 [http-nio-8080-exec-10] DEBUG org.springframework.security.web.FilterChainProxy - Securing GET /error?vpaId=nethra92923@mts
2026-06-16 21:16:23 [http-nio-8080-exec-3] DEBUG org.springframework.security.web.FilterChainProxy - Securing GET /error?vpaId=john1291912@mts
2026-06-16 21:16:23 [http-nio-8080-exec-10] DEBUG org.springframework.security.web.authentication.AnonymousAuthenticationFilter - Set SecurityContextHolder to anonymous SecurityContext
2026-06-16 21:16:23 [http-nio-8080-exec-3] DEBUG org.springframework.security.web.authentication.AnonymousAuthenticationFilter - Set SecurityContextHolder to anonymous SecurityContext
2026-06-16 21:16:23 [http-nio-8080-exec-10] DEBUG org.springframework.security.web.authentication.Http403ForbiddenEntryPoint - Pre-authenticated entry point called. Rejecting access
2026-06-16 21:16:23 [http-nio-8080-exec-3] DEBUG org.springframework.security.web.authentication.Http403ForbiddenEntryPoint - Pre-authenticated entry point called. Rejecting access
2026-06-16 21:16:23 [http-nio-8080-exec-6] DEBUG org.springframework.security.web.FilterChainProxy - Secured GET /rewards/status
2026-06-16 21:16:23 [http-nio-8080-exec-4] DEBUG org.springframework.security.web.FilterChainProxy - Securing GET /rewards/status
2026-06-16 21:16:23 [http-nio-8080-exec-4] DEBUG org.springframework.security.web.FilterChainProxy - Secured GET /rewards/status
2026-06-16 21:16:23 [http-nio-8080-exec-5] DEBUG org.springframework.security.web.FilterChainProxy - Securing GET /rewards/status
2026-06-16 21:16:23 [http-nio-8080-exec-5] DEBUG org.springframework.security.web.FilterChainProxy - Secured GET /rewards/status
2026-06-16 21:16:23 [http-nio-8080-exec-2] DEBUG org.springframework.security.web.FilterChainProxy - Securing GET /rewards/status
2026-06-16 21:16:23 [http-nio-8080-exec-2] DEBUG org.springframework.security.web.FilterChainProxy - Secured GET /rewards/status
2026-06-16 21:16:23 [http-nio-8080-exec-8] DEBUG org.springframework.security.web.FilterChainProxy - Securing GET /rewards/status
2026-06-16 21:16:23 [http-nio-8080-exec-8] DEBUG org.springframework.security.web.FilterChainProxy - Secured GET /rewards/status
2026-06-16 21:16:23 [http-nio-8080-exec-1] DEBUG org.springframework.security.web.FilterChainProxy - Securing GET /rewards/status
2026-06-16 21:16:23 [http-nio-8080-exec-1] DEBUG org.springframework.security.web.FilterChainProxy - Secured GET /rewards/status
2026-06-16 21:16:23 [http-nio-8080-exec-9] DEBUG org.springframework.security.web.FilterChainProxy - Securing GET /rewards/status
2026-06-16 21:16:23 [http-nio-8080-exec-9] DEBUG org.springframework.security.web.FilterChainProxy - Secured GET /rewards/status
2026-06-16 21:16:23 [http-nio-8080-exec-7] DEBUG org.springframework.security.web.FilterChainProxy - Securing GET /rewards/status
2026-06-16 21:16:23 [http-nio-8080-exec-7] DEBUG org.springframework.security.web.FilterChainProxy - Secured GET /rewards/status
2026-06-16 21:16:50 [http-nio-8080-exec-10] DEBUG org.springframework.security.web.FilterChainProxy - Securing OPTIONS /auth/register
2026-06-16 21:16:50 [http-nio-8080-exec-3] DEBUG org.springframework.security.web.FilterChainProxy - Securing POST /auth/register
2026-06-16 21:16:50 [http-nio-8080-exec-3] DEBUG org.springframework.security.web.authentication.AnonymousAuthenticationFilter - Set SecurityContextHolder to anonymous SecurityContext
2026-06-16 21:16:50 [http-nio-8080-exec-3] DEBUG org.springframework.security.web.FilterChainProxy - Secured POST /auth/register
2026-06-16 21:16:50 [http-nio-8080-exec-3] INFO  com.training.mts.aop.LoggingAspect - Entering method: UserServiceImpl.createUser(..) with arguments: [Shiva, 9393939393, shiva@gmail.com, Barca4]
2026-06-16 21:16:50 [http-nio-8080-exec-3] INFO  com.training.mts.aop.LoggingAspect - Entering method: VPAServiceImpl.generateVPAId(..) with arguments: [User{id=4, name='Shiva', vpa=null}]
2026-06-16 21:16:50 [http-nio-8080-exec-3] INFO  com.training.mts.aop.LoggingAspect - Method executed successfully: VPAServiceImpl.generateVPAId(..) | Returned: shiva93934@mts
2026-06-16 21:16:50 [http-nio-8080-exec-3] INFO  com.training.mts.aop.LoggingAspect - Method executed successfully: UserServiceImpl.createUser(..) | Returned: User{id=4, name='Shiva', vpa=com.training.mts.model.VPA@7f0bde4e}
2026-06-16 21:16:50 [http-nio-8080-exec-6] DEBUG org.springframework.security.web.FilterChainProxy - Securing OPTIONS /users/findByPhone?phoneNumber=9393939393
2026-06-16 21:16:50 [http-nio-8080-exec-4] DEBUG org.springframework.security.web.FilterChainProxy - Securing GET /users/findByPhone?phoneNumber=9393939393
2026-06-16 21:16:50 [http-nio-8080-exec-4] ERROR com.training.mts.security.JwtUtils - JWT validation failed: JWT strings must contain exactly 2 period characters. Found: 0
2026-06-16 21:16:50 [http-nio-8080-exec-4] DEBUG org.springframework.security.web.authentication.AnonymousAuthenticationFilter - Set SecurityContextHolder to anonymous SecurityContext
2026-06-16 21:16:50 [http-nio-8080-exec-4] DEBUG org.springframework.security.web.authentication.Http403ForbiddenEntryPoint - Pre-authenticated entry point called. Rejecting access
2026-06-16 21:16:50 [http-nio-8080-exec-4] DEBUG org.springframework.security.web.FilterChainProxy - Securing GET /error?phoneNumber=9393939393
2026-06-16 21:16:50 [http-nio-8080-exec-4] DEBUG org.springframework.security.web.authentication.AnonymousAuthenticationFilter - Set SecurityContextHolder to anonymous SecurityContext
2026-06-16 21:16:50 [http-nio-8080-exec-4] DEBUG org.springframework.security.web.authentication.Http403ForbiddenEntryPoint - Pre-authenticated entry point called. Rejecting access
2026-06-16 21:17:00 [http-nio-8080-exec-5] DEBUG org.springframework.security.web.FilterChainProxy - Securing POST /auth/login
2026-06-16 21:17:00 [http-nio-8080-exec-5] DEBUG org.springframework.security.web.authentication.AnonymousAuthenticationFilter - Set SecurityContextHolder to anonymous SecurityContext
2026-06-16 21:17:00 [http-nio-8080-exec-5] DEBUG org.springframework.security.web.FilterChainProxy - Secured POST /auth/login
2026-06-16 21:17:00 [http-nio-8080-exec-5] DEBUG org.springframework.security.authentication.dao.DaoAuthenticationProvider - Authenticated user
2026-06-16 21:17:00 [http-nio-8080-exec-2] DEBUG org.springframework.security.web.FilterChainProxy - Securing OPTIONS /users/findByPhone?phoneNumber=9393939393
2026-06-16 21:17:00 [http-nio-8080-exec-8] DEBUG org.springframework.security.web.FilterChainProxy - Securing GET /users/findByPhone?phoneNumber=9393939393
2026-06-16 21:17:00 [http-nio-8080-exec-8] DEBUG org.springframework.security.web.FilterChainProxy - Secured GET /users/findByPhone?phoneNumber=9393939393
2026-06-16 21:17:00 [http-nio-8080-exec-8] INFO  com.training.mts.aop.LoggingAspect - Entering method: UserServiceImpl.getUserByPhoneNumber(..) with arguments: [9393939393]
2026-06-16 21:17:00 [http-nio-8080-exec-8] INFO  com.training.mts.aop.LoggingAspect - Method executed successfully: UserServiceImpl.getUserByPhoneNumber(..) | Returned: User{id=4, name='Shiva', vpa=com.training.mts.model.VPA@242a39d5}
2026-06-16 21:17:00 [http-nio-8080-exec-1] DEBUG org.springframework.security.web.FilterChainProxy - Securing OPTIONS /rewards/status
2026-06-16 21:17:00 [http-nio-8080-exec-9] DEBUG org.springframework.security.web.FilterChainProxy - Securing OPTIONS /rewards/status
2026-06-16 21:17:00 [http-nio-8080-exec-7] DEBUG org.springframework.security.web.FilterChainProxy - Securing OPTIONS /rewards/status
2026-06-16 21:17:00 [http-nio-8080-exec-10] DEBUG org.springframework.security.web.FilterChainProxy - Securing OPTIONS /rewards/status
2026-06-16 21:17:00 [http-nio-8080-exec-3] DEBUG org.springframework.security.web.FilterChainProxy - Securing OPTIONS /rewards/status
2026-06-16 21:17:00 [http-nio-8080-exec-6] DEBUG org.springframework.security.web.FilterChainProxy - Securing OPTIONS /rewards/status
2026-06-16 21:17:00 [http-nio-8080-exec-4] DEBUG org.springframework.security.web.FilterChainProxy - Securing OPTIONS /rewards/status
2026-06-16 21:17:00 [http-nio-8080-exec-5] DEBUG org.springframework.security.web.FilterChainProxy - Securing OPTIONS /rewards/status
2026-06-16 21:17:00 [http-nio-8080-exec-2] DEBUG org.springframework.security.web.FilterChainProxy - Securing OPTIONS /rewards/status
2026-06-16 21:17:00 [http-nio-8080-exec-8] DEBUG org.springframework.security.web.FilterChainProxy - Securing OPTIONS /rewards/status
2026-06-16 21:17:00 [http-nio-8080-exec-1] DEBUG org.springframework.security.web.FilterChainProxy - Securing OPTIONS /rewards/status
2026-06-16 21:17:00 [http-nio-8080-exec-9] DEBUG org.springframework.security.web.FilterChainProxy - Securing GET /rewards/status
2026-06-16 21:17:00 [http-nio-8080-exec-7] DEBUG org.springframework.security.web.FilterChainProxy - Securing OPTIONS /rewards/status
2026-06-16 21:17:00 [http-nio-8080-exec-9] DEBUG org.springframework.security.web.FilterChainProxy - Secured GET /rewards/status
2026-06-16 21:17:00 [http-nio-8080-exec-10] DEBUG org.springframework.security.web.FilterChainProxy - Securing GET /rewards/status
2026-06-16 21:17:00 [http-nio-8080-exec-10] DEBUG org.springframework.security.web.FilterChainProxy - Secured GET /rewards/status
2026-06-16 21:17:00 [http-nio-8080-exec-3] DEBUG org.springframework.security.web.FilterChainProxy - Securing GET /rewards/status
2026-06-16 21:17:00 [http-nio-8080-exec-3] DEBUG org.springframework.security.web.FilterChainProxy - Secured GET /rewards/status
2026-06-16 21:17:00 [http-nio-8080-exec-6] DEBUG org.springframework.security.web.FilterChainProxy - Securing GET /rewards/status
2026-06-16 21:17:00 [http-nio-8080-exec-6] DEBUG org.springframework.security.web.FilterChainProxy - Secured GET /rewards/status
2026-06-16 21:17:00 [http-nio-8080-exec-4] DEBUG org.springframework.security.web.FilterChainProxy - Securing GET /rewards/status
2026-06-16 21:17:00 [http-nio-8080-exec-4] DEBUG org.springframework.security.web.FilterChainProxy - Secured GET /rewards/status
2026-06-16 21:17:00 [http-nio-8080-exec-2] DEBUG org.springframework.security.web.FilterChainProxy - Securing GET /rewards/status
2026-06-16 21:17:00 [http-nio-8080-exec-2] DEBUG org.springframework.security.web.FilterChainProxy - Secured GET /rewards/status
2026-06-16 21:17:00 [http-nio-8080-exec-5] DEBUG org.springframework.security.web.FilterChainProxy - Securing GET /rewards/status
2026-06-16 21:17:00 [http-nio-8080-exec-5] DEBUG org.springframework.security.web.FilterChainProxy - Secured GET /rewards/status
2026-06-16 21:17:00 [http-nio-8080-exec-8] DEBUG org.springframework.security.web.FilterChainProxy - Securing GET /rewards/status
2026-06-16 21:17:00 [http-nio-8080-exec-8] DEBUG org.springframework.security.web.FilterChainProxy - Secured GET /rewards/status
2026-06-16 21:17:00 [http-nio-8080-exec-1] DEBUG org.springframework.security.web.FilterChainProxy - Securing GET /rewards/status
2026-06-16 21:17:00 [http-nio-8080-exec-1] DEBUG org.springframework.security.web.FilterChainProxy - Secured GET /rewards/status
2026-06-16 21:17:00 [http-nio-8080-exec-7] DEBUG org.springframework.security.web.FilterChainProxy - Securing GET /rewards/status
2026-06-16 21:17:00 [http-nio-8080-exec-7] DEBUG org.springframework.security.web.FilterChainProxy - Secured GET /rewards/status
2026-06-16 21:17:00 [http-nio-8080-exec-9] DEBUG org.springframework.security.web.FilterChainProxy - Securing GET /rewards/status
2026-06-16 21:17:00 [http-nio-8080-exec-9] DEBUG org.springframework.security.web.FilterChainProxy - Secured GET /rewards/status
2026-06-16 21:17:00 [http-nio-8080-exec-10] DEBUG org.springframework.security.web.FilterChainProxy - Securing GET /rewards/status
2026-06-16 21:17:00 [http-nio-8080-exec-10] DEBUG org.springframework.security.web.FilterChainProxy - Secured GET /rewards/status
2026-06-16 21:17:11 [http-nio-8080-exec-3] DEBUG org.springframework.security.web.FilterChainProxy - Securing OPTIONS /rewards/status
2026-06-16 21:17:11 [http-nio-8080-exec-6] DEBUG org.springframework.security.web.FilterChainProxy - Securing OPTIONS /rewards/status
2026-06-16 21:17:11 [http-nio-8080-exec-4] DEBUG org.springframework.security.web.FilterChainProxy - Securing OPTIONS /rewards/status
2026-06-16 21:17:11 [http-nio-8080-exec-4] DEBUG org.springframework.security.web.FilterChainProxy - Securing OPTIONS /rewards/status
2026-06-16 21:17:11 [http-nio-8080-exec-5] DEBUG org.springframework.security.web.FilterChainProxy - Securing OPTIONS /rewards/status
2026-06-16 21:17:11 [http-nio-8080-exec-8] DEBUG org.springframework.security.web.FilterChainProxy - Securing OPTIONS /rewards/status
2026-06-16 21:17:11 [http-nio-8080-exec-1] DEBUG org.springframework.security.web.FilterChainProxy - Securing OPTIONS /rewards/status
2026-06-16 21:17:11 [http-nio-8080-exec-7] DEBUG org.springframework.security.web.FilterChainProxy - Securing OPTIONS /rewards/status
2026-06-16 21:17:11 [http-nio-8080-exec-9] DEBUG org.springframework.security.web.FilterChainProxy - Securing OPTIONS /rewards/status
2026-06-16 21:17:11 [http-nio-8080-exec-10] DEBUG org.springframework.security.web.FilterChainProxy - Securing OPTIONS /rewards/status
2026-06-16 21:17:11 [http-nio-8080-exec-3] DEBUG org.springframework.security.web.FilterChainProxy - Securing OPTIONS /rewards/status
2026-06-16 21:17:11 [http-nio-8080-exec-6] DEBUG org.springframework.security.web.FilterChainProxy - Securing OPTIONS /rewards/status
2026-06-16 21:17:11 [http-nio-8080-exec-2] DEBUG org.springframework.security.web.FilterChainProxy - Securing OPTIONS /rewards/status
2026-06-16 21:17:11 [http-nio-8080-exec-4] DEBUG org.springframework.security.web.FilterChainProxy - Securing GET /rewards/status
2026-06-16 21:17:11 [http-nio-8080-exec-4] DEBUG org.springframework.security.web.FilterChainProxy - Secured GET /rewards/status
2026-06-16 21:17:11 [http-nio-8080-exec-5] DEBUG org.springframework.security.web.FilterChainProxy - Securing GET /rewards/status
2026-06-16 21:17:11 [http-nio-8080-exec-5] DEBUG org.springframework.security.web.FilterChainProxy - Secured GET /rewards/status
2026-06-16 21:17:11 [http-nio-8080-exec-5] DEBUG org.springframework.security.web.FilterChainProxy - Securing GET /rewards/status
2026-06-16 21:17:11 [http-nio-8080-exec-5] DEBUG org.springframework.security.web.FilterChainProxy - Secured GET /rewards/status
2026-06-16 21:17:11 [http-nio-8080-exec-1] DEBUG org.springframework.security.web.FilterChainProxy - Securing GET /rewards/status
2026-06-16 21:17:11 [http-nio-8080-exec-1] DEBUG org.springframework.security.web.FilterChainProxy - Secured GET /rewards/status
2026-06-16 21:17:11 [http-nio-8080-exec-7] DEBUG org.springframework.security.web.FilterChainProxy - Securing GET /rewards/status
2026-06-16 21:17:11 [http-nio-8080-exec-7] DEBUG org.springframework.security.web.FilterChainProxy - Secured GET /rewards/status
2026-06-16 21:17:11 [http-nio-8080-exec-9] DEBUG org.springframework.security.web.FilterChainProxy - Securing GET /rewards/status
2026-06-16 21:17:11 [http-nio-8080-exec-9] DEBUG org.springframework.security.web.FilterChainProxy - Secured GET /rewards/status
2026-06-16 21:17:11 [http-nio-8080-exec-10] DEBUG org.springframework.security.web.FilterChainProxy - Securing GET /rewards/status
2026-06-16 21:17:11 [http-nio-8080-exec-10] DEBUG org.springframework.security.web.FilterChainProxy - Secured GET /rewards/status
2026-06-16 21:17:11 [http-nio-8080-exec-3] DEBUG org.springframework.security.web.FilterChainProxy - Securing GET /rewards/status
2026-06-16 21:17:11 [http-nio-8080-exec-3] DEBUG org.springframework.security.web.FilterChainProxy - Secured GET /rewards/status
2026-06-16 21:17:11 [http-nio-8080-exec-6] DEBUG org.springframework.security.web.FilterChainProxy - Securing GET /rewards/status
2026-06-16 21:17:11 [http-nio-8080-exec-6] DEBUG org.springframework.security.web.FilterChainProxy - Secured GET /rewards/status
2026-06-16 21:17:11 [http-nio-8080-exec-2] DEBUG org.springframework.security.web.FilterChainProxy - Securing GET /rewards/status
2026-06-16 21:17:11 [http-nio-8080-exec-2] DEBUG org.springframework.security.web.FilterChainProxy - Secured GET /rewards/status
2026-06-16 21:17:11 [http-nio-8080-exec-4] DEBUG org.springframework.security.web.FilterChainProxy - Securing GET /rewards/status
2026-06-16 21:17:11 [http-nio-8080-exec-4] DEBUG org.springframework.security.web.FilterChainProxy - Secured GET /rewards/status
2026-06-16 21:17:11 [http-nio-8080-exec-8] DEBUG org.springframework.security.web.FilterChainProxy - Securing GET /rewards/status
2026-06-16 21:17:11 [http-nio-8080-exec-8] DEBUG org.springframework.security.web.FilterChainProxy - Secured GET /rewards/status
2026-06-16 21:17:11 [http-nio-8080-exec-5] DEBUG org.springframework.security.web.FilterChainProxy - Securing GET /rewards/status
2026-06-16 21:17:11 [http-nio-8080-exec-5] DEBUG org.springframework.security.web.FilterChainProxy - Secured GET /rewards/status
2026-06-16 21:18:21 [http-nio-8080-exec-2] DEBUG org.springframework.security.web.FilterChainProxy - Securing OPTIONS /bankaccounts/link
2026-06-16 21:18:21 [http-nio-8080-exec-4] DEBUG org.springframework.security.web.FilterChainProxy - Securing POST /bankaccounts/link
2026-06-16 21:18:21 [http-nio-8080-exec-4] DEBUG org.springframework.security.web.FilterChainProxy - Secured POST /bankaccounts/link
2026-06-16 21:18:21 [http-nio-8080-exec-4] INFO  com.training.mts.aop.LoggingAspect - Entering method: BankAccountServiceImpl.linkBankAccount(..) with arguments: [shiva93934@mts, ACC1014, forest_run]
2026-06-16 21:18:21 [http-nio-8080-exec-4] INFO  com.training.mts.aop.LoggingAspect - Method executed successfully: BankAccountServiceImpl.linkBankAccount(..) | Returned: User{id=4, name='Shiva', vpa=com.training.mts.model.VPA@6ddb76f9}
2026-06-16 21:18:24 [http-nio-8080-exec-8] DEBUG org.springframework.security.web.FilterChainProxy - Securing OPTIONS /rewards/status
2026-06-16 21:18:24 [http-nio-8080-exec-5] DEBUG org.springframework.security.web.FilterChainProxy - Securing OPTIONS /rewards/status
2026-06-16 21:18:24 [http-nio-8080-exec-1] DEBUG org.springframework.security.web.FilterChainProxy - Securing OPTIONS /rewards/status
2026-06-16 21:18:24 [http-nio-8080-exec-6] DEBUG org.springframework.security.web.FilterChainProxy - Securing OPTIONS /rewards/status
2026-06-16 21:18:24 [http-nio-8080-exec-9] DEBUG org.springframework.security.web.FilterChainProxy - Securing OPTIONS /rewards/status
2026-06-16 21:18:24 [http-nio-8080-exec-10] DEBUG org.springframework.security.web.FilterChainProxy - Securing OPTIONS /rewards/status
2026-06-16 21:18:24 [http-nio-8080-exec-3] DEBUG org.springframework.security.web.FilterChainProxy - Securing OPTIONS /rewards/status
2026-06-16 21:18:24 [http-nio-8080-exec-7] DEBUG org.springframework.security.web.FilterChainProxy - Securing OPTIONS /rewards/status
2026-06-16 21:18:24 [http-nio-8080-exec-2] DEBUG org.springframework.security.web.FilterChainProxy - Securing OPTIONS /rewards/status
2026-06-16 21:18:24 [http-nio-8080-exec-4] DEBUG org.springframework.security.web.FilterChainProxy - Securing OPTIONS /rewards/status
2026-06-16 21:18:24 [http-nio-8080-exec-8] DEBUG org.springframework.security.web.FilterChainProxy - Securing OPTIONS /rewards/status
2026-06-16 21:18:24 [http-nio-8080-exec-5] DEBUG org.springframework.security.web.FilterChainProxy - Securing OPTIONS /rewards/status
2026-06-16 21:18:24 [http-nio-8080-exec-1] DEBUG org.springframework.security.web.FilterChainProxy - Securing OPTIONS /rewards/status
2026-06-16 21:18:24 [http-nio-8080-exec-6] DEBUG org.springframework.security.web.FilterChainProxy - Securing OPTIONS /transactions/gettranslog?vpaId=shiva93934@mts
2026-06-16 21:18:24 [http-nio-8080-exec-9] DEBUG org.springframework.security.web.FilterChainProxy - Securing OPTIONS /rewards/status
2026-06-16 21:18:24 [http-nio-8080-exec-10] DEBUG org.springframework.security.web.FilterChainProxy - Securing GET /rewards/status
2026-06-16 21:18:24 [http-nio-8080-exec-3] DEBUG org.springframework.security.web.FilterChainProxy - Securing GET /transactions/gettranslog?vpaId=shiva93934@mts
2026-06-16 21:18:24 [http-nio-8080-exec-10] DEBUG org.springframework.security.web.FilterChainProxy - Secured GET /rewards/status
2026-06-16 21:18:24 [http-nio-8080-exec-3] DEBUG org.springframework.security.web.FilterChainProxy - Secured GET /transactions/gettranslog?vpaId=shiva93934@mts
2026-06-16 21:18:24 [http-nio-8080-exec-3] INFO  com.training.mts.aop.LoggingAspect - Entering method: TransactionServiceImpl.getTransactionHistory(..) with arguments: [shiva93934@mts]
2026-06-16 21:18:24 [http-nio-8080-exec-7] DEBUG org.springframework.security.web.FilterChainProxy - Securing GET /rewards/status
2026-06-16 21:18:24 [http-nio-8080-exec-3] INFO  com.training.mts.aop.LoggingAspect - Method executed successfully: TransactionServiceImpl.getTransactionHistory(..) | Returned: com.training.mts.dto.TransactionHistoryResponse@4c4ce291
2026-06-16 21:18:24 [http-nio-8080-exec-7] DEBUG org.springframework.security.web.FilterChainProxy - Secured GET /rewards/status
2026-06-16 21:18:24 [http-nio-8080-exec-2] DEBUG org.springframework.security.web.FilterChainProxy - Securing GET /rewards/status
2026-06-16 21:18:24 [http-nio-8080-exec-2] DEBUG org.springframework.security.web.FilterChainProxy - Secured GET /rewards/status
2026-06-16 21:18:24 [http-nio-8080-exec-4] DEBUG org.springframework.security.web.FilterChainProxy - Securing GET /rewards/status
2026-06-16 21:18:24 [http-nio-8080-exec-4] DEBUG org.springframework.security.web.FilterChainProxy - Secured GET /rewards/status
2026-06-16 21:18:24 [http-nio-8080-exec-8] DEBUG org.springframework.security.web.FilterChainProxy - Securing GET /rewards/status
2026-06-16 21:18:24 [http-nio-8080-exec-8] DEBUG org.springframework.security.web.FilterChainProxy - Secured GET /rewards/status
2026-06-16 21:18:24 [http-nio-8080-exec-5] DEBUG org.springframework.security.web.FilterChainProxy - Securing GET /rewards/status
2026-06-16 21:18:24 [http-nio-8080-exec-5] DEBUG org.springframework.security.web.FilterChainProxy - Secured GET /rewards/status
2026-06-16 21:18:24 [http-nio-8080-exec-1] DEBUG org.springframework.security.web.FilterChainProxy - Securing GET /rewards/status
2026-06-16 21:18:24 [http-nio-8080-exec-1] DEBUG org.springframework.security.web.FilterChainProxy - Secured GET /rewards/status
2026-06-16 21:18:24 [http-nio-8080-exec-6] DEBUG org.springframework.security.web.FilterChainProxy - Securing GET /rewards/status
2026-06-16 21:18:24 [http-nio-8080-exec-6] DEBUG org.springframework.security.web.FilterChainProxy - Secured GET /rewards/status
2026-06-16 21:18:24 [http-nio-8080-exec-9] DEBUG org.springframework.security.web.FilterChainProxy - Securing GET /rewards/status
2026-06-16 21:18:24 [http-nio-8080-exec-9] DEBUG org.springframework.security.web.FilterChainProxy - Secured GET /rewards/status
2026-06-16 21:18:24 [http-nio-8080-exec-10] DEBUG org.springframework.security.web.FilterChainProxy - Securing GET /rewards/status
2026-06-16 21:18:24 [http-nio-8080-exec-10] DEBUG org.springframework.security.web.FilterChainProxy - Secured GET /rewards/status
2026-06-16 21:18:24 [http-nio-8080-exec-3] DEBUG org.springframework.security.web.FilterChainProxy - Securing GET /rewards/status
2026-06-16 21:18:24 [http-nio-8080-exec-3] DEBUG org.springframework.security.web.FilterChainProxy - Secured GET /rewards/status
2026-06-16 21:18:24 [http-nio-8080-exec-7] DEBUG org.springframework.security.web.FilterChainProxy - Securing GET /rewards/status
2026-06-16 21:18:24 [http-nio-8080-exec-7] DEBUG org.springframework.security.web.FilterChainProxy - Secured GET /rewards/status
2026-06-16 21:18:24 [http-nio-8080-exec-2] DEBUG org.springframework.security.web.FilterChainProxy - Securing GET /rewards/status
2026-06-16 21:18:24 [http-nio-8080-exec-2] DEBUG org.springframework.security.web.FilterChainProxy - Secured GET /rewards/status
2026-06-16 21:18:24 [http-nio-8080-exec-4] DEBUG org.springframework.security.web.FilterChainProxy - Securing GET /rewards/status
2026-06-16 21:18:24 [http-nio-8080-exec-4] DEBUG org.springframework.security.web.FilterChainProxy - Secured GET /rewards/status
2026-06-16 21:18:26 [http-nio-8080-exec-8] DEBUG org.springframework.security.web.FilterChainProxy - Securing OPTIONS /rewards/status
2026-06-16 21:18:26 [http-nio-8080-exec-5] DEBUG org.springframework.security.web.FilterChainProxy - Securing OPTIONS /rewards/status
2026-06-16 21:18:26 [http-nio-8080-exec-1] DEBUG org.springframework.security.web.FilterChainProxy - Securing OPTIONS /rewards/status
2026-06-16 21:18:26 [http-nio-8080-exec-9] DEBUG org.springframework.security.web.FilterChainProxy - Securing OPTIONS /rewards/status
2026-06-16 21:18:26 [http-nio-8080-exec-6] DEBUG org.springframework.security.web.FilterChainProxy - Securing OPTIONS /rewards/status
2026-06-16 21:18:26 [http-nio-8080-exec-10] DEBUG org.springframework.security.web.FilterChainProxy - Securing OPTIONS /rewards/status
2026-06-16 21:18:26 [http-nio-8080-exec-3] DEBUG org.springframework.security.web.FilterChainProxy - Securing OPTIONS /rewards/status
2026-06-16 21:18:26 [http-nio-8080-exec-7] DEBUG org.springframework.security.web.FilterChainProxy - Securing OPTIONS /rewards/status
2026-06-16 21:18:26 [http-nio-8080-exec-2] DEBUG org.springframework.security.web.FilterChainProxy - Securing OPTIONS /rewards/status
2026-06-16 21:18:26 [http-nio-8080-exec-4] DEBUG org.springframework.security.web.FilterChainProxy - Securing OPTIONS /rewards/status
2026-06-16 21:18:26 [http-nio-8080-exec-8] DEBUG org.springframework.security.web.FilterChainProxy - Securing OPTIONS /rewards/status
2026-06-16 21:18:26 [http-nio-8080-exec-5] DEBUG org.springframework.security.web.FilterChainProxy - Securing OPTIONS /rewards/status
2026-06-16 21:18:26 [http-nio-8080-exec-9] DEBUG org.springframework.security.web.FilterChainProxy - Securing OPTIONS /rewards/status
2026-06-16 21:18:26 [http-nio-8080-exec-1] DEBUG org.springframework.security.web.FilterChainProxy - Securing OPTIONS /rewards/status
2026-06-16 21:18:26 [http-nio-8080-exec-6] DEBUG org.springframework.security.web.FilterChainProxy - Securing GET /rewards/status
2026-06-16 21:18:26 [http-nio-8080-exec-10] DEBUG org.springframework.security.web.FilterChainProxy - Securing OPTIONS /rewards/status
2026-06-16 21:18:26 [http-nio-8080-exec-6] DEBUG org.springframework.security.web.FilterChainProxy - Secured GET /rewards/status
2026-06-16 21:18:26 [http-nio-8080-exec-3] DEBUG org.springframework.security.web.FilterChainProxy - Securing GET /rewards/status
2026-06-16 21:18:26 [http-nio-8080-exec-3] DEBUG org.springframework.security.web.FilterChainProxy - Secured GET /rewards/status
2026-06-16 21:18:26 [http-nio-8080-exec-7] DEBUG org.springframework.security.web.FilterChainProxy - Securing GET /rewards/status
2026-06-16 21:18:26 [http-nio-8080-exec-7] DEBUG org.springframework.security.web.FilterChainProxy - Secured GET /rewards/status
2026-06-16 21:18:26 [http-nio-8080-exec-2] DEBUG org.springframework.security.web.FilterChainProxy - Securing GET /rewards/status
2026-06-16 21:18:26 [http-nio-8080-exec-2] DEBUG org.springframework.security.web.FilterChainProxy - Secured GET /rewards/status
2026-06-16 21:18:26 [http-nio-8080-exec-4] DEBUG org.springframework.security.web.FilterChainProxy - Securing GET /rewards/status
2026-06-16 21:18:26 [http-nio-8080-exec-4] DEBUG org.springframework.security.web.FilterChainProxy - Secured GET /rewards/status
2026-06-16 21:18:26 [http-nio-8080-exec-8] DEBUG org.springframework.security.web.FilterChainProxy - Securing GET /rewards/status
2026-06-16 21:18:26 [http-nio-8080-exec-8] DEBUG org.springframework.security.web.FilterChainProxy - Secured GET /rewards/status
2026-06-16 21:18:26 [http-nio-8080-exec-5] DEBUG org.springframework.security.web.FilterChainProxy - Securing GET /rewards/status
2026-06-16 21:18:26 [http-nio-8080-exec-5] DEBUG org.springframework.security.web.FilterChainProxy - Secured GET /rewards/status
2026-06-16 21:18:26 [http-nio-8080-exec-9] DEBUG org.springframework.security.web.FilterChainProxy - Securing GET /rewards/status
2026-06-16 21:18:26 [http-nio-8080-exec-9] DEBUG org.springframework.security.web.FilterChainProxy - Secured GET /rewards/status
2026-06-16 21:18:26 [http-nio-8080-exec-1] DEBUG org.springframework.security.web.FilterChainProxy - Securing GET /rewards/status
2026-06-16 21:18:26 [http-nio-8080-exec-1] DEBUG org.springframework.security.web.FilterChainProxy - Secured GET /rewards/status
2026-06-16 21:18:26 [http-nio-8080-exec-10] DEBUG org.springframework.security.web.FilterChainProxy - Securing GET /rewards/status
2026-06-16 21:18:26 [http-nio-8080-exec-10] DEBUG org.springframework.security.web.FilterChainProxy - Secured GET /rewards/status
2026-06-16 21:18:26 [http-nio-8080-exec-6] DEBUG org.springframework.security.web.FilterChainProxy - Securing GET /rewards/status
2026-06-16 21:18:26 [http-nio-8080-exec-6] DEBUG org.springframework.security.web.FilterChainProxy - Secured GET /rewards/status
2026-06-16 21:18:26 [http-nio-8080-exec-3] DEBUG org.springframework.security.web.FilterChainProxy - Securing GET /rewards/status
2026-06-16 21:18:26 [http-nio-8080-exec-3] DEBUG org.springframework.security.web.FilterChainProxy - Secured GET /rewards/status
2026-06-16 21:18:26 [http-nio-8080-exec-7] DEBUG org.springframework.security.web.FilterChainProxy - Securing GET /rewards/status
2026-06-16 21:18:26 [http-nio-8080-exec-7] DEBUG org.springframework.security.web.FilterChainProxy - Secured GET /rewards/status
2026-06-16 21:18:26 [http-nio-8080-exec-2] DEBUG org.springframework.security.web.FilterChainProxy - Securing GET /rewards/status
2026-06-16 21:18:27 [http-nio-8080-exec-2] DEBUG org.springframework.security.web.FilterChainProxy - Secured GET /rewards/status
2026-06-16 21:18:27 [http-nio-8080-exec-4] DEBUG org.springframework.security.web.FilterChainProxy - Securing GET /rewards/status
2026-06-16 21:18:27 [http-nio-8080-exec-4] DEBUG org.springframework.security.web.FilterChainProxy - Secured GET /rewards/status
2026-06-16 21:18:31 [http-nio-8080-exec-8] DEBUG org.springframework.security.web.FilterChainProxy - Securing OPTIONS /users/getbalance?vpaId=shiva93934@mts&password=Barca4
2026-06-16 21:18:31 [http-nio-8080-exec-5] DEBUG org.springframework.security.web.FilterChainProxy - Securing GET /users/getbalance?vpaId=shiva93934@mts&password=Barca4
2026-06-16 21:18:31 [http-nio-8080-exec-5] DEBUG org.springframework.security.web.FilterChainProxy - Secured GET /users/getbalance?vpaId=shiva93934@mts&password=Barca4
2026-06-16 21:18:31 [http-nio-8080-exec-5] INFO  com.training.mts.aop.LoggingAspect - Entering method: UserServiceImpl.getBankBalance(..) with arguments: [shiva93934@mts, Barca4]
2026-06-16 21:18:31 [http-nio-8080-exec-5] INFO  com.training.mts.aop.LoggingAspect - Method executed successfully: UserServiceImpl.getBankBalance(..) | Returned: 890.0
2026-06-16 21:19:14 [http-nio-8080-exec-2] DEBUG org.springframework.security.web.FilterChainProxy - Securing OPTIONS /rewards/status
2026-06-16 21:19:14 [http-nio-8080-exec-4] DEBUG org.springframework.security.web.FilterChainProxy - Securing GET /rewards/status
2026-06-16 21:19:14 [http-nio-8080-exec-8] DEBUG org.springframework.security.web.FilterChainProxy - Securing OPTIONS /rewards/status
2026-06-16 21:19:14 [http-nio-8080-exec-5] DEBUG org.springframework.security.web.FilterChainProxy - Securing OPTIONS /rewards/status
2026-06-16 21:19:14 [http-nio-8080-exec-4] DEBUG org.springframework.security.web.FilterChainProxy - Secured GET /rewards/status
2026-06-16 21:19:14 [http-nio-8080-exec-10] DEBUG org.springframework.security.web.FilterChainProxy - Securing GET /rewards/status
2026-06-16 21:19:14 [http-nio-8080-exec-10] DEBUG org.springframework.security.web.FilterChainProxy - Secured GET /rewards/status
2026-06-16 21:19:14 [http-nio-8080-exec-1] DEBUG org.springframework.security.web.FilterChainProxy - Securing GET /rewards/status
2026-06-16 21:19:14 [http-nio-8080-exec-1] DEBUG org.springframework.security.web.FilterChainProxy - Secured GET /rewards/status
2026-06-16 21:56:01 [http-nio-8080-exec-7] DEBUG org.springframework.security.web.FilterChainProxy - Securing OPTIONS /rewards/status
2026-06-16 21:56:01 [http-nio-8080-exec-2] DEBUG org.springframework.security.web.FilterChainProxy - Securing GET /rewards/status
2026-06-16 21:56:01 [http-nio-8080-exec-2] DEBUG org.springframework.security.web.FilterChainProxy - Secured GET /rewards/status
2026-06-16 21:56:01 [http-nio-8080-exec-8] DEBUG org.springframework.security.web.FilterChainProxy - Securing OPTIONS /rewards/status
2026-06-16 21:56:01 [http-nio-8080-exec-5] DEBUG org.springframework.security.web.FilterChainProxy - Securing OPTIONS /rewards/status
2026-06-16 21:56:01 [http-nio-8080-exec-4] DEBUG org.springframework.security.web.FilterChainProxy - Securing GET /rewards/status
2026-06-16 21:56:01 [http-nio-8080-exec-4] DEBUG org.springframework.security.web.FilterChainProxy - Secured GET /rewards/status
2026-06-16 21:56:01 [http-nio-8080-exec-10] DEBUG org.springframework.security.web.FilterChainProxy - Securing GET /rewards/status
2026-06-16 21:56:01 [http-nio-8080-exec-10] DEBUG org.springframework.security.web.FilterChainProxy - Secured GET /rewards/status
2026-06-16 21:56:06 [http-nio-8080-exec-9] DEBUG org.springframework.security.web.FilterChainProxy - Securing OPTIONS /rewards/status
2026-06-16 21:56:06 [http-nio-8080-exec-3] DEBUG org.springframework.security.web.FilterChainProxy - Securing GET /rewards/status
2026-06-16 21:56:06 [http-nio-8080-exec-3] DEBUG org.springframework.security.web.FilterChainProxy - Secured GET /rewards/status
2026-06-16 21:56:06 [http-nio-8080-exec-7] DEBUG org.springframework.security.web.FilterChainProxy - Securing OPTIONS /rewards/status
2026-06-16 21:56:06 [http-nio-8080-exec-8] DEBUG org.springframework.security.web.FilterChainProxy - Securing OPTIONS /rewards/status
2026-06-16 21:56:06 [http-nio-8080-exec-5] DEBUG org.springframework.security.web.FilterChainProxy - Securing GET /rewards/status
2026-06-16 21:56:07 [http-nio-8080-exec-5] DEBUG org.springframework.security.web.FilterChainProxy - Secured GET /rewards/status
2026-06-16 21:56:07 [http-nio-8080-exec-2] DEBUG org.springframework.security.web.FilterChainProxy - Securing GET /rewards/status
2026-06-16 21:56:07 [http-nio-8080-exec-2] DEBUG org.springframework.security.web.FilterChainProxy - Secured GET /rewards/status
2026-06-16 21:56:11 [HikariPool-1:housekeeper] WARN  com.zaxxer.hikari.pool.HikariPool - HikariPool-1 - Thread starvation or clock leap detected (housekeeper delta=36m47s38ms612µs800ns).
2026-06-16 21:57:17 [http-nio-8080-exec-6] DEBUG org.springframework.security.web.FilterChainProxy - Securing OPTIONS /rewards/status
2026-06-16 21:57:17 [http-nio-8080-exec-9] DEBUG org.springframework.security.web.FilterChainProxy - Securing GET /rewards/status
2026-06-16 21:57:17 [http-nio-8080-exec-9] DEBUG org.springframework.security.web.FilterChainProxy - Secured GET /rewards/status
2026-06-16 21:57:17 [http-nio-8080-exec-7] DEBUG org.springframework.security.web.FilterChainProxy - Securing OPTIONS /rewards/status
2026-06-16 21:57:17 [http-nio-8080-exec-3] DEBUG org.springframework.security.web.FilterChainProxy - Securing OPTIONS /rewards/status
2026-06-16 21:57:17 [http-nio-8080-exec-8] DEBUG org.springframework.security.web.FilterChainProxy - Securing GET /rewards/status
2026-06-16 21:57:17 [http-nio-8080-exec-8] DEBUG org.springframework.security.web.FilterChainProxy - Secured GET /rewards/status
2026-06-16 21:57:17 [http-nio-8080-exec-5] DEBUG org.springframework.security.web.FilterChainProxy - Securing GET /rewards/status
2026-06-16 21:57:17 [http-nio-8080-exec-5] DEBUG org.springframework.security.web.FilterChainProxy - Secured GET /rewards/status
2026-06-16 21:58:28 [http-nio-8080-exec-10] DEBUG org.springframework.security.web.FilterChainProxy - Securing OPTIONS /rewards/status
2026-06-16 21:58:28 [http-nio-8080-exec-4] DEBUG org.springframework.security.web.FilterChainProxy - Securing GET /rewards/status
2026-06-16 21:58:28 [http-nio-8080-exec-4] DEBUG org.springframework.security.web.FilterChainProxy - Secured GET /rewards/status
2026-06-16 21:58:28 [http-nio-8080-exec-6] DEBUG org.springframework.security.web.FilterChainProxy - Securing OPTIONS /rewards/status
2026-06-16 21:58:28 [http-nio-8080-exec-7] DEBUG org.springframework.security.web.FilterChainProxy - Securing GET /rewards/status
2026-06-16 21:58:28 [http-nio-8080-exec-3] DEBUG org.springframework.security.web.FilterChainProxy - Securing OPTIONS /rewards/status
2026-06-16 21:58:28 [http-nio-8080-exec-7] DEBUG org.springframework.security.web.FilterChainProxy - Secured GET /rewards/status
2026-06-16 21:58:28 [http-nio-8080-exec-9] DEBUG org.springframework.security.web.FilterChainProxy - Securing GET /rewards/status
2026-06-16 21:58:28 [http-nio-8080-exec-9] DEBUG org.springframework.security.web.FilterChainProxy - Secured GET /rewards/status
2026-06-16 23:37:44 [HikariPool-1:housekeeper] WARN  com.zaxxer.hikari.pool.HikariPool - HikariPool-1 - Thread starvation or clock leap detected (housekeeper delta=1h39m768ms314µs800ns).
