2026-02-15 16:53:13 [background-preinit] INFO  org.hibernate.validator.internal.util.Version - HV000001: Hibernate Validator 9.0.1.Final
2026-02-15 16:53:14 [main] INFO  com.training.mts.MtsApplication - Starting MtsApplication using Java 17.0.8 with PID 8984 (C:\Users\labuser\Downloads\Project\backend\mts\target\classes started by labuser in C:\Users\labuser\Downloads\Project\backend\mts)
2026-02-15 16:53:14 [main] INFO  com.training.mts.MtsApplication - No active profile set, falling back to 1 default profile: "default"
2026-02-15 16:53:16 [main] INFO  org.springframework.data.repository.config.RepositoryConfigurationDelegate - Bootstrapping Spring Data JPA repositories in DEFAULT mode.
2026-02-15 16:53:16 [main] INFO  org.springframework.data.repository.config.RepositoryConfigurationDelegate - Finished Spring Data repository scanning in 163 ms. Found 4 JPA repository interfaces.
2026-02-15 16:53:18 [main] INFO  org.springframework.boot.tomcat.TomcatWebServer - Tomcat initialized with port 8080 (http)
2026-02-15 16:53:18 [main] INFO  org.apache.coyote.http11.Http11NioProtocol - Initializing ProtocolHandler ["http-nio-8080"]
2026-02-15 16:53:18 [main] INFO  org.apache.catalina.core.StandardService - Starting service [Tomcat]
2026-02-15 16:53:18 [main] INFO  org.apache.catalina.core.StandardEngine - Starting Servlet engine: [Apache Tomcat/11.0.15]
2026-02-15 16:53:18 [main] INFO  org.springframework.boot.web.context.servlet.WebApplicationContextInitializer - Root WebApplicationContext: initialization completed in 4301 ms
2026-02-15 16:53:18 [main] INFO  org.hibernate.orm.jpa - HHH008540: Processing PersistenceUnitInfo [name: default]
2026-02-15 16:53:19 [main] INFO  org.hibernate.orm.core - HHH000001: Hibernate ORM core version 7.2.1.Final
2026-02-15 16:53:19 [main] INFO  org.springframework.orm.jpa.persistenceunit.SpringPersistenceUnitInfo - No LoadTimeWeaver setup: ignoring JPA class transformer
2026-02-15 16:53:20 [main] INFO  com.zaxxer.hikari.HikariDataSource - HikariPool-1 - Starting...
2026-02-15 16:53:20 [main] INFO  com.zaxxer.hikari.pool.HikariPool - HikariPool-1 - Added connection com.mysql.cj.jdbc.ConnectionImpl@71eafb64
2026-02-15 16:53:20 [main] INFO  com.zaxxer.hikari.HikariDataSource - HikariPool-1 - Start completed.
2026-02-15 16:53:20 [main] WARN  org.hibernate.orm.deprecation - HHH90000025: MySQLDialect does not need to be specified explicitly using 'hibernate.dialect' (remove the property setting and it will be selected by default)
2026-02-15 16:53:20 [main] INFO  org.hibernate.orm.connections.pooling - HHH10001005: Database info:
	Database JDBC URL [jdbc:mysql://localhost:3306/mts?createDatabaseIfNotExist=true]
	Database driver: MySQL Connector/J
	Database dialect: MySQLDialect
	Database version: 8.1
	Default catalog/schema: mts/undefined
	Autocommit mode: undefined/unknown
	Isolation level: REPEATABLE_READ [default REPEATABLE_READ]
	JDBC fetch size: none
	Pool: DataSourceConnectionProvider
	Minimum pool size: undefined/unknown
	Maximum pool size: undefined/unknown
2026-02-15 16:53:22 [main] INFO  org.hibernate.orm.core - HHH000489: No JTA platform available (set 'hibernate.transaction.jta.platform' to enable JTA platform integration)
2026-02-15 16:53:22 [main] WARN  org.hibernate.tool.schema.internal.ExceptionHandlerLoggedImpl - GenerationTarget encountered exception accepting command : Error executing DDL "alter table `transaction` modify column transaction_type tinyint" via JDBC [Incorrect integer value: 'debit' for column 'transaction_type' at row 1]
org.hibernate.tool.schema.spi.CommandAcceptanceException: Error executing DDL "alter table `transaction` modify column transaction_type tinyint" via JDBC [Incorrect integer value: 'debit' for column 'transaction_type' at row 1]
	at org.hibernate.tool.schema.internal.exec.GenerationTargetToDatabase.accept(GenerationTargetToDatabase.java:81)
	at org.hibernate.tool.schema.internal.AbstractSchemaMigrator.applySqlString(AbstractSchemaMigrator.java:566)
	at org.hibernate.tool.schema.internal.AbstractSchemaMigrator.applySqlStrings(AbstractSchemaMigrator.java:506)
	at org.hibernate.tool.schema.internal.AbstractSchemaMigrator.migrateTable(AbstractSchemaMigrator.java:324)
	at org.hibernate.tool.schema.internal.GroupedSchemaMigratorImpl.performTablesMigration(GroupedSchemaMigratorImpl.java:84)
	at org.hibernate.tool.schema.internal.AbstractSchemaMigrator.performMigration(AbstractSchemaMigrator.java:220)
	at org.hibernate.tool.schema.internal.AbstractSchemaMigrator.doMigration(AbstractSchemaMigrator.java:96)
	at org.hibernate.tool.schema.spi.SchemaManagementToolCoordinator.performDatabaseAction(SchemaManagementToolCoordinator.java:269)
	at org.hibernate.tool.schema.spi.SchemaManagementToolCoordinator.lambda$process$1(SchemaManagementToolCoordinator.java:101)
	at java.base/java.util.HashMap.forEach(HashMap.java:1421)
	at org.hibernate.tool.schema.spi.SchemaManagementToolCoordinator.process(SchemaManagementToolCoordinator.java:100)
	at org.hibernate.boot.internal.SessionFactoryObserverForSchemaExport.sessionFactoryCreated(SessionFactoryObserverForSchemaExport.java:35)
	at org.hibernate.internal.SessionFactoryObserverChain.sessionFactoryCreated(SessionFactoryObserverChain.java:33)
	at org.hibernate.internal.SessionFactoryImpl.<init>(SessionFactoryImpl.java:323)
	at org.hibernate.internal.SessionFactoryRegistry.instantiateSessionFactory(SessionFactoryRegistry.java:64)
	at org.hibernate.boot.internal.SessionFactoryBuilderImpl.build(SessionFactoryBuilderImpl.java:437)
	at org.hibernate.jpa.boot.internal.EntityManagerFactoryBuilderImpl.build(EntityManagerFactoryBuilderImpl.java:1456)
	at org.springframework.orm.jpa.vendor.SpringHibernateJpaPersistenceProvider.createContainerEntityManagerFactory(SpringHibernateJpaPersistenceProvider.java:66)
	at org.springframework.orm.jpa.LocalContainerEntityManagerFactoryBean.createNativeEntityManagerFactory(LocalContainerEntityManagerFactoryBean.java:433)
	at org.springframework.orm.jpa.AbstractEntityManagerFactoryBean.buildNativeEntityManagerFactory(AbstractEntityManagerFactoryBean.java:416)
	at org.springframework.orm.jpa.AbstractEntityManagerFactoryBean.afterPropertiesSet(AbstractEntityManagerFactoryBean.java:396)
	at org.springframework.orm.jpa.LocalContainerEntityManagerFactoryBean.afterPropertiesSet(LocalContainerEntityManagerFactoryBean.java:409)
	at org.springframework.beans.factory.support.AbstractAutowireCapableBeanFactory.invokeInitMethods(AbstractAutowireCapableBeanFactory.java:1864)
	at org.springframework.beans.factory.support.AbstractAutowireCapableBeanFactory.initializeBean(AbstractAutowireCapableBeanFactory.java:1813)
	at org.springframework.beans.factory.support.AbstractAutowireCapableBeanFactory.doCreateBean(AbstractAutowireCapableBeanFactory.java:603)
	at org.springframework.beans.factory.support.AbstractAutowireCapableBeanFactory.createBean(AbstractAutowireCapableBeanFactory.java:525)
	at org.springframework.beans.factory.support.AbstractBeanFactory.lambda$doGetBean$0(AbstractBeanFactory.java:333)
	at org.springframework.beans.factory.support.DefaultSingletonBeanRegistry.getSingleton(DefaultSingletonBeanRegistry.java:371)
	at org.springframework.beans.factory.support.AbstractBeanFactory.doGetBean(AbstractBeanFactory.java:331)
	at org.springframework.beans.factory.support.AbstractBeanFactory.getBean(AbstractBeanFactory.java:196)
	at org.springframework.beans.factory.support.BeanDefinitionValueResolver.resolveReference(BeanDefinitionValueResolver.java:365)
	at org.springframework.beans.factory.support.BeanDefinitionValueResolver.resolveValueIfNecessary(BeanDefinitionValueResolver.java:135)
	at org.springframework.beans.factory.support.ConstructorResolver.resolveConstructorArguments(ConstructorResolver.java:691)
	at org.springframework.beans.factory.support.ConstructorResolver.instantiateUsingFactoryMethod(ConstructorResolver.java:513)
	at org.springframework.beans.factory.support.AbstractAutowireCapableBeanFactory.instantiateUsingFactoryMethod(AbstractAutowireCapableBeanFactory.java:1362)
	at org.springframework.beans.factory.support.AbstractAutowireCapableBeanFactory.createBeanInstance(AbstractAutowireCapableBeanFactory.java:1194)
	at org.springframework.beans.factory.support.AbstractAutowireCapableBeanFactory.doCreateBean(AbstractAutowireCapableBeanFactory.java:565)
	at org.springframework.beans.factory.support.AbstractAutowireCapableBeanFactory.createBean(AbstractAutowireCapableBeanFactory.java:525)
	at org.springframework.beans.factory.support.AbstractBeanFactory.lambda$doGetBean$0(AbstractBeanFactory.java:333)
	at org.springframework.beans.factory.support.DefaultSingletonBeanRegistry.getSingleton(DefaultSingletonBeanRegistry.java:371)
	at org.springframework.beans.factory.support.AbstractBeanFactory.doGetBean(AbstractBeanFactory.java:331)
	at org.springframework.beans.factory.support.AbstractBeanFactory.getBean(AbstractBeanFactory.java:201)
	at org.springframework.beans.factory.support.BeanDefinitionValueResolver.resolveReference(BeanDefinitionValueResolver.java:356)
	at org.springframework.beans.factory.support.BeanDefinitionValueResolver.resolveValueIfNecessary(BeanDefinitionValueResolver.java:135)
	at org.springframework.beans.factory.support.AbstractAutowireCapableBeanFactory.applyPropertyValues(AbstractAutowireCapableBeanFactory.java:1712)
	at org.springframework.beans.factory.support.AbstractAutowireCapableBeanFactory.populateBean(AbstractAutowireCapableBeanFactory.java:1461)
	at org.springframework.beans.factory.support.AbstractAutowireCapableBeanFactory.doCreateBean(AbstractAutowireCapableBeanFactory.java:602)
	at org.springframework.beans.factory.support.AbstractAutowireCapableBeanFactory.createBean(AbstractAutowireCapableBeanFactory.java:525)
	at org.springframework.beans.factory.support.AbstractBeanFactory.lambda$doGetBean$0(AbstractBeanFactory.java:333)
	at org.springframework.beans.factory.support.DefaultSingletonBeanRegistry.getSingleton(DefaultSingletonBeanRegistry.java:371)
	at org.springframework.beans.factory.support.AbstractBeanFactory.doGetBean(AbstractBeanFactory.java:331)
	at org.springframework.beans.factory.support.AbstractBeanFactory.getBean(AbstractBeanFactory.java:201)
	at org.springframework.beans.factory.support.DefaultListableBeanFactory.resolveBean(DefaultListableBeanFactory.java:1225)
	at org.springframework.beans.factory.support.DefaultListableBeanFactory.doResolveDependency(DefaultListableBeanFactory.java:1704)
	at org.springframework.beans.factory.support.DefaultListableBeanFactory.resolveDependency(DefaultListableBeanFactory.java:1651)
	at org.springframework.beans.factory.support.ConstructorResolver.resolveAutowiredArgument(ConstructorResolver.java:912)
	at org.springframework.beans.factory.support.ConstructorResolver.createArgumentArray(ConstructorResolver.java:791)
	at org.springframework.beans.factory.support.ConstructorResolver.autowireConstructor(ConstructorResolver.java:240)
	at org.springframework.beans.factory.support.AbstractAutowireCapableBeanFactory.autowireConstructor(AbstractAutowireCapableBeanFactory.java:1382)
	at org.springframework.beans.factory.support.AbstractAutowireCapableBeanFactory.createBeanInstance(AbstractAutowireCapableBeanFactory.java:1221)
	at org.springframework.beans.factory.support.AbstractAutowireCapableBeanFactory.doCreateBean(AbstractAutowireCapableBeanFactory.java:565)
	at org.springframework.beans.factory.support.AbstractAutowireCapableBeanFactory.createBean(AbstractAutowireCapableBeanFactory.java:525)
	at org.springframework.beans.factory.support.AbstractBeanFactory.lambda$doGetBean$0(AbstractBeanFactory.java:333)
	at org.springframework.beans.factory.support.DefaultSingletonBeanRegistry.getSingleton(DefaultSingletonBeanRegistry.java:371)
	at org.springframework.beans.factory.support.AbstractBeanFactory.doGetBean(AbstractBeanFactory.java:331)
	at org.springframework.beans.factory.support.AbstractBeanFactory.getBean(AbstractBeanFactory.java:201)
	at org.springframework.beans.factory.config.DependencyDescriptor.resolveCandidate(DependencyDescriptor.java:229)
	at org.springframework.beans.factory.support.DefaultListableBeanFactory.doResolveDependency(DefaultListableBeanFactory.java:1762)
	at org.springframework.beans.factory.support.DefaultListableBeanFactory.resolveDependency(DefaultListableBeanFactory.java:1651)
	at org.springframework.beans.factory.support.ConstructorResolver.resolveAutowiredArgument(ConstructorResolver.java:912)
	at org.springframework.beans.factory.support.ConstructorResolver.createArgumentArray(ConstructorResolver.java:791)
	at org.springframework.beans.factory.support.ConstructorResolver.autowireConstructor(ConstructorResolver.java:240)
	at org.springframework.beans.factory.support.AbstractAutowireCapableBeanFactory.autowireConstructor(AbstractAutowireCapableBeanFactory.java:1382)
	at org.springframework.beans.factory.support.AbstractAutowireCapableBeanFactory.createBeanInstance(AbstractAutowireCapableBeanFactory.java:1221)
	at org.springframework.beans.factory.support.AbstractAutowireCapableBeanFactory.doCreateBean(AbstractAutowireCapableBeanFactory.java:565)
	at org.springframework.beans.factory.support.AbstractAutowireCapableBeanFactory.createBean(AbstractAutowireCapableBeanFactory.java:525)
	at org.springframework.beans.factory.support.AbstractBeanFactory.lambda$doGetBean$0(AbstractBeanFactory.java:333)
	at org.springframework.beans.factory.support.DefaultSingletonBeanRegistry.getSingleton(DefaultSingletonBeanRegistry.java:371)
	at org.springframework.beans.factory.support.AbstractBeanFactory.doGetBean(AbstractBeanFactory.java:331)
	at org.springframework.beans.factory.support.AbstractBeanFactory.getBean(AbstractBeanFactory.java:201)
	at org.springframework.boot.web.servlet.ServletContextInitializerBeans.getOrderedBeansOfType(ServletContextInitializerBeans.java:231)
	at org.springframework.boot.web.servlet.ServletContextInitializerBeans.addAsRegistrationBean(ServletContextInitializerBeans.java:185)
	at org.springframework.boot.web.servlet.ServletContextInitializerBeans.addAsRegistrationBean(ServletContextInitializerBeans.java:180)
	at org.springframework.boot.web.servlet.ServletContextInitializerBeans.addAdaptableBeans(ServletContextInitializerBeans.java:165)
	at org.springframework.boot.web.servlet.ServletContextInitializerBeans.<init>(ServletContextInitializerBeans.java:97)
	at org.springframework.boot.web.context.servlet.WebApplicationContextInitializer.initialize(WebApplicationContextInitializer.java:53)
	at org.springframework.boot.tomcat.servlet.DeferredServletContainerInitializers.onStartup(DeferredServletContainerInitializers.java:55)
	at org.apache.catalina.core.StandardContext.startInternal(StandardContext.java:4416)
	at org.apache.catalina.util.LifecycleBase.start(LifecycleBase.java:164)
	at org.apache.catalina.core.ContainerBase$StartChild.call(ContainerBase.java:1162)
	at org.apache.catalina.core.ContainerBase$StartChild.call(ContainerBase.java:1158)
	at java.base/java.util.concurrent.FutureTask.run(FutureTask.java:264)
	at org.apache.tomcat.util.threads.InlineExecutorService.execute(InlineExecutorService.java:81)
	at java.base/java.util.concurrent.AbstractExecutorService.submit(AbstractExecutorService.java:145)
	at org.apache.catalina.core.ContainerBase.startInternal(ContainerBase.java:714)
	at org.apache.catalina.core.StandardHost.startInternal(StandardHost.java:780)
	at org.apache.catalina.util.LifecycleBase.start(LifecycleBase.java:164)
	at org.apache.catalina.core.ContainerBase$StartChild.call(ContainerBase.java:1162)
	at org.apache.catalina.core.ContainerBase$StartChild.call(ContainerBase.java:1158)
	at java.base/java.util.concurrent.FutureTask.run(FutureTask.java:264)
	at org.apache.tomcat.util.threads.InlineExecutorService.execute(InlineExecutorService.java:81)
	at java.base/java.util.concurrent.AbstractExecutorService.submit(AbstractExecutorService.java:145)
	at org.apache.catalina.core.ContainerBase.startInternal(ContainerBase.java:714)
	at org.apache.catalina.core.StandardEngine.startInternal(StandardEngine.java:201)
	at org.apache.catalina.util.LifecycleBase.start(LifecycleBase.java:164)
	at org.apache.catalina.core.StandardService.startInternal(StandardService.java:410)
	at org.apache.catalina.util.LifecycleBase.start(LifecycleBase.java:164)
	at org.apache.catalina.core.StandardServer.startInternal(StandardServer.java:864)
	at org.apache.catalina.util.LifecycleBase.start(LifecycleBase.java:164)
	at org.apache.catalina.startup.Tomcat.start(Tomcat.java:435)
	at org.springframework.boot.tomcat.TomcatWebServer.initialize(TomcatWebServer.java:131)
	at org.springframework.boot.tomcat.TomcatWebServer.<init>(TomcatWebServer.java:110)
	at org.springframework.boot.tomcat.servlet.TomcatServletWebServerFactory.getTomcatWebServer(TomcatServletWebServerFactory.java:408)
	at org.springframework.boot.tomcat.servlet.TomcatServletWebServerFactory.getWebServer(TomcatServletWebServerFactory.java:166)
	at org.springframework.boot.web.server.servlet.context.ServletWebServerApplicationContext.createWebServer(ServletWebServerApplicationContext.java:190)
	at org.springframework.boot.web.server.servlet.context.ServletWebServerApplicationContext.onRefresh(ServletWebServerApplicationContext.java:164)
	at org.springframework.context.support.AbstractApplicationContext.refresh(AbstractApplicationContext.java:614)
	at org.springframework.boot.web.server.servlet.context.ServletWebServerApplicationContext.refresh(ServletWebServerApplicationContext.java:143)
	at org.springframework.boot.SpringApplication.refresh(SpringApplication.java:756)
	at org.springframework.boot.SpringApplication.refreshContext(SpringApplication.java:445)
	at org.springframework.boot.SpringApplication.run(SpringApplication.java:321)
	at org.springframework.boot.SpringApplication.run(SpringApplication.java:1365)
	at org.springframework.boot.SpringApplication.run(SpringApplication.java:1354)
	at com.training.mts.MtsApplication.main(MtsApplication.java:11)
Caused by: java.sql.SQLException: Incorrect integer value: 'debit' for column 'transaction_type' at row 1
	at com.mysql.cj.jdbc.exceptions.SQLError.createSQLException(SQLError.java:121)
	at com.mysql.cj.jdbc.exceptions.SQLExceptionsMapping.translateException(SQLExceptionsMapping.java:114)
	at com.mysql.cj.jdbc.StatementImpl.executeInternal(StatementImpl.java:837)
	at com.mysql.cj.jdbc.StatementImpl.execute(StatementImpl.java:685)
	at com.zaxxer.hikari.pool.ProxyStatement.execute(ProxyStatement.java:95)
	at com.zaxxer.hikari.pool.HikariProxyStatement.execute(HikariProxyStatement.java)
	at org.hibernate.tool.schema.internal.exec.GenerationTargetToDatabase.accept(GenerationTargetToDatabase.java:76)
	... 123 common frames omitted
2026-02-15 16:53:22 [main] INFO  org.springframework.orm.jpa.LocalContainerEntityManagerFactoryBean - Initialized JPA EntityManagerFactory for persistence unit 'default'
2026-02-15 16:53:23 [main] INFO  org.springframework.data.jpa.repository.query.QueryEnhancerFactories - Hibernate is in classpath; If applicable, HQL parser will be used.
2026-02-15 16:53:24 [main] INFO  org.springframework.security.config.annotation.authentication.configuration.InitializeUserDetailsBeanManagerConfigurer$InitializeUserDetailsManagerConfigurer - Global AuthenticationManager configured with UserDetailsService bean with name customUserDetailsService
2026-02-15 16:53:24 [main] WARN  org.springframework.boot.jpa.autoconfigure.JpaBaseConfiguration$JpaWebConfiguration - spring.jpa.open-in-view is enabled by default. Therefore, database queries may be performed during view rendering. Explicitly configure spring.jpa.open-in-view to disable this warning
2026-02-15 16:53:25 [main] DEBUG org.springframework.security.web.DefaultSecurityFilterChain - Will secure any request with filters: DisableEncodeUrlFilter, WebAsyncManagerIntegrationFilter, SecurityContextHolderFilter, HeaderWriterFilter, CorsFilter, LogoutFilter, JwtAuthenticationFilter, RequestCacheAwareFilter, SecurityContextHolderAwareRequestFilter, AnonymousAuthenticationFilter, SessionManagementFilter, ExceptionTranslationFilter, AuthorizationFilter
2026-02-15 16:53:26 [main] INFO  org.apache.coyote.http11.Http11NioProtocol - Starting ProtocolHandler ["http-nio-8080"]
2026-02-15 16:53:26 [main] INFO  org.springframework.boot.tomcat.TomcatWebServer - Tomcat started on port 8080 (http) with context path '/'
2026-02-15 16:53:26 [main] INFO  com.training.mts.MtsApplication - Started MtsApplication in 13.461 seconds (process running for 14.561)
2026-02-15 16:55:58 [http-nio-8080-exec-1] INFO  org.apache.catalina.core.ContainerBase.[Tomcat].[localhost].[/] - Initializing Spring DispatcherServlet 'dispatcherServlet'
2026-02-15 16:55:58 [http-nio-8080-exec-1] INFO  org.springframework.web.servlet.DispatcherServlet - Initializing Servlet 'dispatcherServlet'
2026-02-15 16:55:58 [http-nio-8080-exec-1] INFO  org.springframework.web.servlet.DispatcherServlet - Completed initialization in 4 ms
2026-02-15 16:55:58 [http-nio-8080-exec-1] DEBUG org.springframework.security.web.FilterChainProxy - Securing GET /swagger-ui/swagger-initializer.js
2026-02-15 16:55:59 [http-nio-8080-exec-1] WARN  org.springframework.web.servlet.handler.HandlerMappingIntrospector - Cache miss for REQUEST dispatch to '/swagger-ui/swagger-initializer.js' (previous null). Performing CorsConfiguration lookup. This is logged once only at WARN level, and every time at TRACE.
2026-02-15 16:55:59 [http-nio-8080-exec-1] DEBUG org.springframework.security.web.authentication.AnonymousAuthenticationFilter - Set SecurityContextHolder to anonymous SecurityContext
2026-02-15 16:55:59 [http-nio-8080-exec-1] DEBUG org.springframework.security.web.FilterChainProxy - Secured GET /swagger-ui/swagger-initializer.js
2026-02-15 16:55:59 [http-nio-8080-exec-2] DEBUG org.springframework.security.web.FilterChainProxy - Securing GET /v3/api-docs/swagger-config
2026-02-15 16:55:59 [http-nio-8080-exec-2] DEBUG org.springframework.security.web.authentication.AnonymousAuthenticationFilter - Set SecurityContextHolder to anonymous SecurityContext
2026-02-15 16:55:59 [http-nio-8080-exec-2] DEBUG org.springframework.security.web.FilterChainProxy - Secured GET /v3/api-docs/swagger-config
2026-02-15 16:55:59 [http-nio-8080-exec-3] DEBUG org.springframework.security.web.FilterChainProxy - Securing GET /v3/api-docs
2026-02-15 16:55:59 [http-nio-8080-exec-3] DEBUG org.springframework.security.web.authentication.AnonymousAuthenticationFilter - Set SecurityContextHolder to anonymous SecurityContext
2026-02-15 16:55:59 [http-nio-8080-exec-3] DEBUG org.springframework.security.web.FilterChainProxy - Secured GET /v3/api-docs
2026-02-15 16:56:00 [http-nio-8080-exec-3] INFO  org.springdoc.api.AbstractOpenApiResource - Init duration for springdoc-openapi is: 1115 ms
2026-02-15 16:57:04 [SpringApplicationShutdownHook] INFO  org.springframework.boot.tomcat.GracefulShutdown - Commencing graceful shutdown. Waiting for active requests to complete
2026-02-15 16:57:04 [tomcat-shutdown] INFO  org.springframework.boot.tomcat.GracefulShutdown - Graceful shutdown complete
2026-02-15 16:57:04 [SpringApplicationShutdownHook] INFO  org.springframework.orm.jpa.LocalContainerEntityManagerFactoryBean - Closing JPA EntityManagerFactory for persistence unit 'default'
2026-02-15 16:57:04 [SpringApplicationShutdownHook] INFO  com.zaxxer.hikari.HikariDataSource - HikariPool-1 - Shutdown initiated...
2026-02-15 16:57:04 [SpringApplicationShutdownHook] INFO  com.zaxxer.hikari.HikariDataSource - HikariPool-1 - Shutdown completed.
2026-02-15 16:58:55 [background-preinit] INFO  org.hibernate.validator.internal.util.Version - HV000001: Hibernate Validator 9.0.1.Final
2026-02-15 16:58:55 [main] INFO  com.training.mts.MtsApplication - Starting MtsApplication using Java 17.0.8 with PID 6508 (C:\Users\labuser\Downloads\Project\backend\mts\target\classes started by labuser in C:\Users\labuser\Downloads\Project\backend\mts)
2026-02-15 16:58:55 [main] INFO  com.training.mts.MtsApplication - No active profile set, falling back to 1 default profile: "default"
2026-02-15 16:58:58 [main] INFO  org.springframework.data.repository.config.RepositoryConfigurationDelegate - Bootstrapping Spring Data JPA repositories in DEFAULT mode.
2026-02-15 16:58:59 [main] INFO  org.springframework.data.repository.config.RepositoryConfigurationDelegate - Finished Spring Data repository scanning in 301 ms. Found 4 JPA repository interfaces.
2026-02-15 16:59:02 [main] INFO  org.springframework.boot.tomcat.TomcatWebServer - Tomcat initialized with port 8080 (http)
2026-02-15 16:59:02 [main] INFO  org.apache.coyote.http11.Http11NioProtocol - Initializing ProtocolHandler ["http-nio-8080"]
2026-02-15 16:59:02 [main] INFO  org.apache.catalina.core.StandardService - Starting service [Tomcat]
2026-02-15 16:59:02 [main] INFO  org.apache.catalina.core.StandardEngine - Starting Servlet engine: [Apache Tomcat/11.0.15]
2026-02-15 16:59:02 [main] INFO  org.springframework.boot.web.context.servlet.WebApplicationContextInitializer - Root WebApplicationContext: initialization completed in 6913 ms
2026-02-15 16:59:03 [main] INFO  org.hibernate.orm.jpa - HHH008540: Processing PersistenceUnitInfo [name: default]
2026-02-15 16:59:03 [main] INFO  org.hibernate.orm.core - HHH000001: Hibernate ORM core version 7.2.1.Final
2026-02-15 16:59:05 [main] INFO  org.springframework.orm.jpa.persistenceunit.SpringPersistenceUnitInfo - No LoadTimeWeaver setup: ignoring JPA class transformer
2026-02-15 16:59:05 [main] INFO  com.zaxxer.hikari.HikariDataSource - HikariPool-1 - Starting...
2026-02-15 16:59:06 [main] INFO  com.zaxxer.hikari.pool.HikariPool - HikariPool-1 - Added connection com.mysql.cj.jdbc.ConnectionImpl@2553dcc0
2026-02-15 16:59:06 [main] INFO  com.zaxxer.hikari.HikariDataSource - HikariPool-1 - Start completed.
2026-02-15 16:59:06 [main] WARN  org.hibernate.orm.deprecation - HHH90000025: MySQLDialect does not need to be specified explicitly using 'hibernate.dialect' (remove the property setting and it will be selected by default)
2026-02-15 16:59:06 [main] INFO  org.hibernate.orm.connections.pooling - HHH10001005: Database info:
	Database JDBC URL [jdbc:mysql://localhost:3306/mts?createDatabaseIfNotExist=true]
	Database driver: MySQL Connector/J
	Database dialect: MySQLDialect
	Database version: 8.1
	Default catalog/schema: mts/undefined
	Autocommit mode: undefined/unknown
	Isolation level: REPEATABLE_READ [default REPEATABLE_READ]
	JDBC fetch size: none
	Pool: DataSourceConnectionProvider
	Minimum pool size: undefined/unknown
	Maximum pool size: undefined/unknown
2026-02-15 16:59:08 [main] INFO  org.hibernate.orm.core - HHH000489: No JTA platform available (set 'hibernate.transaction.jta.platform' to enable JTA platform integration)
2026-02-15 16:59:09 [main] INFO  org.springframework.orm.jpa.LocalContainerEntityManagerFactoryBean - Initialized JPA EntityManagerFactory for persistence unit 'default'
2026-02-15 16:59:09 [main] INFO  org.springframework.data.jpa.repository.query.QueryEnhancerFactories - Hibernate is in classpath; If applicable, HQL parser will be used.
2026-02-15 16:59:11 [main] INFO  org.springframework.security.config.annotation.authentication.configuration.InitializeUserDetailsBeanManagerConfigurer$InitializeUserDetailsManagerConfigurer - Global AuthenticationManager configured with UserDetailsService bean with name customUserDetailsService
2026-02-15 16:59:11 [main] WARN  org.springframework.boot.jpa.autoconfigure.JpaBaseConfiguration$JpaWebConfiguration - spring.jpa.open-in-view is enabled by default. Therefore, database queries may be performed during view rendering. Explicitly configure spring.jpa.open-in-view to disable this warning
2026-02-15 16:59:12 [main] DEBUG org.springframework.security.web.DefaultSecurityFilterChain - Will secure any request with filters: DisableEncodeUrlFilter, WebAsyncManagerIntegrationFilter, SecurityContextHolderFilter, HeaderWriterFilter, CorsFilter, LogoutFilter, JwtAuthenticationFilter, RequestCacheAwareFilter, SecurityContextHolderAwareRequestFilter, AnonymousAuthenticationFilter, SessionManagementFilter, ExceptionTranslationFilter, AuthorizationFilter
2026-02-15 16:59:13 [main] INFO  org.apache.coyote.http11.Http11NioProtocol - Starting ProtocolHandler ["http-nio-8080"]
2026-02-15 16:59:13 [main] INFO  org.springframework.boot.tomcat.TomcatWebServer - Tomcat started on port 8080 (http) with context path '/'
2026-02-15 16:59:13 [main] INFO  com.training.mts.MtsApplication - Started MtsApplication in 19.853 seconds (process running for 20.843)
2026-02-15 16:59:33 [http-nio-8080-exec-1] INFO  org.apache.catalina.core.ContainerBase.[Tomcat].[localhost].[/] - Initializing Spring DispatcherServlet 'dispatcherServlet'
2026-02-15 16:59:33 [http-nio-8080-exec-1] INFO  org.springframework.web.servlet.DispatcherServlet - Initializing Servlet 'dispatcherServlet'
2026-02-15 16:59:33 [http-nio-8080-exec-1] INFO  org.springframework.web.servlet.DispatcherServlet - Completed initialization in 6 ms
2026-02-15 16:59:33 [http-nio-8080-exec-1] DEBUG org.springframework.security.web.FilterChainProxy - Securing OPTIONS /transactions/gettranslog?vpaId=george97974@mts
2026-02-15 16:59:33 [http-nio-8080-exec-1] WARN  org.springframework.web.servlet.handler.HandlerMappingIntrospector - Cache miss for REQUEST dispatch to '/transactions/gettranslog' (previous null). Performing CorsConfiguration lookup. This is logged once only at WARN level, and every time at TRACE.
2026-02-15 16:59:34 [http-nio-8080-exec-2] DEBUG org.springframework.security.web.FilterChainProxy - Securing GET /transactions/gettranslog?vpaId=george97974@mts
2026-02-15 16:59:34 [http-nio-8080-exec-2] ERROR com.training.mts.security.JwtUtils - JWT validation failed: JWT signature does not match locally computed signature. JWT validity cannot be asserted and should not be trusted.
2026-02-15 16:59:34 [http-nio-8080-exec-2] DEBUG org.springframework.security.web.authentication.AnonymousAuthenticationFilter - Set SecurityContextHolder to anonymous SecurityContext
2026-02-15 16:59:34 [http-nio-8080-exec-2] DEBUG org.springframework.security.web.authentication.Http403ForbiddenEntryPoint - Pre-authenticated entry point called. Rejecting access
2026-02-15 16:59:34 [http-nio-8080-exec-2] DEBUG org.springframework.security.web.FilterChainProxy - Securing GET /error?vpaId=george97974@mts
2026-02-15 16:59:34 [http-nio-8080-exec-2] DEBUG org.springframework.security.web.authentication.AnonymousAuthenticationFilter - Set SecurityContextHolder to anonymous SecurityContext
2026-02-15 16:59:34 [http-nio-8080-exec-2] DEBUG org.springframework.security.web.authentication.Http403ForbiddenEntryPoint - Pre-authenticated entry point called. Rejecting access
2026-02-15 17:12:51 [http-nio-8080-exec-4] DEBUG org.springframework.security.web.FilterChainProxy - Securing OPTIONS /auth/login
2026-02-15 17:12:51 [http-nio-8080-exec-5] DEBUG org.springframework.security.web.FilterChainProxy - Securing POST /auth/login
2026-02-15 17:12:51 [http-nio-8080-exec-5] DEBUG org.springframework.security.web.authentication.AnonymousAuthenticationFilter - Set SecurityContextHolder to anonymous SecurityContext
2026-02-15 17:12:51 [http-nio-8080-exec-5] DEBUG org.springframework.security.web.FilterChainProxy - Secured POST /auth/login
2026-02-15 17:12:52 [http-nio-8080-exec-5] DEBUG org.springframework.security.authentication.dao.DaoAuthenticationProvider - Authenticated user
2026-02-15 17:12:52 [http-nio-8080-exec-6] DEBUG org.springframework.security.web.FilterChainProxy - Securing OPTIONS /users/findByPhone?phoneNumber=9840774662
2026-02-15 17:12:52 [http-nio-8080-exec-7] DEBUG org.springframework.security.web.FilterChainProxy - Securing GET /users/findByPhone?phoneNumber=9840774662
2026-02-15 17:12:52 [http-nio-8080-exec-7] DEBUG org.springframework.security.web.FilterChainProxy - Secured GET /users/findByPhone?phoneNumber=9840774662
2026-02-15 17:12:53 [http-nio-8080-exec-7] INFO  com.training.mts.aop.LoggingAspect - Entering method: UserServiceImpl.getUserByPhoneNumber(..) with arguments: [9840774662]
2026-02-15 17:12:53 [http-nio-8080-exec-7] INFO  com.training.mts.aop.LoggingAspect - Method executed successfully: UserServiceImpl.getUserByPhoneNumber(..) | Returned: User{id=1, name='Deepak', vpa=null}
2026-02-15 17:12:53 [http-nio-8080-exec-8] DEBUG org.springframework.security.web.FilterChainProxy - Securing OPTIONS /admin/getusers
2026-02-15 17:12:53 [http-nio-8080-exec-8] DEBUG org.springframework.security.web.FilterChainProxy - Securing OPTIONS /admin/gettranslog
2026-02-15 17:12:53 [http-nio-8080-exec-10] DEBUG org.springframework.security.web.FilterChainProxy - Securing GET /admin/gettranslog
2026-02-15 17:12:53 [http-nio-8080-exec-1] DEBUG org.springframework.security.web.FilterChainProxy - Securing GET /admin/getusers
2026-02-15 17:12:53 [http-nio-8080-exec-10] DEBUG org.springframework.security.web.FilterChainProxy - Secured GET /admin/gettranslog
2026-02-15 17:12:53 [http-nio-8080-exec-10] INFO  com.training.mts.aop.LoggingAspect - Entering method: AdminServiceImpl.getTransactionHistory() with arguments: []
2026-02-15 17:12:53 [http-nio-8080-exec-1] DEBUG org.springframework.security.web.FilterChainProxy - Secured GET /admin/getusers
2026-02-15 17:12:53 [http-nio-8080-exec-1] INFO  com.training.mts.aop.LoggingAspect - Entering method: AdminServiceImpl.findAll() with arguments: []
2026-02-15 17:12:53 [http-nio-8080-exec-10] INFO  com.training.mts.aop.LoggingAspect - Method executed successfully: AdminServiceImpl.getTransactionHistory() | Returned: []
2026-02-15 17:12:53 [http-nio-8080-exec-1] INFO  com.training.mts.aop.LoggingAspect - Method executed successfully: AdminServiceImpl.findAll() | Returned: [User{id=1, name='Deepak', vpa=null}]
2026-02-15 17:13:42 [http-nio-8080-exec-3] DEBUG org.springframework.security.web.FilterChainProxy - Securing GET /admin/gettranslog
2026-02-15 17:13:42 [http-nio-8080-exec-2] DEBUG org.springframework.security.web.FilterChainProxy - Securing GET /admin/getusers
2026-02-15 17:13:42 [http-nio-8080-exec-2] DEBUG org.springframework.security.web.FilterChainProxy - Secured GET /admin/getusers
2026-02-15 17:13:42 [http-nio-8080-exec-2] INFO  com.training.mts.aop.LoggingAspect - Entering method: AdminServiceImpl.findAll() with arguments: []
2026-02-15 17:13:42 [http-nio-8080-exec-2] INFO  com.training.mts.aop.LoggingAspect - Method executed successfully: AdminServiceImpl.findAll() | Returned: [User{id=1, name='Deepak', vpa=null}]
2026-02-15 17:13:42 [http-nio-8080-exec-3] DEBUG org.springframework.security.web.FilterChainProxy - Secured GET /admin/gettranslog
2026-02-15 17:13:42 [http-nio-8080-exec-3] INFO  com.training.mts.aop.LoggingAspect - Entering method: AdminServiceImpl.getTransactionHistory() with arguments: []
2026-02-15 17:13:42 [http-nio-8080-exec-3] INFO  com.training.mts.aop.LoggingAspect - Method executed successfully: AdminServiceImpl.getTransactionHistory() | Returned: []
2026-02-15 17:13:45 [http-nio-8080-exec-4] DEBUG org.springframework.security.web.FilterChainProxy - Securing GET /admin/getusers
2026-02-15 17:13:45 [http-nio-8080-exec-5] DEBUG org.springframework.security.web.FilterChainProxy - Securing GET /admin/gettranslog
2026-02-15 17:13:45 [http-nio-8080-exec-5] DEBUG org.springframework.security.web.FilterChainProxy - Secured GET /admin/gettranslog
2026-02-15 17:13:45 [http-nio-8080-exec-5] INFO  com.training.mts.aop.LoggingAspect - Entering method: AdminServiceImpl.getTransactionHistory() with arguments: []
2026-02-15 17:13:45 [http-nio-8080-exec-5] INFO  com.training.mts.aop.LoggingAspect - Method executed successfully: AdminServiceImpl.getTransactionHistory() | Returned: []
2026-02-15 17:13:45 [http-nio-8080-exec-4] DEBUG org.springframework.security.web.FilterChainProxy - Secured GET /admin/getusers
2026-02-15 17:13:45 [http-nio-8080-exec-4] INFO  com.training.mts.aop.LoggingAspect - Entering method: AdminServiceImpl.findAll() with arguments: []
2026-02-15 17:13:45 [http-nio-8080-exec-4] INFO  com.training.mts.aop.LoggingAspect - Method executed successfully: AdminServiceImpl.findAll() | Returned: [User{id=1, name='Deepak', vpa=null}]
2026-02-15 17:14:20 [http-nio-8080-exec-6] DEBUG org.springframework.security.web.FilterChainProxy - Securing OPTIONS /auth/register
2026-02-15 17:14:20 [http-nio-8080-exec-7] DEBUG org.springframework.security.web.FilterChainProxy - Securing POST /auth/register
2026-02-15 17:14:20 [http-nio-8080-exec-7] DEBUG org.springframework.security.web.authentication.AnonymousAuthenticationFilter - Set SecurityContextHolder to anonymous SecurityContext
2026-02-15 17:14:20 [http-nio-8080-exec-7] DEBUG org.springframework.security.web.FilterChainProxy - Secured POST /auth/register
2026-02-15 17:14:20 [http-nio-8080-exec-7] INFO  com.training.mts.aop.LoggingAspect - Entering method: UserServiceImpl.createUser(..) with arguments: [Hari, 9898989898, hari@gmail.com, asdfgh]
2026-02-15 17:14:20 [http-nio-8080-exec-7] INFO  com.training.mts.aop.LoggingAspect - Entering method: VPAServiceImpl.generateVPAId(..) with arguments: [User{id=2, name='Hari', vpa=null}]
2026-02-15 17:14:20 [http-nio-8080-exec-7] INFO  com.training.mts.aop.LoggingAspect - Method executed successfully: VPAServiceImpl.generateVPAId(..) | Returned: hari98982@mts
2026-02-15 17:14:20 [http-nio-8080-exec-7] INFO  com.training.mts.aop.LoggingAspect - Method executed successfully: UserServiceImpl.createUser(..) | Returned: User{id=2, name='Hari', vpa=com.training.mts.model.VPA@5470c892}
2026-02-15 17:14:20 [http-nio-8080-exec-9] DEBUG org.springframework.security.web.FilterChainProxy - Securing OPTIONS /users/findByPhone?phoneNumber=9898989898
2026-02-15 17:14:20 [http-nio-8080-exec-8] DEBUG org.springframework.security.web.FilterChainProxy - Securing GET /users/findByPhone?phoneNumber=9898989898
2026-02-15 17:14:20 [http-nio-8080-exec-8] ERROR com.training.mts.security.JwtUtils - JWT validation failed: JWT strings must contain exactly 2 period characters. Found: 0
2026-02-15 17:14:20 [http-nio-8080-exec-8] DEBUG org.springframework.security.web.authentication.AnonymousAuthenticationFilter - Set SecurityContextHolder to anonymous SecurityContext
2026-02-15 17:14:20 [http-nio-8080-exec-8] DEBUG org.springframework.security.web.authentication.Http403ForbiddenEntryPoint - Pre-authenticated entry point called. Rejecting access
2026-02-15 17:14:20 [http-nio-8080-exec-8] DEBUG org.springframework.security.web.FilterChainProxy - Securing GET /error?phoneNumber=9898989898
2026-02-15 17:14:20 [http-nio-8080-exec-8] DEBUG org.springframework.security.web.authentication.AnonymousAuthenticationFilter - Set SecurityContextHolder to anonymous SecurityContext
2026-02-15 17:14:20 [http-nio-8080-exec-8] DEBUG org.springframework.security.web.authentication.Http403ForbiddenEntryPoint - Pre-authenticated entry point called. Rejecting access
2026-02-15 17:14:30 [http-nio-8080-exec-10] DEBUG org.springframework.security.web.FilterChainProxy - Securing POST /auth/login
2026-02-15 17:14:30 [http-nio-8080-exec-10] DEBUG org.springframework.security.web.authentication.AnonymousAuthenticationFilter - Set SecurityContextHolder to anonymous SecurityContext
2026-02-15 17:14:30 [http-nio-8080-exec-10] DEBUG org.springframework.security.web.FilterChainProxy - Secured POST /auth/login
2026-02-15 17:14:30 [http-nio-8080-exec-10] DEBUG org.springframework.security.authentication.dao.DaoAuthenticationProvider - Authenticated user
2026-02-15 17:14:30 [http-nio-8080-exec-1] DEBUG org.springframework.security.web.FilterChainProxy - Securing GET /users/findByPhone?phoneNumber=9898989898
2026-02-15 17:14:30 [http-nio-8080-exec-1] DEBUG org.springframework.security.web.FilterChainProxy - Secured GET /users/findByPhone?phoneNumber=9898989898
2026-02-15 17:14:30 [http-nio-8080-exec-1] INFO  com.training.mts.aop.LoggingAspect - Entering method: UserServiceImpl.getUserByPhoneNumber(..) with arguments: [9898989898]
2026-02-15 17:14:30 [http-nio-8080-exec-1] INFO  com.training.mts.aop.LoggingAspect - Method executed successfully: UserServiceImpl.getUserByPhoneNumber(..) | Returned: User{id=2, name='Hari', vpa=com.training.mts.model.VPA@1db03f53}
2026-02-15 17:15:08 [http-nio-8080-exec-3] DEBUG org.springframework.security.web.FilterChainProxy - Securing OPTIONS /bankaccounts/link
2026-02-15 17:15:08 [http-nio-8080-exec-5] DEBUG org.springframework.security.web.FilterChainProxy - Securing POST /bankaccounts/link
2026-02-15 17:15:08 [http-nio-8080-exec-5] DEBUG org.springframework.security.web.FilterChainProxy - Secured POST /bankaccounts/link
2026-02-15 17:15:08 [http-nio-8080-exec-5] INFO  com.training.mts.aop.LoggingAspect - Entering method: BankAccountServiceImpl.linkBankAccount(..) with arguments: [hari98982@mts, ACC1001, 123456]
2026-02-15 17:15:08 [http-nio-8080-exec-5] INFO  com.training.mts.aop.LoggingAspect - Method executed successfully: BankAccountServiceImpl.linkBankAccount(..) | Returned: User{id=2, name='Hari', vpa=com.training.mts.model.VPA@341316f0}
2026-02-15 17:15:12 [http-nio-8080-exec-4] DEBUG org.springframework.security.web.FilterChainProxy - Securing OPTIONS /transactions/gettranslog?vpaId=hari98982@mts
2026-02-15 17:15:12 [http-nio-8080-exec-6] DEBUG org.springframework.security.web.FilterChainProxy - Securing GET /transactions/gettranslog?vpaId=hari98982@mts
2026-02-15 17:15:12 [http-nio-8080-exec-6] DEBUG org.springframework.security.web.FilterChainProxy - Secured GET /transactions/gettranslog?vpaId=hari98982@mts
2026-02-15 17:15:12 [http-nio-8080-exec-6] INFO  com.training.mts.aop.LoggingAspect - Entering method: TransactionServiceImpl.getTransactionHistory(..) with arguments: [hari98982@mts]
2026-02-15 17:15:12 [http-nio-8080-exec-6] INFO  com.training.mts.aop.LoggingAspect - Method executed successfully: TransactionServiceImpl.getTransactionHistory(..) | Returned: com.training.mts.dto.TransactionHistoryResponse@5321b36f
2026-02-15 17:15:22 [http-nio-8080-exec-7] DEBUG org.springframework.security.web.FilterChainProxy - Securing GET /transactions/gettranslog?vpaId=hari98982@mts
2026-02-15 17:15:22 [http-nio-8080-exec-7] DEBUG org.springframework.security.web.FilterChainProxy - Secured GET /transactions/gettranslog?vpaId=hari98982@mts
2026-02-15 17:15:22 [http-nio-8080-exec-7] INFO  com.training.mts.aop.LoggingAspect - Entering method: TransactionServiceImpl.getTransactionHistory(..) with arguments: [hari98982@mts]
2026-02-15 17:15:22 [http-nio-8080-exec-7] INFO  com.training.mts.aop.LoggingAspect - Method executed successfully: TransactionServiceImpl.getTransactionHistory(..) | Returned: com.training.mts.dto.TransactionHistoryResponse@32bdd452
2026-02-15 17:15:30 [http-nio-8080-exec-9] DEBUG org.springframework.security.web.FilterChainProxy - Securing OPTIONS /users/getbalance?vpaId=hari98982@mts&password=asdfgh
2026-02-15 17:15:30 [http-nio-8080-exec-8] DEBUG org.springframework.security.web.FilterChainProxy - Securing GET /users/getbalance?vpaId=hari98982@mts&password=asdfgh
2026-02-15 17:15:30 [http-nio-8080-exec-8] DEBUG org.springframework.security.web.FilterChainProxy - Secured GET /users/getbalance?vpaId=hari98982@mts&password=asdfgh
2026-02-15 17:15:30 [http-nio-8080-exec-8] INFO  com.training.mts.aop.LoggingAspect - Entering method: UserServiceImpl.getBankBalance(..) with arguments: [hari98982@mts, asdfgh]
2026-02-15 17:15:30 [http-nio-8080-exec-8] INFO  com.training.mts.aop.LoggingAspect - Method executed successfully: UserServiceImpl.getBankBalance(..) | Returned: 50000.0
2026-02-15 17:15:33 [http-nio-8080-exec-10] DEBUG org.springframework.security.web.FilterChainProxy - Securing GET /transactions/gettranslog?vpaId=hari98982@mts
2026-02-15 17:15:33 [http-nio-8080-exec-10] DEBUG org.springframework.security.web.FilterChainProxy - Secured GET /transactions/gettranslog?vpaId=hari98982@mts
2026-02-15 17:15:33 [http-nio-8080-exec-10] INFO  com.training.mts.aop.LoggingAspect - Entering method: TransactionServiceImpl.getTransactionHistory(..) with arguments: [hari98982@mts]
2026-02-15 17:15:33 [http-nio-8080-exec-10] INFO  com.training.mts.aop.LoggingAspect - Method executed successfully: TransactionServiceImpl.getTransactionHistory(..) | Returned: com.training.mts.dto.TransactionHistoryResponse@369a2097
2026-02-15 17:15:36 [http-nio-8080-exec-1] DEBUG org.springframework.security.web.FilterChainProxy - Securing OPTIONS /users/getusers
2026-02-15 17:15:36 [http-nio-8080-exec-2] DEBUG org.springframework.security.web.FilterChainProxy - Securing GET /users/getusers
2026-02-15 17:15:36 [http-nio-8080-exec-2] DEBUG org.springframework.security.web.FilterChainProxy - Secured GET /users/getusers
2026-02-15 17:15:36 [http-nio-8080-exec-2] INFO  com.training.mts.aop.LoggingAspect - Entering method: UserServiceImpl.getAllUsers() with arguments: []
2026-02-15 17:15:36 [http-nio-8080-exec-2] INFO  com.training.mts.aop.LoggingAspect - Method executed successfully: UserServiceImpl.getAllUsers() | Returned: [com.training.mts.dto.GetAllUsersRequest@76c0e113]
2026-02-15 17:16:14 [http-nio-8080-exec-3] DEBUG org.springframework.security.web.FilterChainProxy - Securing POST /auth/register
2026-02-15 17:16:14 [http-nio-8080-exec-3] DEBUG org.springframework.security.web.authentication.AnonymousAuthenticationFilter - Set SecurityContextHolder to anonymous SecurityContext
2026-02-15 17:16:14 [http-nio-8080-exec-3] DEBUG org.springframework.security.web.FilterChainProxy - Secured POST /auth/register
2026-02-15 17:16:14 [http-nio-8080-exec-3] INFO  com.training.mts.aop.LoggingAspect - Entering method: UserServiceImpl.createUser(..) with arguments: [Ananth, 9090909090, ananth@gmail.com, asdfgh]
2026-02-15 17:16:14 [http-nio-8080-exec-3] INFO  com.training.mts.aop.LoggingAspect - Entering method: VPAServiceImpl.generateVPAId(..) with arguments: [User{id=3, name='Ananth', vpa=null}]
2026-02-15 17:16:14 [http-nio-8080-exec-3] INFO  com.training.mts.aop.LoggingAspect - Method executed successfully: VPAServiceImpl.generateVPAId(..) | Returned: ananth90903@mts
2026-02-15 17:16:14 [http-nio-8080-exec-3] INFO  com.training.mts.aop.LoggingAspect - Method executed successfully: UserServiceImpl.createUser(..) | Returned: User{id=3, name='Ananth', vpa=com.training.mts.model.VPA@4c76264}
2026-02-15 17:16:14 [http-nio-8080-exec-5] DEBUG org.springframework.security.web.FilterChainProxy - Securing OPTIONS /users/findByPhone?phoneNumber=9090909090
2026-02-15 17:16:14 [http-nio-8080-exec-4] DEBUG org.springframework.security.web.FilterChainProxy - Securing GET /users/findByPhone?phoneNumber=9090909090
2026-02-15 17:16:14 [http-nio-8080-exec-4] ERROR com.training.mts.security.JwtUtils - JWT validation failed: JWT strings must contain exactly 2 period characters. Found: 0
2026-02-15 17:16:14 [http-nio-8080-exec-4] DEBUG org.springframework.security.web.authentication.AnonymousAuthenticationFilter - Set SecurityContextHolder to anonymous SecurityContext
2026-02-15 17:16:14 [http-nio-8080-exec-4] DEBUG org.springframework.security.web.authentication.Http403ForbiddenEntryPoint - Pre-authenticated entry point called. Rejecting access
2026-02-15 17:16:14 [http-nio-8080-exec-4] DEBUG org.springframework.security.web.FilterChainProxy - Securing GET /error?phoneNumber=9090909090
2026-02-15 17:16:14 [http-nio-8080-exec-4] DEBUG org.springframework.security.web.authentication.AnonymousAuthenticationFilter - Set SecurityContextHolder to anonymous SecurityContext
2026-02-15 17:16:14 [http-nio-8080-exec-4] DEBUG org.springframework.security.web.authentication.Http403ForbiddenEntryPoint - Pre-authenticated entry point called. Rejecting access
2026-02-15 17:16:24 [http-nio-8080-exec-6] DEBUG org.springframework.security.web.FilterChainProxy - Securing POST /auth/login
2026-02-15 17:16:24 [http-nio-8080-exec-6] DEBUG org.springframework.security.web.authentication.AnonymousAuthenticationFilter - Set SecurityContextHolder to anonymous SecurityContext
2026-02-15 17:16:24 [http-nio-8080-exec-6] DEBUG org.springframework.security.web.FilterChainProxy - Secured POST /auth/login
2026-02-15 17:16:24 [http-nio-8080-exec-6] DEBUG org.springframework.security.authentication.dao.DaoAuthenticationProvider - Authenticated user
2026-02-15 17:16:24 [http-nio-8080-exec-7] DEBUG org.springframework.security.web.FilterChainProxy - Securing GET /users/findByPhone?phoneNumber=9090909090
2026-02-15 17:16:24 [http-nio-8080-exec-7] DEBUG org.springframework.security.web.FilterChainProxy - Secured GET /users/findByPhone?phoneNumber=9090909090
2026-02-15 17:16:24 [http-nio-8080-exec-7] INFO  com.training.mts.aop.LoggingAspect - Entering method: UserServiceImpl.getUserByPhoneNumber(..) with arguments: [9090909090]
2026-02-15 17:16:24 [http-nio-8080-exec-7] INFO  com.training.mts.aop.LoggingAspect - Method executed successfully: UserServiceImpl.getUserByPhoneNumber(..) | Returned: User{id=3, name='Ananth', vpa=com.training.mts.model.VPA@7834e660}
2026-02-15 17:16:43 [http-nio-8080-exec-9] DEBUG org.springframework.security.web.FilterChainProxy - Securing POST /bankaccounts/link
2026-02-15 17:16:43 [http-nio-8080-exec-9] DEBUG org.springframework.security.web.FilterChainProxy - Secured POST /bankaccounts/link
2026-02-15 17:16:43 [http-nio-8080-exec-9] INFO  com.training.mts.aop.LoggingAspect - Entering method: BankAccountServiceImpl.linkBankAccount(..) with arguments: [ananth90903@mts, ACC1012, starlight_22]
2026-02-15 17:16:43 [http-nio-8080-exec-9] INFO  com.training.mts.aop.LoggingAspect - Method executed successfully: BankAccountServiceImpl.linkBankAccount(..) | Returned: User{id=3, name='Ananth', vpa=com.training.mts.model.VPA@41e9ecc7}
2026-02-15 17:16:48 [http-nio-8080-exec-8] DEBUG org.springframework.security.web.FilterChainProxy - Securing OPTIONS /transactions/gettranslog?vpaId=ananth90903@mts
2026-02-15 17:16:48 [http-nio-8080-exec-10] DEBUG org.springframework.security.web.FilterChainProxy - Securing GET /transactions/gettranslog?vpaId=ananth90903@mts
2026-02-15 17:16:48 [http-nio-8080-exec-10] DEBUG org.springframework.security.web.FilterChainProxy - Secured GET /transactions/gettranslog?vpaId=ananth90903@mts
2026-02-15 17:16:48 [http-nio-8080-exec-10] INFO  com.training.mts.aop.LoggingAspect - Entering method: TransactionServiceImpl.getTransactionHistory(..) with arguments: [ananth90903@mts]
2026-02-15 17:16:48 [http-nio-8080-exec-10] INFO  com.training.mts.aop.LoggingAspect - Method executed successfully: TransactionServiceImpl.getTransactionHistory(..) | Returned: com.training.mts.dto.TransactionHistoryResponse@487486d5
2026-02-15 17:17:03 [http-nio-8080-exec-1] DEBUG org.springframework.security.web.FilterChainProxy - Securing OPTIONS /users/getbalance?vpaId=ananth90903@mts&password=asdfgh
2026-02-15 17:17:03 [http-nio-8080-exec-2] DEBUG org.springframework.security.web.FilterChainProxy - Securing GET /users/getbalance?vpaId=ananth90903@mts&password=asdfgh
2026-02-15 17:17:03 [http-nio-8080-exec-2] DEBUG org.springframework.security.web.FilterChainProxy - Secured GET /users/getbalance?vpaId=ananth90903@mts&password=asdfgh
2026-02-15 17:17:03 [http-nio-8080-exec-2] INFO  com.training.mts.aop.LoggingAspect - Entering method: UserServiceImpl.getBankBalance(..) with arguments: [ananth90903@mts, asdfgh]
2026-02-15 17:17:03 [http-nio-8080-exec-2] INFO  com.training.mts.aop.LoggingAspect - Method executed successfully: UserServiceImpl.getBankBalance(..) | Returned: 15700.0
2026-02-15 17:17:07 [http-nio-8080-exec-3] DEBUG org.springframework.security.web.FilterChainProxy - Securing GET /users/getusers
2026-02-15 17:17:07 [http-nio-8080-exec-3] DEBUG org.springframework.security.web.FilterChainProxy - Secured GET /users/getusers
2026-02-15 17:17:07 [http-nio-8080-exec-3] INFO  com.training.mts.aop.LoggingAspect - Entering method: UserServiceImpl.getAllUsers() with arguments: []
2026-02-15 17:17:07 [http-nio-8080-exec-3] INFO  com.training.mts.aop.LoggingAspect - Method executed successfully: UserServiceImpl.getAllUsers() | Returned: [com.training.mts.dto.GetAllUsersRequest@12cd28f4, com.training.mts.dto.GetAllUsersRequest@7cffbad5]
2026-02-15 17:17:53 [http-nio-8080-exec-5] DEBUG org.springframework.security.web.FilterChainProxy - Securing OPTIONS /transactions/pay
2026-02-15 17:17:53 [http-nio-8080-exec-4] DEBUG org.springframework.security.web.FilterChainProxy - Securing POST /transactions/pay
2026-02-15 17:17:53 [http-nio-8080-exec-4] DEBUG org.springframework.security.web.FilterChainProxy - Secured POST /transactions/pay
2026-02-15 17:17:53 [http-nio-8080-exec-4] INFO  com.training.mts.aop.LoggingAspect - Entering method: TransactionServiceImpl.initiatePayment(..) with arguments: [com.training.mts.dto.TransactionRequest@3273bb7e]
2026-02-15 17:17:53 [http-nio-8080-exec-4] INFO  com.training.mts.aop.LoggingAspect - Entering method: BankAccountServiceImpl.getBankAccount(..) with arguments: [ananth90903@mts]
2026-02-15 17:17:53 [http-nio-8080-exec-4] INFO  com.training.mts.aop.LoggingAspect - Method executed successfully: BankAccountServiceImpl.getBankAccount(..) | Returned: com.training.mts.model.BankAccount@366ea65d
2026-02-15 17:17:53 [http-nio-8080-exec-4] INFO  com.training.mts.aop.LoggingAspect - Entering method: BankAccountServiceImpl.getBankAccount(..) with arguments: [hari98982@mts]
2026-02-15 17:17:53 [http-nio-8080-exec-4] INFO  com.training.mts.aop.LoggingAspect - Method executed successfully: BankAccountServiceImpl.getBankAccount(..) | Returned: com.training.mts.model.BankAccount@43f5182
2026-02-15 17:17:53 [http-nio-8080-exec-4] INFO  com.training.mts.aop.LoggingAspect - Entering method: BankAccountServiceImpl.updateBalance(..) with arguments: [com.training.mts.model.BankAccount@366ea65d, 15600.0]
2026-02-15 17:17:53 [http-nio-8080-exec-4] INFO  com.training.mts.aop.LoggingAspect - Method executed successfully: BankAccountServiceImpl.updateBalance(..) | Returned: null
2026-02-15 17:17:53 [http-nio-8080-exec-4] INFO  com.training.mts.aop.LoggingAspect - Entering method: BankAccountServiceImpl.updateBalance(..) with arguments: [com.training.mts.model.BankAccount@43f5182, 50100.0]
2026-02-15 17:17:53 [http-nio-8080-exec-4] INFO  com.training.mts.aop.LoggingAspect - Method executed successfully: BankAccountServiceImpl.updateBalance(..) | Returned: null
2026-02-15 17:17:53 [http-nio-8080-exec-4] INFO  com.training.mts.aop.LoggingAspect - Method executed successfully: TransactionServiceImpl.initiatePayment(..) | Returned: com.training.mts.dto.TransactionDTO@6cae0240
2026-02-15 17:17:53 [http-nio-8080-exec-4] INFO  com.training.mts.aop.LoggingAspect - Entering method: AnalyticsService.triggerSnowflakeSync() with arguments: []
2026-02-15 17:17:53 [http-nio-8080-exec-4] INFO  com.training.mts.aop.LoggingAspect - Method executed successfully: AnalyticsService.triggerSnowflakeSync() | Returned: false
2026-02-15 17:17:59 [http-nio-8080-exec-6] DEBUG org.springframework.security.web.FilterChainProxy - Securing GET /transactions/gettranslog?vpaId=ananth90903@mts
2026-02-15 17:17:59 [http-nio-8080-exec-6] DEBUG org.springframework.security.web.FilterChainProxy - Secured GET /transactions/gettranslog?vpaId=ananth90903@mts
2026-02-15 17:17:59 [http-nio-8080-exec-6] INFO  com.training.mts.aop.LoggingAspect - Entering method: TransactionServiceImpl.getTransactionHistory(..) with arguments: [ananth90903@mts]
2026-02-15 17:17:59 [http-nio-8080-exec-6] INFO  com.training.mts.aop.LoggingAspect - Method executed successfully: TransactionServiceImpl.getTransactionHistory(..) | Returned: com.training.mts.dto.TransactionHistoryResponse@51073fd9
2026-02-15 17:17:59 [http-nio-8080-exec-7] DEBUG org.springframework.security.web.FilterChainProxy - Securing OPTIONS /users/getbyvpa?vpaId=hari98982@mts
2026-02-15 17:17:59 [http-nio-8080-exec-9] DEBUG org.springframework.security.web.FilterChainProxy - Securing GET /users/getbyvpa?vpaId=hari98982@mts
2026-02-15 17:17:59 [http-nio-8080-exec-9] DEBUG org.springframework.security.web.FilterChainProxy - Secured GET /users/getbyvpa?vpaId=hari98982@mts
2026-02-15 17:17:59 [http-nio-8080-exec-9] DEBUG org.springframework.security.web.FilterChainProxy - Securing GET /error?vpaId=hari98982@mts
2026-02-15 17:17:59 [http-nio-8080-exec-9] DEBUG org.springframework.security.web.authentication.AnonymousAuthenticationFilter - Set SecurityContextHolder to anonymous SecurityContext
2026-02-15 17:17:59 [http-nio-8080-exec-9] DEBUG org.springframework.security.web.authentication.Http403ForbiddenEntryPoint - Pre-authenticated entry point called. Rejecting access
2026-02-15 17:18:05 [http-nio-8080-exec-8] DEBUG org.springframework.security.web.FilterChainProxy - Securing GET /transactions/gettranslog?vpaId=ananth90903@mts
2026-02-15 17:18:05 [http-nio-8080-exec-8] DEBUG org.springframework.security.web.FilterChainProxy - Secured GET /transactions/gettranslog?vpaId=ananth90903@mts
2026-02-15 17:18:05 [http-nio-8080-exec-8] INFO  com.training.mts.aop.LoggingAspect - Entering method: TransactionServiceImpl.getTransactionHistory(..) with arguments: [ananth90903@mts]
2026-02-15 17:18:05 [http-nio-8080-exec-8] INFO  com.training.mts.aop.LoggingAspect - Method executed successfully: TransactionServiceImpl.getTransactionHistory(..) | Returned: com.training.mts.dto.TransactionHistoryResponse@8f788fa
2026-02-15 17:18:05 [http-nio-8080-exec-10] DEBUG org.springframework.security.web.FilterChainProxy - Securing GET /users/getbyvpa?vpaId=hari98982@mts
2026-02-15 17:18:05 [http-nio-8080-exec-10] DEBUG org.springframework.security.web.FilterChainProxy - Secured GET /users/getbyvpa?vpaId=hari98982@mts
2026-02-15 17:18:05 [http-nio-8080-exec-10] DEBUG org.springframework.security.web.FilterChainProxy - Securing GET /error?vpaId=hari98982@mts
2026-02-15 17:18:05 [http-nio-8080-exec-10] DEBUG org.springframework.security.web.authentication.AnonymousAuthenticationFilter - Set SecurityContextHolder to anonymous SecurityContext
2026-02-15 17:18:05 [http-nio-8080-exec-10] DEBUG org.springframework.security.web.authentication.Http403ForbiddenEntryPoint - Pre-authenticated entry point called. Rejecting access
2026-02-15 17:18:24 [http-nio-8080-exec-1] DEBUG org.springframework.security.web.FilterChainProxy - Securing POST /auth/login
2026-02-15 17:18:24 [http-nio-8080-exec-1] DEBUG org.springframework.security.web.authentication.AnonymousAuthenticationFilter - Set SecurityContextHolder to anonymous SecurityContext
2026-02-15 17:18:24 [http-nio-8080-exec-1] DEBUG org.springframework.security.web.FilterChainProxy - Secured POST /auth/login
2026-02-15 17:18:24 [http-nio-8080-exec-1] DEBUG org.springframework.security.authentication.dao.DaoAuthenticationProvider - Authenticated user
2026-02-15 17:18:24 [http-nio-8080-exec-2] DEBUG org.springframework.security.web.FilterChainProxy - Securing GET /users/findByPhone?phoneNumber=9898989898
2026-02-15 17:18:24 [http-nio-8080-exec-2] DEBUG org.springframework.security.web.FilterChainProxy - Secured GET /users/findByPhone?phoneNumber=9898989898
2026-02-15 17:18:24 [http-nio-8080-exec-2] INFO  com.training.mts.aop.LoggingAspect - Entering method: UserServiceImpl.getUserByPhoneNumber(..) with arguments: [9898989898]
2026-02-15 17:18:24 [http-nio-8080-exec-2] INFO  com.training.mts.aop.LoggingAspect - Method executed successfully: UserServiceImpl.getUserByPhoneNumber(..) | Returned: User{id=2, name='Hari', vpa=com.training.mts.model.VPA@50cdba3c}
2026-02-15 17:18:24 [http-nio-8080-exec-3] DEBUG org.springframework.security.web.FilterChainProxy - Securing GET /transactions/gettranslog?vpaId=hari98982@mts
2026-02-15 17:18:24 [http-nio-8080-exec-3] DEBUG org.springframework.security.web.FilterChainProxy - Secured GET /transactions/gettranslog?vpaId=hari98982@mts
2026-02-15 17:18:24 [http-nio-8080-exec-3] INFO  com.training.mts.aop.LoggingAspect - Entering method: TransactionServiceImpl.getTransactionHistory(..) with arguments: [hari98982@mts]
2026-02-15 17:18:24 [http-nio-8080-exec-3] INFO  com.training.mts.aop.LoggingAspect - Method executed successfully: TransactionServiceImpl.getTransactionHistory(..) | Returned: com.training.mts.dto.TransactionHistoryResponse@450fa08b
2026-02-15 17:18:24 [http-nio-8080-exec-5] DEBUG org.springframework.security.web.FilterChainProxy - Securing OPTIONS /users/getbyvpa?vpaId=ananth90903@mts
2026-02-15 17:18:24 [http-nio-8080-exec-4] DEBUG org.springframework.security.web.FilterChainProxy - Securing GET /users/getbyvpa?vpaId=ananth90903@mts
2026-02-15 17:18:24 [http-nio-8080-exec-4] DEBUG org.springframework.security.web.FilterChainProxy - Secured GET /users/getbyvpa?vpaId=ananth90903@mts
2026-02-15 17:18:24 [http-nio-8080-exec-4] DEBUG org.springframework.security.web.FilterChainProxy - Securing GET /error?vpaId=ananth90903@mts
2026-02-15 17:18:24 [http-nio-8080-exec-4] DEBUG org.springframework.security.web.authentication.AnonymousAuthenticationFilter - Set SecurityContextHolder to anonymous SecurityContext
2026-02-15 17:18:24 [http-nio-8080-exec-4] DEBUG org.springframework.security.web.authentication.Http403ForbiddenEntryPoint - Pre-authenticated entry point called. Rejecting access
2026-02-15 17:18:31 [http-nio-8080-exec-6] DEBUG org.springframework.security.web.FilterChainProxy - Securing GET /users/getbalance?vpaId=hari98982@mts&password=asdfgh
2026-02-15 17:18:31 [http-nio-8080-exec-6] DEBUG org.springframework.security.web.FilterChainProxy - Secured GET /users/getbalance?vpaId=hari98982@mts&password=asdfgh
2026-02-15 17:18:31 [http-nio-8080-exec-6] INFO  com.training.mts.aop.LoggingAspect - Entering method: UserServiceImpl.getBankBalance(..) with arguments: [hari98982@mts, asdfgh]
2026-02-15 17:18:31 [http-nio-8080-exec-6] INFO  com.training.mts.aop.LoggingAspect - Method executed successfully: UserServiceImpl.getBankBalance(..) | Returned: 50100.0
2026-02-15 17:18:34 [http-nio-8080-exec-7] DEBUG org.springframework.security.web.FilterChainProxy - Securing GET /transactions/gettranslog?vpaId=hari98982@mts
2026-02-15 17:18:34 [http-nio-8080-exec-7] DEBUG org.springframework.security.web.FilterChainProxy - Secured GET /transactions/gettranslog?vpaId=hari98982@mts
2026-02-15 17:18:34 [http-nio-8080-exec-7] INFO  com.training.mts.aop.LoggingAspect - Entering method: TransactionServiceImpl.getTransactionHistory(..) with arguments: [hari98982@mts]
2026-02-15 17:18:34 [http-nio-8080-exec-7] INFO  com.training.mts.aop.LoggingAspect - Method executed successfully: TransactionServiceImpl.getTransactionHistory(..) | Returned: com.training.mts.dto.TransactionHistoryResponse@84a410f
2026-02-15 17:18:34 [http-nio-8080-exec-9] DEBUG org.springframework.security.web.FilterChainProxy - Securing GET /users/getbyvpa?vpaId=ananth90903@mts
2026-02-15 17:18:34 [http-nio-8080-exec-9] DEBUG org.springframework.security.web.FilterChainProxy - Secured GET /users/getbyvpa?vpaId=ananth90903@mts
2026-02-15 17:18:34 [http-nio-8080-exec-9] DEBUG org.springframework.security.web.FilterChainProxy - Securing GET /error?vpaId=ananth90903@mts
2026-02-15 17:18:34 [http-nio-8080-exec-9] DEBUG org.springframework.security.web.authentication.AnonymousAuthenticationFilter - Set SecurityContextHolder to anonymous SecurityContext
2026-02-15 17:18:34 [http-nio-8080-exec-9] DEBUG org.springframework.security.web.authentication.Http403ForbiddenEntryPoint - Pre-authenticated entry point called. Rejecting access
2026-02-15 17:18:36 [http-nio-8080-exec-8] DEBUG org.springframework.security.web.FilterChainProxy - Securing GET /transactions/gettranslog?vpaId=hari98982@mts
2026-02-15 17:18:36 [http-nio-8080-exec-8] DEBUG org.springframework.security.web.FilterChainProxy - Secured GET /transactions/gettranslog?vpaId=hari98982@mts
2026-02-15 17:18:36 [http-nio-8080-exec-8] INFO  com.training.mts.aop.LoggingAspect - Entering method: TransactionServiceImpl.getTransactionHistory(..) with arguments: [hari98982@mts]
2026-02-15 17:18:36 [http-nio-8080-exec-8] INFO  com.training.mts.aop.LoggingAspect - Method executed successfully: TransactionServiceImpl.getTransactionHistory(..) | Returned: com.training.mts.dto.TransactionHistoryResponse@567f4318
2026-02-15 17:18:36 [http-nio-8080-exec-10] DEBUG org.springframework.security.web.FilterChainProxy - Securing GET /users/getbyvpa?vpaId=ananth90903@mts
2026-02-15 17:18:36 [http-nio-8080-exec-10] DEBUG org.springframework.security.web.FilterChainProxy - Secured GET /users/getbyvpa?vpaId=ananth90903@mts
2026-02-15 17:18:36 [http-nio-8080-exec-10] DEBUG org.springframework.security.web.FilterChainProxy - Securing GET /error?vpaId=ananth90903@mts
2026-02-15 17:18:36 [http-nio-8080-exec-10] DEBUG org.springframework.security.web.authentication.AnonymousAuthenticationFilter - Set SecurityContextHolder to anonymous SecurityContext
2026-02-15 17:18:36 [http-nio-8080-exec-10] DEBUG org.springframework.security.web.authentication.Http403ForbiddenEntryPoint - Pre-authenticated entry point called. Rejecting access
2026-02-15 17:18:42 [http-nio-8080-exec-1] DEBUG org.springframework.security.web.FilterChainProxy - Securing GET /transactions/gettranslog?vpaId=hari98982@mts
2026-02-15 17:18:42 [http-nio-8080-exec-1] DEBUG org.springframework.security.web.FilterChainProxy - Secured GET /transactions/gettranslog?vpaId=hari98982@mts
2026-02-15 17:18:42 [http-nio-8080-exec-1] INFO  com.training.mts.aop.LoggingAspect - Entering method: TransactionServiceImpl.getTransactionHistory(..) with arguments: [hari98982@mts]
2026-02-15 17:18:42 [http-nio-8080-exec-1] INFO  com.training.mts.aop.LoggingAspect - Method executed successfully: TransactionServiceImpl.getTransactionHistory(..) | Returned: com.training.mts.dto.TransactionHistoryResponse@2dda7bea
2026-02-15 17:18:42 [http-nio-8080-exec-2] DEBUG org.springframework.security.web.FilterChainProxy - Securing GET /users/getbyvpa?vpaId=ananth90903@mts
2026-02-15 17:18:42 [http-nio-8080-exec-2] DEBUG org.springframework.security.web.FilterChainProxy - Secured GET /users/getbyvpa?vpaId=ananth90903@mts
2026-02-15 17:18:42 [http-nio-8080-exec-2] DEBUG org.springframework.security.web.FilterChainProxy - Securing GET /error?vpaId=ananth90903@mts
2026-02-15 17:18:42 [http-nio-8080-exec-2] DEBUG org.springframework.security.web.authentication.AnonymousAuthenticationFilter - Set SecurityContextHolder to anonymous SecurityContext
2026-02-15 17:18:42 [http-nio-8080-exec-2] DEBUG org.springframework.security.web.authentication.Http403ForbiddenEntryPoint - Pre-authenticated entry point called. Rejecting access
2026-02-15 17:24:14 [http-nio-8080-exec-5] DEBUG org.springframework.security.web.FilterChainProxy - Securing GET /transactions/gettranslog?vpaId=hari98982@mts
2026-02-15 17:24:14 [http-nio-8080-exec-5] DEBUG org.springframework.security.web.FilterChainProxy - Secured GET /transactions/gettranslog?vpaId=hari98982@mts
2026-02-15 17:24:14 [http-nio-8080-exec-5] INFO  com.training.mts.aop.LoggingAspect - Entering method: TransactionServiceImpl.getTransactionHistory(..) with arguments: [hari98982@mts]
2026-02-15 17:24:14 [http-nio-8080-exec-5] INFO  com.training.mts.aop.LoggingAspect - Method executed successfully: TransactionServiceImpl.getTransactionHistory(..) | Returned: com.training.mts.dto.TransactionHistoryResponse@6cb13238
2026-02-15 17:24:14 [http-nio-8080-exec-4] DEBUG org.springframework.security.web.FilterChainProxy - Securing GET /users/getbyvpa?vpaId=ananth90903@mts
2026-02-15 17:24:14 [http-nio-8080-exec-4] DEBUG org.springframework.security.web.FilterChainProxy - Secured GET /users/getbyvpa?vpaId=ananth90903@mts
2026-02-15 17:24:14 [http-nio-8080-exec-4] DEBUG org.springframework.security.web.FilterChainProxy - Securing GET /error?vpaId=ananth90903@mts
2026-02-15 17:24:14 [http-nio-8080-exec-4] DEBUG org.springframework.security.web.authentication.AnonymousAuthenticationFilter - Set SecurityContextHolder to anonymous SecurityContext
2026-02-15 17:24:14 [http-nio-8080-exec-4] DEBUG org.springframework.security.web.authentication.Http403ForbiddenEntryPoint - Pre-authenticated entry point called. Rejecting access
2026-02-15 17:24:15 [http-nio-8080-exec-6] DEBUG org.springframework.security.web.FilterChainProxy - Securing GET /users/getusers
2026-02-15 17:24:15 [http-nio-8080-exec-6] DEBUG org.springframework.security.web.FilterChainProxy - Secured GET /users/getusers
2026-02-15 17:24:15 [http-nio-8080-exec-6] INFO  com.training.mts.aop.LoggingAspect - Entering method: UserServiceImpl.getAllUsers() with arguments: []
2026-02-15 17:24:15 [http-nio-8080-exec-6] INFO  com.training.mts.aop.LoggingAspect - Method executed successfully: UserServiceImpl.getAllUsers() | Returned: [com.training.mts.dto.GetAllUsersRequest@798285cd, com.training.mts.dto.GetAllUsersRequest@40dd2479]
2026-02-15 17:24:32 [http-nio-8080-exec-7] DEBUG org.springframework.security.web.FilterChainProxy - Securing POST /transactions/pay
2026-02-15 17:24:32 [http-nio-8080-exec-7] DEBUG org.springframework.security.web.FilterChainProxy - Secured POST /transactions/pay
2026-02-15 17:24:32 [http-nio-8080-exec-7] INFO  com.training.mts.aop.LoggingAspect - Entering method: TransactionServiceImpl.initiatePayment(..) with arguments: [com.training.mts.dto.TransactionRequest@6c4fecf6]
2026-02-15 17:24:32 [http-nio-8080-exec-7] INFO  com.training.mts.aop.LoggingAspect - Entering method: BankAccountServiceImpl.getBankAccount(..) with arguments: [hari98982@mts]
2026-02-15 17:24:32 [http-nio-8080-exec-7] INFO  com.training.mts.aop.LoggingAspect - Method executed successfully: BankAccountServiceImpl.getBankAccount(..) | Returned: com.training.mts.model.BankAccount@55cd3815
2026-02-15 17:24:32 [http-nio-8080-exec-7] INFO  com.training.mts.aop.LoggingAspect - Entering method: BankAccountServiceImpl.getBankAccount(..) with arguments: [ananth90903@mts]
2026-02-15 17:24:32 [http-nio-8080-exec-7] INFO  com.training.mts.aop.LoggingAspect - Method executed successfully: BankAccountServiceImpl.getBankAccount(..) | Returned: com.training.mts.model.BankAccount@3edae032
2026-02-15 17:24:32 [http-nio-8080-exec-7] INFO  com.training.mts.aop.LoggingAspect - Entering method: BankAccountServiceImpl.updateBalance(..) with arguments: [com.training.mts.model.BankAccount@55cd3815, 50000.0]
2026-02-15 17:24:32 [http-nio-8080-exec-7] INFO  com.training.mts.aop.LoggingAspect - Method executed successfully: BankAccountServiceImpl.updateBalance(..) | Returned: null
2026-02-15 17:24:32 [http-nio-8080-exec-7] INFO  com.training.mts.aop.LoggingAspect - Entering method: BankAccountServiceImpl.updateBalance(..) with arguments: [com.training.mts.model.BankAccount@3edae032, 15700.0]
2026-02-15 17:24:32 [http-nio-8080-exec-7] INFO  com.training.mts.aop.LoggingAspect - Method executed successfully: BankAccountServiceImpl.updateBalance(..) | Returned: null
2026-02-15 17:24:32 [http-nio-8080-exec-7] INFO  com.training.mts.aop.LoggingAspect - Method executed successfully: TransactionServiceImpl.initiatePayment(..) | Returned: com.training.mts.dto.TransactionDTO@3eace612
2026-02-15 17:24:32 [http-nio-8080-exec-7] INFO  com.training.mts.aop.LoggingAspect - Entering method: AnalyticsService.triggerSnowflakeSync() with arguments: []
2026-02-15 17:24:33 [http-nio-8080-exec-7] INFO  com.training.mts.aop.LoggingAspect - Method executed successfully: AnalyticsService.triggerSnowflakeSync() | Returned: false
2026-02-15 17:24:39 [http-nio-8080-exec-9] DEBUG org.springframework.security.web.FilterChainProxy - Securing GET /transactions/gettranslog?vpaId=hari98982@mts
2026-02-15 17:24:39 [http-nio-8080-exec-9] DEBUG org.springframework.security.web.FilterChainProxy - Secured GET /transactions/gettranslog?vpaId=hari98982@mts
2026-02-15 17:24:39 [http-nio-8080-exec-9] INFO  com.training.mts.aop.LoggingAspect - Entering method: TransactionServiceImpl.getTransactionHistory(..) with arguments: [hari98982@mts]
2026-02-15 17:24:39 [http-nio-8080-exec-9] INFO  com.training.mts.aop.LoggingAspect - Method executed successfully: TransactionServiceImpl.getTransactionHistory(..) | Returned: com.training.mts.dto.TransactionHistoryResponse@776ad749
2026-02-15 17:24:39 [http-nio-8080-exec-8] DEBUG org.springframework.security.web.FilterChainProxy - Securing GET /users/getbyvpa?vpaId=ananth90903@mts
2026-02-15 17:24:39 [http-nio-8080-exec-8] DEBUG org.springframework.security.web.FilterChainProxy - Secured GET /users/getbyvpa?vpaId=ananth90903@mts
2026-02-15 17:24:39 [http-nio-8080-exec-8] DEBUG org.springframework.security.web.FilterChainProxy - Securing GET /error?vpaId=ananth90903@mts
2026-02-15 17:24:39 [http-nio-8080-exec-8] DEBUG org.springframework.security.web.authentication.AnonymousAuthenticationFilter - Set SecurityContextHolder to anonymous SecurityContext
2026-02-15 17:24:39 [http-nio-8080-exec-8] DEBUG org.springframework.security.web.authentication.Http403ForbiddenEntryPoint - Pre-authenticated entry point called. Rejecting access
2026-02-15 17:25:14 [SpringApplicationShutdownHook] INFO  org.springframework.boot.tomcat.GracefulShutdown - Commencing graceful shutdown. Waiting for active requests to complete
2026-02-15 17:25:14 [tomcat-shutdown] INFO  org.springframework.boot.tomcat.GracefulShutdown - Graceful shutdown complete
2026-02-15 17:25:14 [SpringApplicationShutdownHook] INFO  org.springframework.orm.jpa.LocalContainerEntityManagerFactoryBean - Closing JPA EntityManagerFactory for persistence unit 'default'
2026-02-15 17:25:14 [SpringApplicationShutdownHook] INFO  com.zaxxer.hikari.HikariDataSource - HikariPool-1 - Shutdown initiated...
2026-02-15 17:25:14 [SpringApplicationShutdownHook] INFO  com.zaxxer.hikari.HikariDataSource - HikariPool-1 - Shutdown completed.
2026-02-15 17:26:04 [background-preinit] INFO  org.hibernate.validator.internal.util.Version - HV000001: Hibernate Validator 9.0.1.Final
2026-02-15 17:26:05 [main] INFO  com.training.mts.MtsApplication - Starting MtsApplication using Java 17.0.8 with PID 8036 (C:\Users\labuser\Downloads\Project\backend\mts\target\classes started by labuser in C:\Users\labuser\Downloads\Project\backend\mts)
2026-02-15 17:26:05 [main] INFO  com.training.mts.MtsApplication - No active profile set, falling back to 1 default profile: "default"
2026-02-15 17:26:07 [main] INFO  org.springframework.data.repository.config.RepositoryConfigurationDelegate - Bootstrapping Spring Data JPA repositories in DEFAULT mode.
2026-02-15 17:26:07 [main] INFO  org.springframework.data.repository.config.RepositoryConfigurationDelegate - Finished Spring Data repository scanning in 123 ms. Found 4 JPA repository interfaces.
2026-02-15 17:26:09 [main] INFO  org.springframework.boot.tomcat.TomcatWebServer - Tomcat initialized with port 8080 (http)
2026-02-15 17:26:09 [main] INFO  org.apache.coyote.http11.Http11NioProtocol - Initializing ProtocolHandler ["http-nio-8080"]
2026-02-15 17:26:09 [main] INFO  org.apache.catalina.core.StandardService - Starting service [Tomcat]
2026-02-15 17:26:09 [main] INFO  org.apache.catalina.core.StandardEngine - Starting Servlet engine: [Apache Tomcat/11.0.15]
2026-02-15 17:26:09 [main] INFO  org.springframework.boot.web.context.servlet.WebApplicationContextInitializer - Root WebApplicationContext: initialization completed in 4031 ms
2026-02-15 17:26:09 [main] INFO  org.hibernate.orm.jpa - HHH008540: Processing PersistenceUnitInfo [name: default]
2026-02-15 17:26:09 [main] INFO  org.hibernate.orm.core - HHH000001: Hibernate ORM core version 7.2.1.Final
2026-02-15 17:26:10 [main] INFO  org.springframework.orm.jpa.persistenceunit.SpringPersistenceUnitInfo - No LoadTimeWeaver setup: ignoring JPA class transformer
2026-02-15 17:26:10 [main] INFO  com.zaxxer.hikari.HikariDataSource - HikariPool-1 - Starting...
2026-02-15 17:26:11 [main] INFO  com.zaxxer.hikari.pool.HikariPool - HikariPool-1 - Added connection com.mysql.cj.jdbc.ConnectionImpl@491cc0eb
2026-02-15 17:26:11 [main] INFO  com.zaxxer.hikari.HikariDataSource - HikariPool-1 - Start completed.
2026-02-15 17:26:11 [main] WARN  org.hibernate.orm.deprecation - HHH90000025: MySQLDialect does not need to be specified explicitly using 'hibernate.dialect' (remove the property setting and it will be selected by default)
2026-02-15 17:26:11 [main] INFO  org.hibernate.orm.connections.pooling - HHH10001005: Database info:
	Database JDBC URL [jdbc:mysql://localhost:3306/mts?createDatabaseIfNotExist=true]
	Database driver: MySQL Connector/J
	Database dialect: MySQLDialect
	Database version: 8.1
	Default catalog/schema: mts/undefined
	Autocommit mode: undefined/unknown
	Isolation level: REPEATABLE_READ [default REPEATABLE_READ]
	JDBC fetch size: none
	Pool: DataSourceConnectionProvider
	Minimum pool size: undefined/unknown
	Maximum pool size: undefined/unknown
2026-02-15 17:26:13 [main] INFO  org.hibernate.orm.core - HHH000489: No JTA platform available (set 'hibernate.transaction.jta.platform' to enable JTA platform integration)
2026-02-15 17:26:13 [main] INFO  org.springframework.orm.jpa.LocalContainerEntityManagerFactoryBean - Initialized JPA EntityManagerFactory for persistence unit 'default'
2026-02-15 17:26:14 [main] INFO  org.springframework.data.jpa.repository.query.QueryEnhancerFactories - Hibernate is in classpath; If applicable, HQL parser will be used.
2026-02-15 17:26:15 [main] INFO  org.springframework.security.config.annotation.authentication.configuration.InitializeUserDetailsBeanManagerConfigurer$InitializeUserDetailsManagerConfigurer - Global AuthenticationManager configured with UserDetailsService bean with name customUserDetailsService
2026-02-15 17:26:15 [main] WARN  org.springframework.boot.jpa.autoconfigure.JpaBaseConfiguration$JpaWebConfiguration - spring.jpa.open-in-view is enabled by default. Therefore, database queries may be performed during view rendering. Explicitly configure spring.jpa.open-in-view to disable this warning
2026-02-15 17:26:16 [main] DEBUG org.springframework.security.web.DefaultSecurityFilterChain - Will secure any request with filters: DisableEncodeUrlFilter, WebAsyncManagerIntegrationFilter, SecurityContextHolderFilter, HeaderWriterFilter, CorsFilter, LogoutFilter, JwtAuthenticationFilter, RequestCacheAwareFilter, SecurityContextHolderAwareRequestFilter, AnonymousAuthenticationFilter, SessionManagementFilter, ExceptionTranslationFilter, AuthorizationFilter
2026-02-15 17:26:17 [main] INFO  org.apache.coyote.http11.Http11NioProtocol - Starting ProtocolHandler ["http-nio-8080"]
2026-02-15 17:26:17 [main] INFO  org.springframework.boot.tomcat.TomcatWebServer - Tomcat started on port 8080 (http) with context path '/'
2026-02-15 17:26:17 [main] INFO  com.training.mts.MtsApplication - Started MtsApplication in 13.452 seconds (process running for 14.327)
2026-02-15 17:26:32 [http-nio-8080-exec-1] INFO  org.apache.catalina.core.ContainerBase.[Tomcat].[localhost].[/] - Initializing Spring DispatcherServlet 'dispatcherServlet'
2026-02-15 17:26:32 [http-nio-8080-exec-1] INFO  org.springframework.web.servlet.DispatcherServlet - Initializing Servlet 'dispatcherServlet'
2026-02-15 17:26:32 [http-nio-8080-exec-1] INFO  org.springframework.web.servlet.DispatcherServlet - Completed initialization in 2 ms
2026-02-15 17:26:32 [http-nio-8080-exec-1] DEBUG org.springframework.security.web.FilterChainProxy - Securing GET /users/getusers
2026-02-15 17:26:32 [http-nio-8080-exec-1] WARN  org.springframework.web.servlet.handler.HandlerMappingIntrospector - Cache miss for REQUEST dispatch to '/users/getusers' (previous null). Performing CorsConfiguration lookup. This is logged once only at WARN level, and every time at TRACE.
2026-02-15 17:26:33 [http-nio-8080-exec-1] DEBUG org.springframework.security.web.FilterChainProxy - Secured GET /users/getusers
2026-02-15 17:26:33 [http-nio-8080-exec-1] INFO  com.training.mts.aop.LoggingAspect - Entering method: UserServiceImpl.getAllUsers() with arguments: []
2026-02-15 17:26:33 [http-nio-8080-exec-1] INFO  com.training.mts.aop.LoggingAspect - Method executed successfully: UserServiceImpl.getAllUsers() | Returned: [com.training.mts.dto.GetAllUsersRequest@3f0ae175, com.training.mts.dto.GetAllUsersRequest@71a21f3a]
2026-02-15 17:26:45 [http-nio-8080-exec-2] DEBUG org.springframework.security.web.FilterChainProxy - Securing POST /transactions/pay
2026-02-15 17:26:45 [http-nio-8080-exec-2] DEBUG org.springframework.security.web.FilterChainProxy - Secured POST /transactions/pay
2026-02-15 17:26:45 [http-nio-8080-exec-2] INFO  com.training.mts.aop.LoggingAspect - Entering method: TransactionServiceImpl.initiatePayment(..) with arguments: [com.training.mts.dto.TransactionRequest@461297f8]
2026-02-15 17:26:45 [http-nio-8080-exec-2] INFO  com.training.mts.aop.LoggingAspect - Entering method: BankAccountServiceImpl.getBankAccount(..) with arguments: [hari98982@mts]
2026-02-15 17:26:45 [http-nio-8080-exec-2] INFO  com.training.mts.aop.LoggingAspect - Method executed successfully: BankAccountServiceImpl.getBankAccount(..) | Returned: com.training.mts.model.BankAccount@3a080577
2026-02-15 17:26:45 [http-nio-8080-exec-2] INFO  com.training.mts.aop.LoggingAspect - Entering method: BankAccountServiceImpl.getBankAccount(..) with arguments: [ananth90903@mts]
2026-02-15 17:26:45 [http-nio-8080-exec-2] INFO  com.training.mts.aop.LoggingAspect - Method executed successfully: BankAccountServiceImpl.getBankAccount(..) | Returned: com.training.mts.model.BankAccount@5475645a
2026-02-15 17:26:45 [http-nio-8080-exec-2] INFO  com.training.mts.aop.LoggingAspect - Entering method: BankAccountServiceImpl.updateBalance(..) with arguments: [com.training.mts.model.BankAccount@3a080577, 49900.0]
2026-02-15 17:26:45 [http-nio-8080-exec-2] INFO  com.training.mts.aop.LoggingAspect - Method executed successfully: BankAccountServiceImpl.updateBalance(..) | Returned: null
2026-02-15 17:26:45 [http-nio-8080-exec-2] INFO  com.training.mts.aop.LoggingAspect - Entering method: BankAccountServiceImpl.updateBalance(..) with arguments: [com.training.mts.model.BankAccount@5475645a, 15800.0]
2026-02-15 17:26:45 [http-nio-8080-exec-2] INFO  com.training.mts.aop.LoggingAspect - Method executed successfully: BankAccountServiceImpl.updateBalance(..) | Returned: null
2026-02-15 17:26:46 [http-nio-8080-exec-2] INFO  com.training.mts.aop.LoggingAspect - Method executed successfully: TransactionServiceImpl.initiatePayment(..) | Returned: com.training.mts.dto.TransactionDTO@f5165a0
2026-02-15 17:26:46 [http-nio-8080-exec-2] INFO  com.training.mts.aop.LoggingAspect - Entering method: AnalyticsService.triggerSnowflakeSync() with arguments: []
2026-02-15 17:26:48 [http-nio-8080-exec-2] INFO  com.training.mts.aop.LoggingAspect - Method executed successfully: AnalyticsService.triggerSnowflakeSync() | Returned: true
2026-02-15 17:26:54 [http-nio-8080-exec-3] DEBUG org.springframework.security.web.FilterChainProxy - Securing GET /transactions/gettranslog?vpaId=hari98982@mts
2026-02-15 17:26:54 [http-nio-8080-exec-3] DEBUG org.springframework.security.web.FilterChainProxy - Secured GET /transactions/gettranslog?vpaId=hari98982@mts
2026-02-15 17:26:54 [http-nio-8080-exec-3] INFO  com.training.mts.aop.LoggingAspect - Entering method: TransactionServiceImpl.getTransactionHistory(..) with arguments: [hari98982@mts]
2026-02-15 17:26:55 [http-nio-8080-exec-3] INFO  com.training.mts.aop.LoggingAspect - Method executed successfully: TransactionServiceImpl.getTransactionHistory(..) | Returned: com.training.mts.dto.TransactionHistoryResponse@3d7a69bb
2026-02-15 17:26:55 [http-nio-8080-exec-4] DEBUG org.springframework.security.web.FilterChainProxy - Securing GET /users/getbyvpa?vpaId=ananth90903@mts
2026-02-15 17:26:55 [http-nio-8080-exec-4] DEBUG org.springframework.security.web.FilterChainProxy - Secured GET /users/getbyvpa?vpaId=ananth90903@mts
2026-02-15 17:26:55 [http-nio-8080-exec-4] DEBUG org.springframework.security.web.FilterChainProxy - Securing GET /error?vpaId=ananth90903@mts
2026-02-15 17:26:55 [http-nio-8080-exec-4] DEBUG org.springframework.security.web.authentication.AnonymousAuthenticationFilter - Set SecurityContextHolder to anonymous SecurityContext
2026-02-15 17:26:55 [http-nio-8080-exec-4] DEBUG org.springframework.security.web.authentication.Http403ForbiddenEntryPoint - Pre-authenticated entry point called. Rejecting access
2026-02-15 17:31:17 [http-nio-8080-exec-6] DEBUG org.springframework.security.web.FilterChainProxy - Securing GET /users/getusers
2026-02-15 17:31:17 [http-nio-8080-exec-6] DEBUG org.springframework.security.web.FilterChainProxy - Secured GET /users/getusers
2026-02-15 17:31:17 [http-nio-8080-exec-6] INFO  com.training.mts.aop.LoggingAspect - Entering method: UserServiceImpl.getAllUsers() with arguments: []
2026-02-15 17:31:17 [http-nio-8080-exec-6] INFO  com.training.mts.aop.LoggingAspect - Method executed successfully: UserServiceImpl.getAllUsers() | Returned: [com.training.mts.dto.GetAllUsersRequest@4c138c6, com.training.mts.dto.GetAllUsersRequest@4e903a79]
2026-02-15 17:31:37 [http-nio-8080-exec-7] DEBUG org.springframework.security.web.FilterChainProxy - Securing POST /transactions/pay
2026-02-15 17:31:37 [http-nio-8080-exec-7] DEBUG org.springframework.security.web.FilterChainProxy - Secured POST /transactions/pay
2026-02-15 17:31:37 [http-nio-8080-exec-7] INFO  com.training.mts.aop.LoggingAspect - Entering method: TransactionServiceImpl.initiatePayment(..) with arguments: [com.training.mts.dto.TransactionRequest@10534a50]
2026-02-15 17:31:37 [http-nio-8080-exec-7] INFO  com.training.mts.aop.LoggingAspect - Entering method: BankAccountServiceImpl.getBankAccount(..) with arguments: [hari98982@mts]
2026-02-15 17:31:37 [http-nio-8080-exec-7] INFO  com.training.mts.aop.LoggingAspect - Method executed successfully: BankAccountServiceImpl.getBankAccount(..) | Returned: com.training.mts.model.BankAccount@5c488640
2026-02-15 17:31:37 [http-nio-8080-exec-7] INFO  com.training.mts.aop.LoggingAspect - Entering method: BankAccountServiceImpl.getBankAccount(..) with arguments: [ananth90903@mts]
2026-02-15 17:31:37 [http-nio-8080-exec-7] INFO  com.training.mts.aop.LoggingAspect - Method executed successfully: BankAccountServiceImpl.getBankAccount(..) | Returned: com.training.mts.model.BankAccount@77d328
2026-02-15 17:31:37 [http-nio-8080-exec-7] INFO  com.training.mts.aop.LoggingAspect - Entering method: BankAccountServiceImpl.updateBalance(..) with arguments: [com.training.mts.model.BankAccount@5c488640, 49800.0]
2026-02-15 17:31:37 [http-nio-8080-exec-7] INFO  com.training.mts.aop.LoggingAspect - Method executed successfully: BankAccountServiceImpl.updateBalance(..) | Returned: null
2026-02-15 17:31:37 [http-nio-8080-exec-7] INFO  com.training.mts.aop.LoggingAspect - Entering method: BankAccountServiceImpl.updateBalance(..) with arguments: [com.training.mts.model.BankAccount@77d328, 15900.0]
2026-02-15 17:31:37 [http-nio-8080-exec-7] INFO  com.training.mts.aop.LoggingAspect - Method executed successfully: BankAccountServiceImpl.updateBalance(..) | Returned: null
2026-02-15 17:31:37 [http-nio-8080-exec-7] INFO  com.training.mts.aop.LoggingAspect - Method executed successfully: TransactionServiceImpl.initiatePayment(..) | Returned: com.training.mts.dto.TransactionDTO@1637339e
2026-02-15 17:31:37 [http-nio-8080-exec-7] INFO  com.training.mts.aop.LoggingAspect - Entering method: AnalyticsService.triggerSnowflakeSync() with arguments: []
2026-02-15 17:31:43 [http-nio-8080-exec-7] INFO  com.training.mts.aop.LoggingAspect - Method executed successfully: AnalyticsService.triggerSnowflakeSync() | Returned: true
2026-02-15 17:31:50 [http-nio-8080-exec-8] DEBUG org.springframework.security.web.FilterChainProxy - Securing GET /transactions/gettranslog?vpaId=hari98982@mts
2026-02-15 17:31:50 [http-nio-8080-exec-8] DEBUG org.springframework.security.web.FilterChainProxy - Secured GET /transactions/gettranslog?vpaId=hari98982@mts
2026-02-15 17:31:50 [http-nio-8080-exec-8] INFO  com.training.mts.aop.LoggingAspect - Entering method: TransactionServiceImpl.getTransactionHistory(..) with arguments: [hari98982@mts]
2026-02-15 17:31:50 [http-nio-8080-exec-8] INFO  com.training.mts.aop.LoggingAspect - Method executed successfully: TransactionServiceImpl.getTransactionHistory(..) | Returned: com.training.mts.dto.TransactionHistoryResponse@1fb28a6a
2026-02-15 17:31:50 [http-nio-8080-exec-9] DEBUG org.springframework.security.web.FilterChainProxy - Securing GET /users/getbyvpa?vpaId=ananth90903@mts
2026-02-15 17:31:50 [http-nio-8080-exec-9] DEBUG org.springframework.security.web.FilterChainProxy - Secured GET /users/getbyvpa?vpaId=ananth90903@mts
2026-02-15 17:31:50 [http-nio-8080-exec-9] DEBUG org.springframework.security.web.FilterChainProxy - Securing GET /error?vpaId=ananth90903@mts
2026-02-15 17:31:50 [http-nio-8080-exec-9] DEBUG org.springframework.security.web.authentication.AnonymousAuthenticationFilter - Set SecurityContextHolder to anonymous SecurityContext
2026-02-15 17:31:50 [http-nio-8080-exec-9] DEBUG org.springframework.security.web.authentication.Http403ForbiddenEntryPoint - Pre-authenticated entry point called. Rejecting access
2026-02-15 17:33:14 [http-nio-8080-exec-1] DEBUG org.springframework.security.web.FilterChainProxy - Securing POST /auth/login
2026-02-15 17:33:14 [http-nio-8080-exec-1] DEBUG org.springframework.security.web.authentication.AnonymousAuthenticationFilter - Set SecurityContextHolder to anonymous SecurityContext
2026-02-15 17:33:14 [http-nio-8080-exec-1] DEBUG org.springframework.security.web.FilterChainProxy - Secured POST /auth/login
2026-02-15 17:33:15 [http-nio-8080-exec-1] DEBUG org.springframework.security.authentication.dao.DaoAuthenticationProvider - Authenticated user
2026-02-15 17:33:15 [http-nio-8080-exec-2] DEBUG org.springframework.security.web.FilterChainProxy - Securing GET /users/findByPhone?phoneNumber=9840774662
2026-02-15 17:33:15 [http-nio-8080-exec-2] DEBUG org.springframework.security.web.FilterChainProxy - Secured GET /users/findByPhone?phoneNumber=9840774662
2026-02-15 17:33:15 [http-nio-8080-exec-2] INFO  com.training.mts.aop.LoggingAspect - Entering method: UserServiceImpl.getUserByPhoneNumber(..) with arguments: [9840774662]
2026-02-15 17:33:15 [http-nio-8080-exec-2] INFO  com.training.mts.aop.LoggingAspect - Method executed successfully: UserServiceImpl.getUserByPhoneNumber(..) | Returned: User{id=1, name='Deepak', vpa=null}
2026-02-15 17:33:15 [http-nio-8080-exec-3] DEBUG org.springframework.security.web.FilterChainProxy - Securing GET /admin/getusers
2026-02-15 17:33:15 [http-nio-8080-exec-4] DEBUG org.springframework.security.web.FilterChainProxy - Securing GET /admin/gettranslog
2026-02-15 17:33:15 [http-nio-8080-exec-3] DEBUG org.springframework.security.web.FilterChainProxy - Secured GET /admin/getusers
2026-02-15 17:33:15 [http-nio-8080-exec-3] INFO  com.training.mts.aop.LoggingAspect - Entering method: AdminServiceImpl.findAll() with arguments: []
2026-02-15 17:33:15 [http-nio-8080-exec-4] DEBUG org.springframework.security.web.FilterChainProxy - Secured GET /admin/gettranslog
2026-02-15 17:33:15 [http-nio-8080-exec-4] INFO  com.training.mts.aop.LoggingAspect - Entering method: AdminServiceImpl.getTransactionHistory() with arguments: []
2026-02-15 17:33:15 [http-nio-8080-exec-3] INFO  com.training.mts.aop.LoggingAspect - Method executed successfully: AdminServiceImpl.findAll() | Returned: [User{id=1, name='Deepak', vpa=null}, User{id=2, name='Hari', vpa=com.training.mts.model.VPA@6006b83e}, User{id=3, name='Ananth', vpa=com.training.mts.model.VPA@34df6f97}]
2026-02-15 17:33:15 [http-nio-8080-exec-4] INFO  com.training.mts.aop.LoggingAspect - Method executed successfully: AdminServiceImpl.getTransactionHistory() | Returned: [com.training.mts.model.Transaction@28c055bb, com.training.mts.model.Transaction@b163e16, com.training.mts.model.Transaction@39219fbd, com.training.mts.model.Transaction@251e4c08]
2026-02-15 17:37:04 [http-nio-8080-exec-7] DEBUG org.springframework.security.web.FilterChainProxy - Securing GET /admin/getusers
2026-02-15 17:37:04 [http-nio-8080-exec-8] DEBUG org.springframework.security.web.FilterChainProxy - Securing GET /admin/gettranslog
2026-02-15 17:37:04 [http-nio-8080-exec-8] DEBUG org.springframework.security.web.FilterChainProxy - Secured GET /admin/gettranslog
2026-02-15 17:37:04 [http-nio-8080-exec-8] INFO  com.training.mts.aop.LoggingAspect - Entering method: AdminServiceImpl.getTransactionHistory() with arguments: []
2026-02-15 17:37:04 [http-nio-8080-exec-7] DEBUG org.springframework.security.web.FilterChainProxy - Secured GET /admin/getusers
2026-02-15 17:37:04 [http-nio-8080-exec-7] INFO  com.training.mts.aop.LoggingAspect - Entering method: AdminServiceImpl.findAll() with arguments: []
2026-02-15 17:37:04 [http-nio-8080-exec-8] INFO  com.training.mts.aop.LoggingAspect - Method executed successfully: AdminServiceImpl.getTransactionHistory() | Returned: [com.training.mts.model.Transaction@5b8a047c, com.training.mts.model.Transaction@66245e0e, com.training.mts.model.Transaction@33e9df74, com.training.mts.model.Transaction@4b3abf8b]
2026-02-15 17:37:04 [http-nio-8080-exec-7] INFO  com.training.mts.aop.LoggingAspect - Method executed successfully: AdminServiceImpl.findAll() | Returned: [User{id=1, name='Deepak', vpa=null}, User{id=2, name='Hari', vpa=com.training.mts.model.VPA@38d4083c}, User{id=3, name='Ananth', vpa=com.training.mts.model.VPA@20693938}]
2026-02-15 17:37:37 [http-nio-8080-exec-9] DEBUG org.springframework.security.web.FilterChainProxy - Securing GET /admin/getusers
2026-02-15 17:37:37 [http-nio-8080-exec-10] DEBUG org.springframework.security.web.FilterChainProxy - Securing GET /admin/gettranslog
2026-02-15 17:37:37 [http-nio-8080-exec-9] DEBUG org.springframework.security.web.FilterChainProxy - Secured GET /admin/getusers
2026-02-15 17:37:37 [http-nio-8080-exec-9] INFO  com.training.mts.aop.LoggingAspect - Entering method: AdminServiceImpl.findAll() with arguments: []
2026-02-15 17:37:37 [http-nio-8080-exec-9] INFO  com.training.mts.aop.LoggingAspect - Method executed successfully: AdminServiceImpl.findAll() | Returned: [User{id=1, name='Deepak', vpa=null}, User{id=2, name='Hari', vpa=com.training.mts.model.VPA@a877f53}, User{id=3, name='Ananth', vpa=com.training.mts.model.VPA@482198df}]
2026-02-15 17:37:37 [http-nio-8080-exec-10] DEBUG org.springframework.security.web.FilterChainProxy - Secured GET /admin/gettranslog
2026-02-15 17:37:37 [http-nio-8080-exec-10] INFO  com.training.mts.aop.LoggingAspect - Entering method: AdminServiceImpl.getTransactionHistory() with arguments: []
2026-02-15 17:37:37 [http-nio-8080-exec-10] INFO  com.training.mts.aop.LoggingAspect - Method executed successfully: AdminServiceImpl.getTransactionHistory() | Returned: [com.training.mts.model.Transaction@47e1f862, com.training.mts.model.Transaction@543af1c1, com.training.mts.model.Transaction@723c926b, com.training.mts.model.Transaction@29c5ae39]
2026-02-15 17:38:30 [SpringApplicationShutdownHook] INFO  org.springframework.boot.tomcat.GracefulShutdown - Commencing graceful shutdown. Waiting for active requests to complete
2026-02-15 17:38:30 [tomcat-shutdown] INFO  org.springframework.boot.tomcat.GracefulShutdown - Graceful shutdown complete
2026-02-15 17:38:30 [SpringApplicationShutdownHook] INFO  org.springframework.orm.jpa.LocalContainerEntityManagerFactoryBean - Closing JPA EntityManagerFactory for persistence unit 'default'
2026-02-15 17:38:30 [SpringApplicationShutdownHook] INFO  com.zaxxer.hikari.HikariDataSource - HikariPool-1 - Shutdown initiated...
2026-02-15 17:38:30 [SpringApplicationShutdownHook] INFO  com.zaxxer.hikari.HikariDataSource - HikariPool-1 - Shutdown completed.
2026-02-15 18:27:22 [background-preinit] INFO  org.hibernate.validator.internal.util.Version - HV000001: Hibernate Validator 9.0.1.Final
2026-02-15 18:27:22 [main] INFO  com.training.mts.MtsApplication - Starting MtsApplication using Java 17.0.8 with PID 7036 (C:\Users\labuser\Downloads\Project\backend\mts\target\classes started by labuser in C:\Users\labuser\Downloads\Project\backend\mts)
2026-02-15 18:27:22 [main] INFO  com.training.mts.MtsApplication - No active profile set, falling back to 1 default profile: "default"
2026-02-15 18:27:27 [main] INFO  org.springframework.data.repository.config.RepositoryConfigurationDelegate - Bootstrapping Spring Data JPA repositories in DEFAULT mode.
2026-02-15 18:27:27 [main] INFO  org.springframework.data.repository.config.RepositoryConfigurationDelegate - Finished Spring Data repository scanning in 273 ms. Found 4 JPA repository interfaces.
2026-02-15 18:27:32 [main] INFO  org.springframework.boot.tomcat.TomcatWebServer - Tomcat initialized with port 8080 (http)
2026-02-15 18:27:32 [main] INFO  org.apache.coyote.http11.Http11NioProtocol - Initializing ProtocolHandler ["http-nio-8080"]
2026-02-15 18:27:32 [main] INFO  org.apache.catalina.core.StandardService - Starting service [Tomcat]
2026-02-15 18:27:32 [main] INFO  org.apache.catalina.core.StandardEngine - Starting Servlet engine: [Apache Tomcat/11.0.15]
2026-02-15 18:27:32 [main] INFO  org.springframework.boot.web.context.servlet.WebApplicationContextInitializer - Root WebApplicationContext: initialization completed in 9839 ms
2026-02-15 18:27:33 [main] INFO  org.hibernate.orm.jpa - HHH008540: Processing PersistenceUnitInfo [name: default]
2026-02-15 18:27:34 [main] INFO  org.hibernate.orm.core - HHH000001: Hibernate ORM core version 7.2.1.Final
2026-02-15 18:27:36 [main] INFO  org.springframework.orm.jpa.persistenceunit.SpringPersistenceUnitInfo - No LoadTimeWeaver setup: ignoring JPA class transformer
2026-02-15 18:27:36 [main] INFO  com.zaxxer.hikari.HikariDataSource - HikariPool-1 - Starting...
2026-02-15 18:27:37 [main] INFO  com.zaxxer.hikari.pool.HikariPool - HikariPool-1 - Added connection com.mysql.cj.jdbc.ConnectionImpl@491cc0eb
2026-02-15 18:27:37 [main] INFO  com.zaxxer.hikari.HikariDataSource - HikariPool-1 - Start completed.
2026-02-15 18:27:37 [main] WARN  org.hibernate.orm.deprecation - HHH90000025: MySQLDialect does not need to be specified explicitly using 'hibernate.dialect' (remove the property setting and it will be selected by default)
2026-02-15 18:27:37 [main] INFO  org.hibernate.orm.connections.pooling - HHH10001005: Database info:
	Database JDBC URL [jdbc:mysql://localhost:3306/mts?createDatabaseIfNotExist=true]
	Database driver: MySQL Connector/J
	Database dialect: MySQLDialect
	Database version: 8.1
	Default catalog/schema: mts/undefined
	Autocommit mode: undefined/unknown
	Isolation level: REPEATABLE_READ [default REPEATABLE_READ]
	JDBC fetch size: none
	Pool: DataSourceConnectionProvider
	Minimum pool size: undefined/unknown
	Maximum pool size: undefined/unknown
2026-02-15 18:27:40 [main] INFO  org.hibernate.orm.core - HHH000489: No JTA platform available (set 'hibernate.transaction.jta.platform' to enable JTA platform integration)
2026-02-15 18:27:40 [main] INFO  org.springframework.orm.jpa.LocalContainerEntityManagerFactoryBean - Initialized JPA EntityManagerFactory for persistence unit 'default'
2026-02-15 18:27:41 [main] INFO  org.springframework.data.jpa.repository.query.QueryEnhancerFactories - Hibernate is in classpath; If applicable, HQL parser will be used.
2026-02-15 18:27:42 [main] INFO  org.springframework.security.config.annotation.authentication.configuration.InitializeUserDetailsBeanManagerConfigurer$InitializeUserDetailsManagerConfigurer - Global AuthenticationManager configured with UserDetailsService bean with name customUserDetailsService
2026-02-15 18:27:42 [main] WARN  org.springframework.boot.jpa.autoconfigure.JpaBaseConfiguration$JpaWebConfiguration - spring.jpa.open-in-view is enabled by default. Therefore, database queries may be performed during view rendering. Explicitly configure spring.jpa.open-in-view to disable this warning
2026-02-15 18:27:43 [main] DEBUG org.springframework.security.web.DefaultSecurityFilterChain - Will secure any request with filters: DisableEncodeUrlFilter, WebAsyncManagerIntegrationFilter, SecurityContextHolderFilter, HeaderWriterFilter, CorsFilter, LogoutFilter, JwtAuthenticationFilter, RequestCacheAwareFilter, SecurityContextHolderAwareRequestFilter, AnonymousAuthenticationFilter, SessionManagementFilter, ExceptionTranslationFilter, AuthorizationFilter
2026-02-15 18:27:44 [main] INFO  org.apache.coyote.http11.Http11NioProtocol - Starting ProtocolHandler ["http-nio-8080"]
2026-02-15 18:27:44 [main] INFO  org.springframework.boot.tomcat.TomcatWebServer - Tomcat started on port 8080 (http) with context path '/'
2026-02-15 18:27:44 [main] INFO  com.training.mts.MtsApplication - Started MtsApplication in 24.284 seconds (process running for 26.052)
2026-02-15 18:29:05 [http-nio-8080-exec-1] INFO  org.apache.catalina.core.ContainerBase.[Tomcat].[localhost].[/] - Initializing Spring DispatcherServlet 'dispatcherServlet'
2026-02-15 18:29:05 [http-nio-8080-exec-1] INFO  org.springframework.web.servlet.DispatcherServlet - Initializing Servlet 'dispatcherServlet'
2026-02-15 18:29:05 [http-nio-8080-exec-1] INFO  org.springframework.web.servlet.DispatcherServlet - Completed initialization in 4 ms
2026-02-15 18:29:05 [http-nio-8080-exec-1] DEBUG org.springframework.security.web.FilterChainProxy - Securing OPTIONS /auth/login
2026-02-15 18:29:05 [http-nio-8080-exec-1] WARN  org.springframework.web.servlet.handler.HandlerMappingIntrospector - Cache miss for REQUEST dispatch to '/auth/login' (previous null). Performing CorsConfiguration lookup. This is logged once only at WARN level, and every time at TRACE.
2026-02-15 18:29:05 [http-nio-8080-exec-2] DEBUG org.springframework.security.web.FilterChainProxy - Securing POST /auth/login
2026-02-15 18:29:05 [http-nio-8080-exec-2] DEBUG org.springframework.security.web.authentication.AnonymousAuthenticationFilter - Set SecurityContextHolder to anonymous SecurityContext
2026-02-15 18:29:05 [http-nio-8080-exec-2] DEBUG org.springframework.security.web.FilterChainProxy - Secured POST /auth/login
2026-02-15 18:29:07 [http-nio-8080-exec-2] DEBUG org.springframework.security.authentication.dao.DaoAuthenticationProvider - Authenticated user
2026-02-15 18:29:07 [http-nio-8080-exec-3] DEBUG org.springframework.security.web.FilterChainProxy - Securing OPTIONS /users/findByPhone?phoneNumber=9898989898
2026-02-15 18:29:07 [http-nio-8080-exec-4] DEBUG org.springframework.security.web.FilterChainProxy - Securing GET /users/findByPhone?phoneNumber=9898989898
2026-02-15 18:29:07 [http-nio-8080-exec-4] DEBUG org.springframework.security.web.FilterChainProxy - Secured GET /users/findByPhone?phoneNumber=9898989898
2026-02-15 18:29:07 [http-nio-8080-exec-4] INFO  com.training.mts.aop.LoggingAspect - Entering method: UserServiceImpl.getUserByPhoneNumber(..) with arguments: [9898989898]
2026-02-15 18:29:07 [http-nio-8080-exec-4] INFO  com.training.mts.aop.LoggingAspect - Method executed successfully: UserServiceImpl.getUserByPhoneNumber(..) | Returned: User{id=2, name='Hari', vpa=com.training.mts.model.VPA@1c041174}
2026-02-15 18:29:07 [http-nio-8080-exec-5] DEBUG org.springframework.security.web.FilterChainProxy - Securing OPTIONS /transactions/gettranslog?vpaId=hari98982@mts
2026-02-15 18:29:07 [http-nio-8080-exec-6] DEBUG org.springframework.security.web.FilterChainProxy - Securing GET /transactions/gettranslog?vpaId=hari98982@mts
2026-02-15 18:29:07 [http-nio-8080-exec-6] DEBUG org.springframework.security.web.FilterChainProxy - Secured GET /transactions/gettranslog?vpaId=hari98982@mts
2026-02-15 18:29:07 [http-nio-8080-exec-6] INFO  com.training.mts.aop.LoggingAspect - Entering method: TransactionServiceImpl.getTransactionHistory(..) with arguments: [hari98982@mts]
2026-02-15 18:29:08 [http-nio-8080-exec-6] INFO  com.training.mts.aop.LoggingAspect - Method executed successfully: TransactionServiceImpl.getTransactionHistory(..) | Returned: com.training.mts.dto.TransactionHistoryResponse@5e2e6989
2026-02-15 18:29:08 [http-nio-8080-exec-7] DEBUG org.springframework.security.web.FilterChainProxy - Securing OPTIONS /users/getbyvpa?vpaId=ananth90903@mts
2026-02-15 18:29:08 [http-nio-8080-exec-8] DEBUG org.springframework.security.web.FilterChainProxy - Securing GET /users/getbyvpa?vpaId=ananth90903@mts
2026-02-15 18:29:08 [http-nio-8080-exec-8] DEBUG org.springframework.security.web.FilterChainProxy - Secured GET /users/getbyvpa?vpaId=ananth90903@mts
2026-02-15 18:29:08 [http-nio-8080-exec-8] DEBUG org.springframework.security.web.FilterChainProxy - Securing GET /error?vpaId=ananth90903@mts
2026-02-15 18:29:08 [http-nio-8080-exec-8] DEBUG org.springframework.security.web.authentication.AnonymousAuthenticationFilter - Set SecurityContextHolder to anonymous SecurityContext
2026-02-15 18:29:08 [http-nio-8080-exec-8] DEBUG org.springframework.security.web.authentication.Http403ForbiddenEntryPoint - Pre-authenticated entry point called. Rejecting access
2026-02-15 18:31:28 [http-nio-8080-exec-10] DEBUG org.springframework.security.web.FilterChainProxy - Securing OPTIONS /users/getbalance?vpaId=hari98982@mts&password=asdfgh
2026-02-15 18:31:28 [http-nio-8080-exec-1] DEBUG org.springframework.security.web.FilterChainProxy - Securing GET /users/getbalance?vpaId=hari98982@mts&password=asdfgh
2026-02-15 18:31:28 [http-nio-8080-exec-1] DEBUG org.springframework.security.web.FilterChainProxy - Secured GET /users/getbalance?vpaId=hari98982@mts&password=asdfgh
2026-02-15 18:31:28 [http-nio-8080-exec-1] INFO  com.training.mts.aop.LoggingAspect - Entering method: UserServiceImpl.getBankBalance(..) with arguments: [hari98982@mts, asdfgh]
2026-02-15 18:31:28 [http-nio-8080-exec-1] INFO  com.training.mts.aop.LoggingAspect - Method executed successfully: UserServiceImpl.getBankBalance(..) | Returned: 49800.0
2026-02-15 18:31:31 [http-nio-8080-exec-2] DEBUG org.springframework.security.web.FilterChainProxy - Securing GET /transactions/gettranslog?vpaId=hari98982@mts
2026-02-15 18:31:31 [http-nio-8080-exec-2] DEBUG org.springframework.security.web.FilterChainProxy - Secured GET /transactions/gettranslog?vpaId=hari98982@mts
2026-02-15 18:31:31 [http-nio-8080-exec-2] INFO  com.training.mts.aop.LoggingAspect - Entering method: TransactionServiceImpl.getTransactionHistory(..) with arguments: [hari98982@mts]
2026-02-15 18:31:31 [http-nio-8080-exec-2] INFO  com.training.mts.aop.LoggingAspect - Method executed successfully: TransactionServiceImpl.getTransactionHistory(..) | Returned: com.training.mts.dto.TransactionHistoryResponse@2298f824
2026-02-15 18:31:31 [http-nio-8080-exec-3] DEBUG org.springframework.security.web.FilterChainProxy - Securing GET /users/getbyvpa?vpaId=ananth90903@mts
2026-02-15 18:31:32 [http-nio-8080-exec-3] DEBUG org.springframework.security.web.FilterChainProxy - Secured GET /users/getbyvpa?vpaId=ananth90903@mts
2026-02-15 18:31:32 [http-nio-8080-exec-3] DEBUG org.springframework.security.web.FilterChainProxy - Securing GET /error?vpaId=ananth90903@mts
2026-02-15 18:31:32 [http-nio-8080-exec-3] DEBUG org.springframework.security.web.authentication.AnonymousAuthenticationFilter - Set SecurityContextHolder to anonymous SecurityContext
2026-02-15 18:31:32 [http-nio-8080-exec-3] DEBUG org.springframework.security.web.authentication.Http403ForbiddenEntryPoint - Pre-authenticated entry point called. Rejecting access
2026-02-15 18:38:22 [http-nio-8080-exec-5] DEBUG org.springframework.security.web.FilterChainProxy - Securing GET /transactions/gettranslog?vpaId=hari98982@mts
2026-02-15 18:38:22 [http-nio-8080-exec-5] DEBUG org.springframework.security.web.FilterChainProxy - Secured GET /transactions/gettranslog?vpaId=hari98982@mts
2026-02-15 18:38:22 [http-nio-8080-exec-5] INFO  com.training.mts.aop.LoggingAspect - Entering method: TransactionServiceImpl.getTransactionHistory(..) with arguments: [hari98982@mts]
2026-02-15 18:38:22 [http-nio-8080-exec-5] INFO  com.training.mts.aop.LoggingAspect - Method executed successfully: TransactionServiceImpl.getTransactionHistory(..) | Returned: com.training.mts.dto.TransactionHistoryResponse@14656ca2
2026-02-15 18:38:22 [http-nio-8080-exec-6] DEBUG org.springframework.security.web.FilterChainProxy - Securing GET /users/getbyvpa?vpaId=ananth90903@mts
2026-02-15 18:38:22 [http-nio-8080-exec-6] DEBUG org.springframework.security.web.FilterChainProxy - Secured GET /users/getbyvpa?vpaId=ananth90903@mts
2026-02-15 18:38:22 [http-nio-8080-exec-6] DEBUG org.springframework.security.web.FilterChainProxy - Securing GET /error?vpaId=ananth90903@mts
2026-02-15 18:38:22 [http-nio-8080-exec-6] DEBUG org.springframework.security.web.authentication.AnonymousAuthenticationFilter - Set SecurityContextHolder to anonymous SecurityContext
2026-02-15 18:38:22 [http-nio-8080-exec-6] DEBUG org.springframework.security.web.authentication.Http403ForbiddenEntryPoint - Pre-authenticated entry point called. Rejecting access
2026-02-15 18:38:30 [http-nio-8080-exec-7] DEBUG org.springframework.security.web.FilterChainProxy - Securing GET /transactions/gettranslog?vpaId=hari98982@mts
2026-02-15 18:38:30 [http-nio-8080-exec-7] DEBUG org.springframework.security.web.FilterChainProxy - Secured GET /transactions/gettranslog?vpaId=hari98982@mts
2026-02-15 18:38:30 [http-nio-8080-exec-7] INFO  com.training.mts.aop.LoggingAspect - Entering method: TransactionServiceImpl.getTransactionHistory(..) with arguments: [hari98982@mts]
2026-02-15 18:38:30 [http-nio-8080-exec-7] INFO  com.training.mts.aop.LoggingAspect - Method executed successfully: TransactionServiceImpl.getTransactionHistory(..) | Returned: com.training.mts.dto.TransactionHistoryResponse@3a987803
2026-02-15 18:38:30 [http-nio-8080-exec-8] DEBUG org.springframework.security.web.FilterChainProxy - Securing GET /users/getbyvpa?vpaId=ananth90903@mts
2026-02-15 18:38:30 [http-nio-8080-exec-8] DEBUG org.springframework.security.web.FilterChainProxy - Secured GET /users/getbyvpa?vpaId=ananth90903@mts
2026-02-15 18:38:30 [http-nio-8080-exec-8] DEBUG org.springframework.security.web.FilterChainProxy - Securing GET /error?vpaId=ananth90903@mts
2026-02-15 18:38:30 [http-nio-8080-exec-8] DEBUG org.springframework.security.web.authentication.AnonymousAuthenticationFilter - Set SecurityContextHolder to anonymous SecurityContext
2026-02-15 18:38:30 [http-nio-8080-exec-8] DEBUG org.springframework.security.web.authentication.Http403ForbiddenEntryPoint - Pre-authenticated entry point called. Rejecting access
2026-02-15 18:38:43 [http-nio-8080-exec-9] DEBUG org.springframework.security.web.FilterChainProxy - Securing GET /transactions/gettranslog?vpaId=hari98982@mts
2026-02-15 18:38:43 [http-nio-8080-exec-9] DEBUG org.springframework.security.web.FilterChainProxy - Secured GET /transactions/gettranslog?vpaId=hari98982@mts
2026-02-15 18:38:43 [http-nio-8080-exec-9] INFO  com.training.mts.aop.LoggingAspect - Entering method: TransactionServiceImpl.getTransactionHistory(..) with arguments: [hari98982@mts]
2026-02-15 18:38:43 [http-nio-8080-exec-9] INFO  com.training.mts.aop.LoggingAspect - Method executed successfully: TransactionServiceImpl.getTransactionHistory(..) | Returned: com.training.mts.dto.TransactionHistoryResponse@574fc76e
2026-02-15 18:38:43 [http-nio-8080-exec-10] DEBUG org.springframework.security.web.FilterChainProxy - Securing GET /users/getbyvpa?vpaId=ananth90903@mts
2026-02-15 18:38:43 [http-nio-8080-exec-10] DEBUG org.springframework.security.web.FilterChainProxy - Secured GET /users/getbyvpa?vpaId=ananth90903@mts
2026-02-15 18:38:43 [http-nio-8080-exec-10] DEBUG org.springframework.security.web.FilterChainProxy - Securing GET /error?vpaId=ananth90903@mts
2026-02-15 18:38:43 [http-nio-8080-exec-10] DEBUG org.springframework.security.web.authentication.AnonymousAuthenticationFilter - Set SecurityContextHolder to anonymous SecurityContext
2026-02-15 18:38:43 [http-nio-8080-exec-10] DEBUG org.springframework.security.web.authentication.Http403ForbiddenEntryPoint - Pre-authenticated entry point called. Rejecting access
2026-02-15 18:38:43 [http-nio-8080-exec-1] DEBUG org.springframework.security.web.FilterChainProxy - Securing GET /users/getbyvpa?vpaId=ananth90903@mts
2026-02-15 18:38:43 [http-nio-8080-exec-1] DEBUG org.springframework.security.web.FilterChainProxy - Secured GET /users/getbyvpa?vpaId=ananth90903@mts
2026-02-15 18:38:43 [http-nio-8080-exec-1] DEBUG org.springframework.security.web.FilterChainProxy - Securing GET /error?vpaId=ananth90903@mts
2026-02-15 18:38:43 [http-nio-8080-exec-1] DEBUG org.springframework.security.web.authentication.AnonymousAuthenticationFilter - Set SecurityContextHolder to anonymous SecurityContext
2026-02-15 18:38:43 [http-nio-8080-exec-1] DEBUG org.springframework.security.web.authentication.Http403ForbiddenEntryPoint - Pre-authenticated entry point called. Rejecting access
2026-02-15 18:38:43 [http-nio-8080-exec-2] DEBUG org.springframework.security.web.FilterChainProxy - Securing GET /users/getbyvpa?vpaId=ananth90903@mts
2026-02-15 18:38:43 [http-nio-8080-exec-2] DEBUG org.springframework.security.web.FilterChainProxy - Secured GET /users/getbyvpa?vpaId=ananth90903@mts
2026-02-15 18:38:43 [http-nio-8080-exec-2] DEBUG org.springframework.security.web.FilterChainProxy - Securing GET /error?vpaId=ananth90903@mts
2026-02-15 18:38:43 [http-nio-8080-exec-2] DEBUG org.springframework.security.web.authentication.AnonymousAuthenticationFilter - Set SecurityContextHolder to anonymous SecurityContext
2026-02-15 18:38:43 [http-nio-8080-exec-2] DEBUG org.springframework.security.web.authentication.Http403ForbiddenEntryPoint - Pre-authenticated entry point called. Rejecting access
2026-02-15 18:38:43 [http-nio-8080-exec-3] DEBUG org.springframework.security.web.FilterChainProxy - Securing GET /users/getbyvpa?vpaId=ananth90903@mts
2026-02-15 18:38:43 [http-nio-8080-exec-3] DEBUG org.springframework.security.web.FilterChainProxy - Secured GET /users/getbyvpa?vpaId=ananth90903@mts
2026-02-15 18:38:43 [http-nio-8080-exec-3] DEBUG org.springframework.security.web.FilterChainProxy - Securing GET /error?vpaId=ananth90903@mts
2026-02-15 18:38:43 [http-nio-8080-exec-3] DEBUG org.springframework.security.web.authentication.AnonymousAuthenticationFilter - Set SecurityContextHolder to anonymous SecurityContext
2026-02-15 18:38:43 [http-nio-8080-exec-3] DEBUG org.springframework.security.web.authentication.Http403ForbiddenEntryPoint - Pre-authenticated entry point called. Rejecting access
2026-02-15 18:47:45 [http-nio-8080-exec-5] DEBUG org.springframework.security.web.FilterChainProxy - Securing GET /transactions/gettranslog?vpaId=hari98982@mts
2026-02-15 18:47:45 [http-nio-8080-exec-5] DEBUG org.springframework.security.web.FilterChainProxy - Secured GET /transactions/gettranslog?vpaId=hari98982@mts
2026-02-15 18:47:45 [http-nio-8080-exec-5] INFO  com.training.mts.aop.LoggingAspect - Entering method: TransactionServiceImpl.getTransactionHistory(..) with arguments: [hari98982@mts]
2026-02-15 18:47:45 [http-nio-8080-exec-5] INFO  com.training.mts.aop.LoggingAspect - Method executed successfully: TransactionServiceImpl.getTransactionHistory(..) | Returned: com.training.mts.dto.TransactionHistoryResponse@408189c9
2026-02-15 18:47:45 [http-nio-8080-exec-6] DEBUG org.springframework.security.web.FilterChainProxy - Securing GET /users/getbyvpa?vpaId=ananth90903@mts
2026-02-15 18:47:45 [http-nio-8080-exec-6] DEBUG org.springframework.security.web.FilterChainProxy - Secured GET /users/getbyvpa?vpaId=ananth90903@mts
2026-02-15 18:47:45 [http-nio-8080-exec-6] DEBUG org.springframework.security.web.FilterChainProxy - Securing GET /error?vpaId=ananth90903@mts
2026-02-15 18:47:45 [http-nio-8080-exec-6] DEBUG org.springframework.security.web.authentication.AnonymousAuthenticationFilter - Set SecurityContextHolder to anonymous SecurityContext
2026-02-15 18:47:45 [http-nio-8080-exec-6] DEBUG org.springframework.security.web.authentication.Http403ForbiddenEntryPoint - Pre-authenticated entry point called. Rejecting access
2026-02-15 18:47:55 [http-nio-8080-exec-7] DEBUG org.springframework.security.web.FilterChainProxy - Securing OPTIONS /users/getbalance?vpaId=hari98982@mts&password=qwerty
2026-02-15 18:47:55 [http-nio-8080-exec-8] DEBUG org.springframework.security.web.FilterChainProxy - Securing GET /users/getbalance?vpaId=hari98982@mts&password=qwerty
2026-02-15 18:47:55 [http-nio-8080-exec-8] DEBUG org.springframework.security.web.FilterChainProxy - Secured GET /users/getbalance?vpaId=hari98982@mts&password=qwerty
2026-02-15 18:47:55 [http-nio-8080-exec-8] INFO  com.training.mts.aop.LoggingAspect - Entering method: UserServiceImpl.getBankBalance(..) with arguments: [hari98982@mts, qwerty]
2026-02-15 18:47:55 [http-nio-8080-exec-8] ERROR com.training.mts.aop.LoggingAspect - Exception in method: UserServiceImpl.getBankBalance(..) | Message: Password Incorrect!! | Arguments: [hari98982@mts, qwerty]
com.training.mts.exceptions.IncorrectPasswordException: Password Incorrect!!
	at com.training.mts.service.UserServiceImpl.getBankBalance(UserServiceImpl.java:91)
	at java.base/jdk.internal.reflect.NativeMethodAccessorImpl.invoke0(Native Method)
	at java.base/jdk.internal.reflect.NativeMethodAccessorImpl.invoke(NativeMethodAccessorImpl.java:77)
	at java.base/jdk.internal.reflect.DelegatingMethodAccessorImpl.invoke(DelegatingMethodAccessorImpl.java:43)
	at java.base/java.lang.reflect.Method.invoke(Method.java:568)
	at org.springframework.aop.support.AopUtils.invokeJoinpointUsingReflection(AopUtils.java:359)
	at org.springframework.aop.framework.ReflectiveMethodInvocation.invokeJoinpoint(ReflectiveMethodInvocation.java:190)
	at org.springframework.aop.framework.ReflectiveMethodInvocation.proceed(ReflectiveMethodInvocation.java:158)
	at org.springframework.aop.aspectj.AspectJAfterThrowingAdvice.invoke(AspectJAfterThrowingAdvice.java:63)
	at org.springframework.aop.framework.ReflectiveMethodInvocation.proceed(ReflectiveMethodInvocation.java:179)
	at org.springframework.aop.framework.adapter.AfterReturningAdviceInterceptor.invoke(AfterReturningAdviceInterceptor.java:56)
	at org.springframework.aop.framework.ReflectiveMethodInvocation.proceed(ReflectiveMethodInvocation.java:179)
	at org.springframework.aop.framework.adapter.MethodBeforeAdviceInterceptor.invoke(MethodBeforeAdviceInterceptor.java:57)
	at org.springframework.aop.framework.ReflectiveMethodInvocation.proceed(ReflectiveMethodInvocation.java:179)
	at org.springframework.aop.interceptor.ExposeInvocationInterceptor.invoke(ExposeInvocationInterceptor.java:96)
	at org.springframework.aop.framework.ReflectiveMethodInvocation.proceed(ReflectiveMethodInvocation.java:179)
	at org.springframework.aop.framework.CglibAopProxy$DynamicAdvisedInterceptor.intercept(CglibAopProxy.java:719)
	at com.training.mts.service.UserServiceImpl$$SpringCGLIB$$0.getBankBalance(<generated>)
	at com.training.mts.controller.UserController.getBalance(UserController.java:28)
	at java.base/jdk.internal.reflect.NativeMethodAccessorImpl.invoke0(Native Method)
	at java.base/jdk.internal.reflect.NativeMethodAccessorImpl.invoke(NativeMethodAccessorImpl.java:77)
	at java.base/jdk.internal.reflect.DelegatingMethodAccessorImpl.invoke(DelegatingMethodAccessorImpl.java:43)
	at java.base/java.lang.reflect.Method.invoke(Method.java:568)
	at org.springframework.web.method.support.InvocableHandlerMethod.doInvoke(InvocableHandlerMethod.java:258)
	at org.springframework.web.method.support.InvocableHandlerMethod.invokeForRequest(InvocableHandlerMethod.java:190)
	at org.springframework.web.servlet.mvc.method.annotation.ServletInvocableHandlerMethod.invokeAndHandle(ServletInvocableHandlerMethod.java:117)
	at org.springframework.web.servlet.mvc.method.annotation.RequestMappingHandlerAdapter.invokeHandlerMethod(RequestMappingHandlerAdapter.java:934)
	at org.springframework.web.servlet.mvc.method.annotation.RequestMappingHandlerAdapter.handleInternal(RequestMappingHandlerAdapter.java:853)
	at org.springframework.web.servlet.mvc.method.AbstractHandlerMethodAdapter.handle(AbstractHandlerMethodAdapter.java:86)
	at org.springframework.web.servlet.DispatcherServlet.doDispatch(DispatcherServlet.java:963)
	at org.springframework.web.servlet.DispatcherServlet.doService(DispatcherServlet.java:866)
	at org.springframework.web.servlet.FrameworkServlet.processRequest(FrameworkServlet.java:1003)
	at org.springframework.web.servlet.FrameworkServlet.doGet(FrameworkServlet.java:892)
	at jakarta.servlet.http.HttpServlet.service(HttpServlet.java:622)
	at org.springframework.web.servlet.FrameworkServlet.service(FrameworkServlet.java:874)
	at jakarta.servlet.http.HttpServlet.service(HttpServlet.java:710)
	at org.apache.catalina.core.ApplicationFilterChain.doFilter(ApplicationFilterChain.java:128)
	at org.apache.tomcat.websocket.server.WsFilter.doFilter(WsFilter.java:53)
	at org.apache.catalina.core.ApplicationFilterChain.doFilter(ApplicationFilterChain.java:107)
	at org.springframework.web.filter.OncePerRequestFilter.doFilter(OncePerRequestFilter.java:110)
	at org.apache.catalina.core.ApplicationFilterChain.doFilter(ApplicationFilterChain.java:107)
	at org.springframework.web.filter.CompositeFilter$VirtualFilterChain.doFilter(CompositeFilter.java:108)
	at org.springframework.security.web.FilterChainProxy.lambda$doFilterInternal$3(FilterChainProxy.java:235)
	at org.springframework.security.web.FilterChainProxy$VirtualFilterChain.doFilter(FilterChainProxy.java:371)
	at org.springframework.security.web.access.intercept.AuthorizationFilter.doFilter(AuthorizationFilter.java:101)
	at org.springframework.security.web.FilterChainProxy$VirtualFilterChain.doFilter(FilterChainProxy.java:380)
	at org.springframework.security.web.access.ExceptionTranslationFilter.doFilter(ExceptionTranslationFilter.java:126)
	at org.springframework.security.web.access.ExceptionTranslationFilter.doFilter(ExceptionTranslationFilter.java:120)
	at org.springframework.security.web.FilterChainProxy$VirtualFilterChain.doFilter(FilterChainProxy.java:380)
	at org.springframework.security.web.session.SessionManagementFilter.doFilter(SessionManagementFilter.java:132)
	at org.springframework.security.web.session.SessionManagementFilter.doFilter(SessionManagementFilter.java:86)
	at org.springframework.security.web.FilterChainProxy$VirtualFilterChain.doFilter(FilterChainProxy.java:380)
	at org.springframework.security.web.authentication.AnonymousAuthenticationFilter.doFilter(AnonymousAuthenticationFilter.java:100)
	at org.springframework.security.web.FilterChainProxy$VirtualFilterChain.doFilter(FilterChainProxy.java:380)
	at org.springframework.security.web.servletapi.SecurityContextHolderAwareRequestFilter.doFilter(SecurityContextHolderAwareRequestFilter.java:181)
	at org.springframework.security.web.FilterChainProxy$VirtualFilterChain.doFilter(FilterChainProxy.java:380)
	at org.springframework.security.web.savedrequest.RequestCacheAwareFilter.doFilter(RequestCacheAwareFilter.java:63)
	at org.springframework.security.web.FilterChainProxy$VirtualFilterChain.doFilter(FilterChainProxy.java:380)
	at com.training.mts.security.JwtAuthenticationFilter.doFilterInternal(JwtAuthenticationFilter.java:48)
	at org.springframework.web.filter.OncePerRequestFilter.doFilter(OncePerRequestFilter.java:116)
	at org.springframework.security.web.FilterChainProxy$VirtualFilterChain.doFilter(FilterChainProxy.java:380)
	at org.springframework.security.web.authentication.logout.LogoutFilter.doFilter(LogoutFilter.java:110)
	at org.springframework.security.web.authentication.logout.LogoutFilter.doFilter(LogoutFilter.java:96)
	at org.springframework.security.web.FilterChainProxy$VirtualFilterChain.doFilter(FilterChainProxy.java:380)
	at org.springframework.web.filter.CorsFilter.doFilterInternal(CorsFilter.java:91)
	at org.springframework.web.filter.OncePerRequestFilter.doFilter(OncePerRequestFilter.java:116)
	at org.springframework.security.web.FilterChainProxy$VirtualFilterChain.doFilter(FilterChainProxy.java:380)
	at org.springframework.security.web.header.HeaderWriterFilter.doHeadersAfter(HeaderWriterFilter.java:90)
	at org.springframework.security.web.header.HeaderWriterFilter.doFilterInternal(HeaderWriterFilter.java:75)
	at org.springframework.web.filter.OncePerRequestFilter.doFilter(OncePerRequestFilter.java:116)
	at org.springframework.security.web.FilterChainProxy$VirtualFilterChain.doFilter(FilterChainProxy.java:380)
	at org.springframework.security.web.context.SecurityContextHolderFilter.doFilter(SecurityContextHolderFilter.java:82)
	at org.springframework.security.web.context.SecurityContextHolderFilter.doFilter(SecurityContextHolderFilter.java:69)
	at org.springframework.security.web.FilterChainProxy$VirtualFilterChain.doFilter(FilterChainProxy.java:380)
	at org.springframework.security.web.context.request.async.WebAsyncManagerIntegrationFilter.doFilterInternal(WebAsyncManagerIntegrationFilter.java:62)
	at org.springframework.web.filter.OncePerRequestFilter.doFilter(OncePerRequestFilter.java:116)
	at org.springframework.security.web.FilterChainProxy$VirtualFilterChain.doFilter(FilterChainProxy.java:380)
	at org.springframework.security.web.session.DisableEncodeUrlFilter.doFilterInternal(DisableEncodeUrlFilter.java:42)
	at org.springframework.web.filter.OncePerRequestFilter.doFilter(OncePerRequestFilter.java:116)
	at org.springframework.security.web.FilterChainProxy$VirtualFilterChain.doFilter(FilterChainProxy.java:380)
	at org.springframework.security.web.FilterChainProxy.doFilterInternal(FilterChainProxy.java:237)
	at org.springframework.security.web.FilterChainProxy.doFilter(FilterChainProxy.java:195)
	at org.springframework.web.filter.CompositeFilter$VirtualFilterChain.doFilter(CompositeFilter.java:113)
	at org.springframework.web.filter.ServletRequestPathFilter.doFilter(ServletRequestPathFilter.java:52)
	at org.springframework.web.filter.CompositeFilter$VirtualFilterChain.doFilter(CompositeFilter.java:113)
	at org.springframework.web.filter.CompositeFilter.doFilter(CompositeFilter.java:74)
	at org.springframework.security.config.annotation.web.configuration.WebSecurityConfiguration$CompositeFilterChainProxy.doFilter(WebSecurityConfiguration.java:317)
	at org.springframework.web.filter.DelegatingFilterProxy.invokeDelegate(DelegatingFilterProxy.java:355)
	at org.springframework.web.filter.DelegatingFilterProxy.doFilter(DelegatingFilterProxy.java:272)
	at org.apache.catalina.core.ApplicationFilterChain.doFilter(ApplicationFilterChain.java:107)
	at org.springframework.web.filter.RequestContextFilter.doFilterInternal(RequestContextFilter.java:100)
	at org.springframework.web.filter.OncePerRequestFilter.doFilter(OncePerRequestFilter.java:116)
	at org.apache.catalina.core.ApplicationFilterChain.doFilter(ApplicationFilterChain.java:107)
	at org.springframework.web.filter.FormContentFilter.doFilterInternal(FormContentFilter.java:93)
	at org.springframework.web.filter.OncePerRequestFilter.doFilter(OncePerRequestFilter.java:116)
	at org.apache.catalina.core.ApplicationFilterChain.doFilter(ApplicationFilterChain.java:107)
	at org.springframework.web.filter.CharacterEncodingFilter.doFilterInternal(CharacterEncodingFilter.java:199)
	at org.springframework.web.filter.OncePerRequestFilter.doFilter(OncePerRequestFilter.java:116)
	at org.apache.catalina.core.ApplicationFilterChain.doFilter(ApplicationFilterChain.java:107)
	at org.apache.catalina.core.StandardWrapperValve.invoke(StandardWrapperValve.java:165)
	at org.apache.catalina.core.StandardContextValve.invoke(StandardContextValve.java:77)
	at org.apache.catalina.authenticator.AuthenticatorBase.invoke(AuthenticatorBase.java:482)
	at org.apache.catalina.core.StandardHostValve.invoke(StandardHostValve.java:113)
	at org.apache.catalina.valves.ErrorReportValve.invoke(ErrorReportValve.java:83)
	at org.apache.catalina.core.StandardEngineValve.invoke(StandardEngineValve.java:72)
	at org.apache.catalina.connector.CoyoteAdapter.service(CoyoteAdapter.java:341)
	at org.apache.coyote.http11.Http11Processor.service(Http11Processor.java:397)
	at org.apache.coyote.AbstractProcessorLight.process(AbstractProcessorLight.java:63)
	at org.apache.coyote.AbstractProtocol$ConnectionHandler.process(AbstractProtocol.java:903)
	at org.apache.tomcat.util.net.NioEndpoint$SocketProcessor.doRun(NioEndpoint.java:1778)
	at org.apache.tomcat.util.net.SocketProcessorBase.run(SocketProcessorBase.java:52)
	at org.apache.tomcat.util.threads.ThreadPoolExecutor.runWorker(ThreadPoolExecutor.java:946)
	at org.apache.tomcat.util.threads.ThreadPoolExecutor$Worker.run(ThreadPoolExecutor.java:480)
	at org.apache.tomcat.util.threads.TaskThread$WrappingRunnable.run(TaskThread.java:57)
	at java.base/java.lang.Thread.run(Thread.java:833)
2026-02-15 19:00:09 [http-nio-8080-exec-10] DEBUG org.springframework.security.web.FilterChainProxy - Securing OPTIONS /transactions/gettranslog?vpaId=hari98982@mts
2026-02-15 19:00:09 [http-nio-8080-exec-1] DEBUG org.springframework.security.web.FilterChainProxy - Securing GET /transactions/gettranslog?vpaId=hari98982@mts
2026-02-15 19:00:09 [http-nio-8080-exec-1] DEBUG org.springframework.security.web.FilterChainProxy - Secured GET /transactions/gettranslog?vpaId=hari98982@mts
2026-02-15 19:00:09 [http-nio-8080-exec-1] INFO  com.training.mts.aop.LoggingAspect - Entering method: TransactionServiceImpl.getTransactionHistory(..) with arguments: [hari98982@mts]
2026-02-15 19:00:09 [http-nio-8080-exec-1] INFO  com.training.mts.aop.LoggingAspect - Method executed successfully: TransactionServiceImpl.getTransactionHistory(..) | Returned: com.training.mts.dto.TransactionHistoryResponse@7b1a846d
2026-02-15 19:00:09 [http-nio-8080-exec-2] DEBUG org.springframework.security.web.FilterChainProxy - Securing OPTIONS /users/getbyvpa?vpaId=ananth90903@mts
2026-02-15 19:00:09 [http-nio-8080-exec-3] DEBUG org.springframework.security.web.FilterChainProxy - Securing GET /users/getbyvpa?vpaId=ananth90903@mts
2026-02-15 19:00:09 [http-nio-8080-exec-3] DEBUG org.springframework.security.web.FilterChainProxy - Secured GET /users/getbyvpa?vpaId=ananth90903@mts
2026-02-15 19:00:09 [http-nio-8080-exec-3] DEBUG org.springframework.security.web.FilterChainProxy - Securing GET /error?vpaId=ananth90903@mts
2026-02-15 19:00:09 [http-nio-8080-exec-3] DEBUG org.springframework.security.web.authentication.AnonymousAuthenticationFilter - Set SecurityContextHolder to anonymous SecurityContext
2026-02-15 19:00:09 [http-nio-8080-exec-3] DEBUG org.springframework.security.web.authentication.Http403ForbiddenEntryPoint - Pre-authenticated entry point called. Rejecting access
2026-02-15 19:05:02 [http-nio-8080-exec-5] DEBUG org.springframework.security.web.FilterChainProxy - Securing OPTIONS /auth/login
2026-02-15 19:05:02 [http-nio-8080-exec-5] DEBUG org.springframework.security.web.FilterChainProxy - Securing POST /auth/login
2026-02-15 19:05:02 [http-nio-8080-exec-5] DEBUG org.springframework.security.web.authentication.AnonymousAuthenticationFilter - Set SecurityContextHolder to anonymous SecurityContext
2026-02-15 19:05:02 [http-nio-8080-exec-5] DEBUG org.springframework.security.web.FilterChainProxy - Secured POST /auth/login
2026-02-15 19:05:02 [http-nio-8080-exec-5] DEBUG org.springframework.security.authentication.dao.DaoAuthenticationProvider - Authenticated user
2026-02-15 19:05:02 [http-nio-8080-exec-6] DEBUG org.springframework.security.web.FilterChainProxy - Securing OPTIONS /users/findByPhone?phoneNumber=9840774662
2026-02-15 19:05:02 [http-nio-8080-exec-7] DEBUG org.springframework.security.web.FilterChainProxy - Securing GET /users/findByPhone?phoneNumber=9840774662
2026-02-15 19:05:02 [http-nio-8080-exec-7] DEBUG org.springframework.security.web.FilterChainProxy - Secured GET /users/findByPhone?phoneNumber=9840774662
2026-02-15 19:05:02 [http-nio-8080-exec-7] INFO  com.training.mts.aop.LoggingAspect - Entering method: UserServiceImpl.getUserByPhoneNumber(..) with arguments: [9840774662]
2026-02-15 19:05:02 [http-nio-8080-exec-7] INFO  com.training.mts.aop.LoggingAspect - Method executed successfully: UserServiceImpl.getUserByPhoneNumber(..) | Returned: User{id=1, name='Deepak', vpa=null}
2026-02-15 19:05:07 [http-nio-8080-exec-8] DEBUG org.springframework.security.web.FilterChainProxy - Securing OPTIONS /admin/getusers
2026-02-15 19:05:07 [http-nio-8080-exec-8] DEBUG org.springframework.security.web.FilterChainProxy - Securing OPTIONS /admin/gettranslog
2026-02-15 19:05:07 [http-nio-8080-exec-10] DEBUG org.springframework.security.web.FilterChainProxy - Securing GET /admin/getusers
2026-02-15 19:05:07 [http-nio-8080-exec-1] DEBUG org.springframework.security.web.FilterChainProxy - Securing GET /admin/gettranslog
2026-02-15 19:05:07 [http-nio-8080-exec-10] DEBUG org.springframework.security.web.FilterChainProxy - Secured GET /admin/getusers
2026-02-15 19:05:07 [http-nio-8080-exec-10] INFO  com.training.mts.aop.LoggingAspect - Entering method: AdminServiceImpl.findAll() with arguments: []
2026-02-15 19:05:07 [http-nio-8080-exec-1] DEBUG org.springframework.security.web.FilterChainProxy - Secured GET /admin/gettranslog
2026-02-15 19:05:07 [http-nio-8080-exec-1] INFO  com.training.mts.aop.LoggingAspect - Entering method: AdminServiceImpl.getTransactionHistory() with arguments: []
2026-02-15 19:05:07 [http-nio-8080-exec-10] INFO  com.training.mts.aop.LoggingAspect - Method executed successfully: AdminServiceImpl.findAll() | Returned: [User{id=1, name='Deepak', vpa=null}, User{id=2, name='Hari', vpa=com.training.mts.model.VPA@4b4e3db6}, User{id=3, name='Ananth', vpa=com.training.mts.model.VPA@2f3ed02f}]
2026-02-15 19:05:07 [http-nio-8080-exec-1] INFO  com.training.mts.aop.LoggingAspect - Method executed successfully: AdminServiceImpl.getTransactionHistory() | Returned: [com.training.mts.model.Transaction@17cc6554, com.training.mts.model.Transaction@40c6e486, com.training.mts.model.Transaction@7cf4e5f0, com.training.mts.model.Transaction@56367376]
2026-02-15 19:05:14 [http-nio-8080-exec-2] DEBUG org.springframework.security.web.FilterChainProxy - Securing GET /admin/getusers
2026-02-15 19:05:14 [http-nio-8080-exec-3] DEBUG org.springframework.security.web.FilterChainProxy - Securing GET /admin/gettranslog
2026-02-15 19:05:14 [http-nio-8080-exec-2] DEBUG org.springframework.security.web.FilterChainProxy - Secured GET /admin/getusers
2026-02-15 19:05:14 [http-nio-8080-exec-2] INFO  com.training.mts.aop.LoggingAspect - Entering method: AdminServiceImpl.findAll() with arguments: []
2026-02-15 19:05:14 [http-nio-8080-exec-3] DEBUG org.springframework.security.web.FilterChainProxy - Secured GET /admin/gettranslog
2026-02-15 19:05:14 [http-nio-8080-exec-3] INFO  com.training.mts.aop.LoggingAspect - Entering method: AdminServiceImpl.getTransactionHistory() with arguments: []
2026-02-15 19:05:14 [http-nio-8080-exec-2] INFO  com.training.mts.aop.LoggingAspect - Method executed successfully: AdminServiceImpl.findAll() | Returned: [User{id=1, name='Deepak', vpa=null}, User{id=2, name='Hari', vpa=com.training.mts.model.VPA@25488ebc}, User{id=3, name='Ananth', vpa=com.training.mts.model.VPA@38d1d603}]
2026-02-15 19:05:14 [http-nio-8080-exec-3] INFO  com.training.mts.aop.LoggingAspect - Method executed successfully: AdminServiceImpl.getTransactionHistory() | Returned: [com.training.mts.model.Transaction@fc1c00a, com.training.mts.model.Transaction@29bad46b, com.training.mts.model.Transaction@2e1b3092, com.training.mts.model.Transaction@2dfa7eb3]
2026-02-15 19:05:43 [http-nio-8080-exec-4] DEBUG org.springframework.security.web.FilterChainProxy - Securing POST /auth/login
2026-02-15 19:05:43 [http-nio-8080-exec-4] DEBUG org.springframework.security.web.authentication.AnonymousAuthenticationFilter - Set SecurityContextHolder to anonymous SecurityContext
2026-02-15 19:05:43 [http-nio-8080-exec-4] DEBUG org.springframework.security.web.FilterChainProxy - Secured POST /auth/login
2026-02-15 19:05:43 [http-nio-8080-exec-4] DEBUG org.springframework.security.authentication.dao.DaoAuthenticationProvider - Authenticated user
2026-02-15 19:05:43 [http-nio-8080-exec-5] DEBUG org.springframework.security.web.FilterChainProxy - Securing GET /users/findByPhone?phoneNumber=9840774662
2026-02-15 19:05:43 [http-nio-8080-exec-5] DEBUG org.springframework.security.web.FilterChainProxy - Secured GET /users/findByPhone?phoneNumber=9840774662
2026-02-15 19:05:43 [http-nio-8080-exec-5] INFO  com.training.mts.aop.LoggingAspect - Entering method: UserServiceImpl.getUserByPhoneNumber(..) with arguments: [9840774662]
2026-02-15 19:05:43 [http-nio-8080-exec-5] INFO  com.training.mts.aop.LoggingAspect - Method executed successfully: UserServiceImpl.getUserByPhoneNumber(..) | Returned: User{id=1, name='Deepak', vpa=null}
2026-02-15 19:05:43 [http-nio-8080-exec-6] DEBUG org.springframework.security.web.FilterChainProxy - Securing GET /admin/getusers
2026-02-15 19:05:43 [http-nio-8080-exec-6] DEBUG org.springframework.security.web.FilterChainProxy - Secured GET /admin/getusers
2026-02-15 19:05:43 [http-nio-8080-exec-6] INFO  com.training.mts.aop.LoggingAspect - Entering method: AdminServiceImpl.findAll() with arguments: []
2026-02-15 19:05:43 [http-nio-8080-exec-7] DEBUG org.springframework.security.web.FilterChainProxy - Securing GET /admin/gettranslog
2026-02-15 19:05:43 [http-nio-8080-exec-6] INFO  com.training.mts.aop.LoggingAspect - Method executed successfully: AdminServiceImpl.findAll() | Returned: [User{id=1, name='Deepak', vpa=null}, User{id=2, name='Hari', vpa=com.training.mts.model.VPA@2c79661d}, User{id=3, name='Ananth', vpa=com.training.mts.model.VPA@7428acc}]
2026-02-15 19:05:43 [http-nio-8080-exec-7] DEBUG org.springframework.security.web.FilterChainProxy - Secured GET /admin/gettranslog
2026-02-15 19:05:43 [http-nio-8080-exec-7] INFO  com.training.mts.aop.LoggingAspect - Entering method: AdminServiceImpl.getTransactionHistory() with arguments: []
2026-02-15 19:05:43 [http-nio-8080-exec-7] INFO  com.training.mts.aop.LoggingAspect - Method executed successfully: AdminServiceImpl.getTransactionHistory() | Returned: [com.training.mts.model.Transaction@6b529b69, com.training.mts.model.Transaction@211da01d, com.training.mts.model.Transaction@4ae37d11, com.training.mts.model.Transaction@5faed34f]
2026-02-15 19:06:39 [http-nio-8080-exec-9] DEBUG org.springframework.security.web.FilterChainProxy - Securing GET /admin/getusers
2026-02-15 19:06:39 [http-nio-8080-exec-9] DEBUG org.springframework.security.web.FilterChainProxy - Secured GET /admin/getusers
2026-02-15 19:06:39 [http-nio-8080-exec-9] INFO  com.training.mts.aop.LoggingAspect - Entering method: AdminServiceImpl.findAll() with arguments: []
2026-02-15 19:06:39 [http-nio-8080-exec-8] DEBUG org.springframework.security.web.FilterChainProxy - Securing GET /admin/gettranslog
2026-02-15 19:06:39 [http-nio-8080-exec-9] INFO  com.training.mts.aop.LoggingAspect - Method executed successfully: AdminServiceImpl.findAll() | Returned: [User{id=1, name='Deepak', vpa=null}, User{id=2, name='Hari', vpa=com.training.mts.model.VPA@41dc90ee}, User{id=3, name='Ananth', vpa=com.training.mts.model.VPA@440a85f0}]
2026-02-15 19:06:39 [http-nio-8080-exec-8] DEBUG org.springframework.security.web.FilterChainProxy - Secured GET /admin/gettranslog
2026-02-15 19:06:39 [http-nio-8080-exec-8] INFO  com.training.mts.aop.LoggingAspect - Entering method: AdminServiceImpl.getTransactionHistory() with arguments: []
2026-02-15 19:06:39 [http-nio-8080-exec-8] INFO  com.training.mts.aop.LoggingAspect - Method executed successfully: AdminServiceImpl.getTransactionHistory() | Returned: [com.training.mts.model.Transaction@6ef4cc62, com.training.mts.model.Transaction@14003601, com.training.mts.model.Transaction@5e0ad7dd, com.training.mts.model.Transaction@51a1a952]
2026-02-15 19:11:38 [SpringApplicationShutdownHook] INFO  org.springframework.boot.tomcat.GracefulShutdown - Commencing graceful shutdown. Waiting for active requests to complete
2026-02-15 19:11:38 [tomcat-shutdown] INFO  org.springframework.boot.tomcat.GracefulShutdown - Graceful shutdown complete
2026-02-15 19:11:38 [SpringApplicationShutdownHook] INFO  org.springframework.orm.jpa.LocalContainerEntityManagerFactoryBean - Closing JPA EntityManagerFactory for persistence unit 'default'
2026-02-15 19:11:38 [SpringApplicationShutdownHook] INFO  com.zaxxer.hikari.HikariDataSource - HikariPool-1 - Shutdown initiated...
2026-02-15 19:11:38 [SpringApplicationShutdownHook] INFO  com.zaxxer.hikari.HikariDataSource - HikariPool-1 - Shutdown completed.
2026-06-11 10:47:05 [background-preinit] INFO  org.hibernate.validator.internal.util.Version - HV000001: Hibernate Validator 9.0.1.Final
2026-06-11 10:47:05 [main] INFO  com.training.mts.MtsApplication - Starting MtsApplication using Java 21 with PID 23960 (D:\Fidelity\Projects\money-transfer-system-secondary\backend\mts\target\classes started by deepc in D:\Fidelity\Projects\money-transfer-system-secondary\backend\mts)
2026-06-11 10:47:05 [main] INFO  com.training.mts.MtsApplication - No active profile set, falling back to 1 default profile: "default"
2026-06-11 10:47:08 [main] INFO  org.springframework.data.repository.config.RepositoryConfigurationDelegate - Bootstrapping Spring Data JPA repositories in DEFAULT mode.
2026-06-11 10:47:08 [main] INFO  org.springframework.data.repository.config.RepositoryConfigurationDelegate - Finished Spring Data repository scanning in 135 ms. Found 4 JPA repository interfaces.
2026-06-11 10:47:09 [main] INFO  org.springframework.boot.tomcat.TomcatWebServer - Tomcat initialized with port 8080 (http)
2026-06-11 10:47:10 [main] INFO  org.apache.coyote.http11.Http11NioProtocol - Initializing ProtocolHandler ["http-nio-8080"]
2026-06-11 10:47:10 [main] INFO  org.apache.catalina.core.StandardService - Starting service [Tomcat]
2026-06-11 10:47:10 [main] INFO  org.apache.catalina.core.StandardEngine - Starting Servlet engine: [Apache Tomcat/11.0.15]
2026-06-11 10:47:10 [main] INFO  org.springframework.boot.web.context.servlet.WebApplicationContextInitializer - Root WebApplicationContext: initialization completed in 4587 ms
2026-06-11 10:47:10 [main] INFO  org.hibernate.orm.jpa - HHH008540: Processing PersistenceUnitInfo [name: default]
2026-06-11 10:47:10 [main] INFO  org.hibernate.orm.core - HHH000001: Hibernate ORM core version 7.2.1.Final
2026-06-11 10:47:11 [main] INFO  org.springframework.orm.jpa.persistenceunit.SpringPersistenceUnitInfo - No LoadTimeWeaver setup: ignoring JPA class transformer
2026-06-11 10:47:11 [main] INFO  com.zaxxer.hikari.HikariDataSource - HikariPool-1 - Starting...
2026-06-11 10:47:13 [main] WARN  org.hibernate.orm.jdbc.error - HHH000247: ErrorCode: 0, SQLState: 08S01
2026-06-11 10:47:13 [main] WARN  org.hibernate.orm.jdbc.error - Communications link failure

The last packet sent successfully to the server was 0 milliseconds ago. The driver has not received any packets from the server.
2026-06-11 10:47:13 [main] WARN  org.hibernate.orm.jdbc - HHH100046: Could not obtain connection to query JDBC database metadata
org.hibernate.exception.JDBCConnectionException: Unable to obtain isolated JDBC connection [Communications link failure

The last packet sent successfully to the server was 0 milliseconds ago. The driver has not received any packets from the server.] [n/a]
	at org.hibernate.exception.internal.SQLStateConversionDelegate.convert(SQLStateConversionDelegate.java:80)
	at org.hibernate.exception.internal.StandardSQLExceptionConverter.convert(StandardSQLExceptionConverter.java:34)
	at org.hibernate.engine.jdbc.spi.SqlExceptionHelper.convert(SqlExceptionHelper.java:115)
	at org.hibernate.engine.jdbc.spi.SqlExceptionHelper.convert(SqlExceptionHelper.java:101)
	at org.hibernate.resource.transaction.backend.jdbc.internal.JdbcIsolationDelegate.delegateWork(JdbcIsolationDelegate.java:51)
	at org.hibernate.engine.jdbc.env.internal.JdbcEnvironmentInitiator.getJdbcEnvironmentUsingJdbcMetadata(JdbcEnvironmentInitiator.java:366)
	at org.hibernate.engine.jdbc.env.internal.JdbcEnvironmentInitiator.getJdbcEnvironment(JdbcEnvironmentInitiator.java:143)
	at org.hibernate.engine.jdbc.env.internal.JdbcEnvironmentInitiator.initiateService(JdbcEnvironmentInitiator.java:120)
	at org.hibernate.engine.jdbc.env.internal.JdbcEnvironmentInitiator.initiateService(JdbcEnvironmentInitiator.java:80)
	at org.hibernate.boot.registry.internal.StandardServiceRegistryImpl.initiateService(StandardServiceRegistryImpl.java:133)
	at org.hibernate.service.internal.AbstractServiceRegistryImpl.createService(AbstractServiceRegistryImpl.java:260)
	at org.hibernate.service.internal.AbstractServiceRegistryImpl.initializeService(AbstractServiceRegistryImpl.java:235)
	at org.hibernate.service.internal.AbstractServiceRegistryImpl.getService(AbstractServiceRegistryImpl.java:212)
	at org.hibernate.boot.model.relational.Database.<init>(Database.java:44)
	at org.hibernate.boot.internal.InFlightMetadataCollectorImpl.getDatabase(InFlightMetadataCollectorImpl.java:251)
	at org.hibernate.boot.internal.InFlightMetadataCollectorImpl.<init>(InFlightMetadataCollectorImpl.java:203)
	at org.hibernate.boot.model.process.spi.MetadataBuildingProcess.complete(MetadataBuildingProcess.java:170)
	at org.hibernate.jpa.boot.internal.EntityManagerFactoryBuilderImpl.metadata(EntityManagerFactoryBuilderImpl.java:1392)
	at org.hibernate.jpa.boot.internal.EntityManagerFactoryBuilderImpl.populateSessionFactoryBuilder(EntityManagerFactoryBuilderImpl.java:1472)
	at org.hibernate.jpa.boot.internal.EntityManagerFactoryBuilderImpl.build(EntityManagerFactoryBuilderImpl.java:1454)
	at org.springframework.orm.jpa.vendor.SpringHibernateJpaPersistenceProvider.createContainerEntityManagerFactory(SpringHibernateJpaPersistenceProvider.java:66)
	at org.springframework.orm.jpa.LocalContainerEntityManagerFactoryBean.createNativeEntityManagerFactory(LocalContainerEntityManagerFactoryBean.java:433)
	at org.springframework.orm.jpa.AbstractEntityManagerFactoryBean.buildNativeEntityManagerFactory(AbstractEntityManagerFactoryBean.java:416)
	at org.springframework.orm.jpa.AbstractEntityManagerFactoryBean.afterPropertiesSet(AbstractEntityManagerFactoryBean.java:396)
	at org.springframework.orm.jpa.LocalContainerEntityManagerFactoryBean.afterPropertiesSet(LocalContainerEntityManagerFactoryBean.java:409)
	at org.springframework.beans.factory.support.AbstractAutowireCapableBeanFactory.invokeInitMethods(AbstractAutowireCapableBeanFactory.java:1864)
	at org.springframework.beans.factory.support.AbstractAutowireCapableBeanFactory.initializeBean(AbstractAutowireCapableBeanFactory.java:1813)
	at org.springframework.beans.factory.support.AbstractAutowireCapableBeanFactory.doCreateBean(AbstractAutowireCapableBeanFactory.java:603)
	at org.springframework.beans.factory.support.AbstractAutowireCapableBeanFactory.createBean(AbstractAutowireCapableBeanFactory.java:525)
	at org.springframework.beans.factory.support.AbstractBeanFactory.lambda$doGetBean$0(AbstractBeanFactory.java:333)
	at org.springframework.beans.factory.support.DefaultSingletonBeanRegistry.getSingleton(DefaultSingletonBeanRegistry.java:371)
	at org.springframework.beans.factory.support.AbstractBeanFactory.doGetBean(AbstractBeanFactory.java:331)
	at org.springframework.beans.factory.support.AbstractBeanFactory.getBean(AbstractBeanFactory.java:196)
	at org.springframework.beans.factory.support.BeanDefinitionValueResolver.resolveReference(BeanDefinitionValueResolver.java:365)
	at org.springframework.beans.factory.support.BeanDefinitionValueResolver.resolveValueIfNecessary(BeanDefinitionValueResolver.java:135)
	at org.springframework.beans.factory.support.ConstructorResolver.resolveConstructorArguments(ConstructorResolver.java:691)
	at org.springframework.beans.factory.support.ConstructorResolver.instantiateUsingFactoryMethod(ConstructorResolver.java:513)
	at org.springframework.beans.factory.support.AbstractAutowireCapableBeanFactory.instantiateUsingFactoryMethod(AbstractAutowireCapableBeanFactory.java:1362)
	at org.springframework.beans.factory.support.AbstractAutowireCapableBeanFactory.createBeanInstance(AbstractAutowireCapableBeanFactory.java:1194)
	at org.springframework.beans.factory.support.AbstractAutowireCapableBeanFactory.doCreateBean(AbstractAutowireCapableBeanFactory.java:565)
	at org.springframework.beans.factory.support.AbstractAutowireCapableBeanFactory.createBean(AbstractAutowireCapableBeanFactory.java:525)
	at org.springframework.beans.factory.support.AbstractBeanFactory.lambda$doGetBean$0(AbstractBeanFactory.java:333)
	at org.springframework.beans.factory.support.DefaultSingletonBeanRegistry.getSingleton(DefaultSingletonBeanRegistry.java:371)
	at org.springframework.beans.factory.support.AbstractBeanFactory.doGetBean(AbstractBeanFactory.java:331)
	at org.springframework.beans.factory.support.AbstractBeanFactory.getBean(AbstractBeanFactory.java:201)
	at org.springframework.beans.factory.support.BeanDefinitionValueResolver.resolveReference(BeanDefinitionValueResolver.java:356)
	at org.springframework.beans.factory.support.BeanDefinitionValueResolver.resolveValueIfNecessary(BeanDefinitionValueResolver.java:135)
	at org.springframework.beans.factory.support.AbstractAutowireCapableBeanFactory.applyPropertyValues(AbstractAutowireCapableBeanFactory.java:1712)
	at org.springframework.beans.factory.support.AbstractAutowireCapableBeanFactory.populateBean(AbstractAutowireCapableBeanFactory.java:1461)
	at org.springframework.beans.factory.support.AbstractAutowireCapableBeanFactory.doCreateBean(AbstractAutowireCapableBeanFactory.java:602)
	at org.springframework.beans.factory.support.AbstractAutowireCapableBeanFactory.createBean(AbstractAutowireCapableBeanFactory.java:525)
	at org.springframework.beans.factory.support.AbstractBeanFactory.lambda$doGetBean$0(AbstractBeanFactory.java:333)
	at org.springframework.beans.factory.support.DefaultSingletonBeanRegistry.getSingleton(DefaultSingletonBeanRegistry.java:371)
	at org.springframework.beans.factory.support.AbstractBeanFactory.doGetBean(AbstractBeanFactory.java:331)
	at org.springframework.beans.factory.support.AbstractBeanFactory.getBean(AbstractBeanFactory.java:201)
	at org.springframework.beans.factory.support.DefaultListableBeanFactory.resolveBean(DefaultListableBeanFactory.java:1225)
	at org.springframework.beans.factory.support.DefaultListableBeanFactory.doResolveDependency(DefaultListableBeanFactory.java:1704)
	at org.springframework.beans.factory.support.DefaultListableBeanFactory.resolveDependency(DefaultListableBeanFactory.java:1651)
	at org.springframework.beans.factory.support.ConstructorResolver.resolveAutowiredArgument(ConstructorResolver.java:912)
	at org.springframework.beans.factory.support.ConstructorResolver.createArgumentArray(ConstructorResolver.java:791)
	at org.springframework.beans.factory.support.ConstructorResolver.autowireConstructor(ConstructorResolver.java:240)
	at org.springframework.beans.factory.support.AbstractAutowireCapableBeanFactory.autowireConstructor(AbstractAutowireCapableBeanFactory.java:1382)
	at org.springframework.beans.factory.support.AbstractAutowireCapableBeanFactory.createBeanInstance(AbstractAutowireCapableBeanFactory.java:1221)
	at org.springframework.beans.factory.support.AbstractAutowireCapableBeanFactory.doCreateBean(AbstractAutowireCapableBeanFactory.java:565)
	at org.springframework.beans.factory.support.AbstractAutowireCapableBeanFactory.createBean(AbstractAutowireCapableBeanFactory.java:525)
	at org.springframework.beans.factory.support.AbstractBeanFactory.lambda$doGetBean$0(AbstractBeanFactory.java:333)
	at org.springframework.beans.factory.support.DefaultSingletonBeanRegistry.getSingleton(DefaultSingletonBeanRegistry.java:371)
	at org.springframework.beans.factory.support.AbstractBeanFactory.doGetBean(AbstractBeanFactory.java:331)
	at org.springframework.beans.factory.support.AbstractBeanFactory.getBean(AbstractBeanFactory.java:201)
	at org.springframework.beans.factory.config.DependencyDescriptor.resolveCandidate(DependencyDescriptor.java:229)
	at org.springframework.beans.factory.support.DefaultListableBeanFactory.doResolveDependency(DefaultListableBeanFactory.java:1762)
	at org.springframework.beans.factory.support.DefaultListableBeanFactory.resolveDependency(DefaultListableBeanFactory.java:1651)
	at org.springframework.beans.factory.support.ConstructorResolver.resolveAutowiredArgument(ConstructorResolver.java:912)
	at org.springframework.beans.factory.support.ConstructorResolver.createArgumentArray(ConstructorResolver.java:791)
	at org.springframework.beans.factory.support.ConstructorResolver.autowireConstructor(ConstructorResolver.java:240)
	at org.springframework.beans.factory.support.AbstractAutowireCapableBeanFactory.autowireConstructor(AbstractAutowireCapableBeanFactory.java:1382)
	at org.springframework.beans.factory.support.AbstractAutowireCapableBeanFactory.createBeanInstance(AbstractAutowireCapableBeanFactory.java:1221)
	at org.springframework.beans.factory.support.AbstractAutowireCapableBeanFactory.doCreateBean(AbstractAutowireCapableBeanFactory.java:565)
	at org.springframework.beans.factory.support.AbstractAutowireCapableBeanFactory.createBean(AbstractAutowireCapableBeanFactory.java:525)
	at org.springframework.beans.factory.support.AbstractBeanFactory.lambda$doGetBean$0(AbstractBeanFactory.java:333)
	at org.springframework.beans.factory.support.DefaultSingletonBeanRegistry.getSingleton(DefaultSingletonBeanRegistry.java:371)
	at org.springframework.beans.factory.support.AbstractBeanFactory.doGetBean(AbstractBeanFactory.java:331)
	at org.springframework.beans.factory.support.AbstractBeanFactory.getBean(AbstractBeanFactory.java:201)
	at org.springframework.boot.web.servlet.ServletContextInitializerBeans.getOrderedBeansOfType(ServletContextInitializerBeans.java:231)
	at org.springframework.boot.web.servlet.ServletContextInitializerBeans.addAsRegistrationBean(ServletContextInitializerBeans.java:185)
	at org.springframework.boot.web.servlet.ServletContextInitializerBeans.addAsRegistrationBean(ServletContextInitializerBeans.java:180)
	at org.springframework.boot.web.servlet.ServletContextInitializerBeans.addAdaptableBeans(ServletContextInitializerBeans.java:165)
	at org.springframework.boot.web.servlet.ServletContextInitializerBeans.<init>(ServletContextInitializerBeans.java:97)
	at org.springframework.boot.web.context.servlet.WebApplicationContextInitializer.initialize(WebApplicationContextInitializer.java:53)
	at org.springframework.boot.tomcat.servlet.DeferredServletContainerInitializers.onStartup(DeferredServletContainerInitializers.java:55)
	at org.apache.catalina.core.StandardContext.startInternal(StandardContext.java:4416)
	at org.apache.catalina.util.LifecycleBase.start(LifecycleBase.java:164)
	at org.apache.catalina.core.ContainerBase$StartChild.call(ContainerBase.java:1162)
	at org.apache.catalina.core.ContainerBase$StartChild.call(ContainerBase.java:1158)
	at java.base/java.util.concurrent.FutureTask.run(FutureTask.java:317)
	at org.apache.tomcat.util.threads.InlineExecutorService.execute(InlineExecutorService.java:81)
	at java.base/java.util.concurrent.AbstractExecutorService.submit(AbstractExecutorService.java:145)
	at org.apache.catalina.core.ContainerBase.startInternal(ContainerBase.java:714)
	at org.apache.catalina.core.StandardHost.startInternal(StandardHost.java:780)
	at org.apache.catalina.util.LifecycleBase.start(LifecycleBase.java:164)
	at org.apache.catalina.core.ContainerBase$StartChild.call(ContainerBase.java:1162)
	at org.apache.catalina.core.ContainerBase$StartChild.call(ContainerBase.java:1158)
	at java.base/java.util.concurrent.FutureTask.run(FutureTask.java:317)
	at org.apache.tomcat.util.threads.InlineExecutorService.execute(InlineExecutorService.java:81)
	at java.base/java.util.concurrent.AbstractExecutorService.submit(AbstractExecutorService.java:145)
	at org.apache.catalina.core.ContainerBase.startInternal(ContainerBase.java:714)
	at org.apache.catalina.core.StandardEngine.startInternal(StandardEngine.java:201)
	at org.apache.catalina.util.LifecycleBase.start(LifecycleBase.java:164)
	at org.apache.catalina.core.StandardService.startInternal(StandardService.java:410)
	at org.apache.catalina.util.LifecycleBase.start(LifecycleBase.java:164)
	at org.apache.catalina.core.StandardServer.startInternal(StandardServer.java:864)
	at org.apache.catalina.util.LifecycleBase.start(LifecycleBase.java:164)
	at org.apache.catalina.startup.Tomcat.start(Tomcat.java:435)
	at org.springframework.boot.tomcat.TomcatWebServer.initialize(TomcatWebServer.java:131)
	at org.springframework.boot.tomcat.TomcatWebServer.<init>(TomcatWebServer.java:110)
	at org.springframework.boot.tomcat.servlet.TomcatServletWebServerFactory.getTomcatWebServer(TomcatServletWebServerFactory.java:408)
	at org.springframework.boot.tomcat.servlet.TomcatServletWebServerFactory.getWebServer(TomcatServletWebServerFactory.java:166)
	at org.springframework.boot.web.server.servlet.context.ServletWebServerApplicationContext.createWebServer(ServletWebServerApplicationContext.java:190)
	at org.springframework.boot.web.server.servlet.context.ServletWebServerApplicationContext.onRefresh(ServletWebServerApplicationContext.java:164)
	at org.springframework.context.support.AbstractApplicationContext.refresh(AbstractApplicationContext.java:614)
	at org.springframework.boot.web.server.servlet.context.ServletWebServerApplicationContext.refresh(ServletWebServerApplicationContext.java:143)
	at org.springframework.boot.SpringApplication.refresh(SpringApplication.java:756)
	at org.springframework.boot.SpringApplication.refreshContext(SpringApplication.java:445)
	at org.springframework.boot.SpringApplication.run(SpringApplication.java:321)
	at org.springframework.boot.SpringApplication.run(SpringApplication.java:1365)
	at org.springframework.boot.SpringApplication.run(SpringApplication.java:1354)
	at com.training.mts.MtsApplication.main(MtsApplication.java:11)
Caused by: com.mysql.cj.jdbc.exceptions.CommunicationsException: Communications link failure

The last packet sent successfully to the server was 0 milliseconds ago. The driver has not received any packets from the server.
	at com.mysql.cj.jdbc.exceptions.SQLError.createCommunicationsException(SQLError.java:165)
	at com.mysql.cj.jdbc.exceptions.SQLExceptionsMapping.translateException(SQLExceptionsMapping.java:55)
	at com.mysql.cj.jdbc.ConnectionImpl.createNewIO(ConnectionImpl.java:840)
	at com.mysql.cj.jdbc.ConnectionImpl.<init>(ConnectionImpl.java:416)
	at com.mysql.cj.jdbc.ConnectionImpl.getInstance(ConnectionImpl.java:237)
	at com.mysql.cj.jdbc.NonRegisteringDriver.connect(NonRegisteringDriver.java:180)
	at com.zaxxer.hikari.util.DriverDataSource.getConnection(DriverDataSource.java:144)
	at com.zaxxer.hikari.pool.PoolBase.newConnection(PoolBase.java:373)
	at com.zaxxer.hikari.pool.PoolBase.newPoolEntry(PoolBase.java:210)
	at com.zaxxer.hikari.pool.HikariPool.createPoolEntry(HikariPool.java:488)
	at com.zaxxer.hikari.pool.HikariPool.checkFailFast(HikariPool.java:576)
	at com.zaxxer.hikari.pool.HikariPool.<init>(HikariPool.java:97)
	at com.zaxxer.hikari.HikariDataSource.getConnection(HikariDataSource.java:111)
	at org.hibernate.engine.jdbc.connections.internal.DataSourceConnectionProvider.getConnection(DataSourceConnectionProvider.java:137)
	at org.hibernate.engine.jdbc.env.internal.JdbcEnvironmentInitiator$ConnectionProviderJdbcConnectionAccess.obtainConnection(JdbcEnvironmentInitiator.java:508)
	at org.hibernate.resource.transaction.backend.jdbc.internal.JdbcIsolationDelegate.delegateWork(JdbcIsolationDelegate.java:48)
	... 122 common frames omitted
Caused by: com.mysql.cj.exceptions.CJCommunicationsException: Communications link failure

The last packet sent successfully to the server was 0 milliseconds ago. The driver has not received any packets from the server.
	at java.base/jdk.internal.reflect.DirectConstructorHandleAccessor.newInstance(DirectConstructorHandleAccessor.java:62)
	at java.base/java.lang.reflect.Constructor.newInstanceWithCaller(Constructor.java:502)
	at java.base/java.lang.reflect.Constructor.newInstance(Constructor.java:486)
	at com.mysql.cj.exceptions.ExceptionFactory.createException(ExceptionFactory.java:52)
	at com.mysql.cj.exceptions.ExceptionFactory.createException(ExceptionFactory.java:95)
	at com.mysql.cj.exceptions.ExceptionFactory.createException(ExceptionFactory.java:140)
	at com.mysql.cj.exceptions.ExceptionFactory.createCommunicationsException(ExceptionFactory.java:156)
	at com.mysql.cj.protocol.a.NativeSocketConnection.connect(NativeSocketConnection.java:79)
	at com.mysql.cj.NativeSession.connect(NativeSession.java:142)
	at com.mysql.cj.jdbc.ConnectionImpl.connectOneTryOnly(ConnectionImpl.java:964)
	at com.mysql.cj.jdbc.ConnectionImpl.createNewIO(ConnectionImpl.java:828)
	... 135 common frames omitted
Caused by: java.net.ConnectException: Connection refused: no further information
	at java.base/sun.nio.ch.Net.pollConnect(Native Method)
	at java.base/sun.nio.ch.Net.pollConnectNow(Net.java:682)
	at java.base/sun.nio.ch.NioSocketImpl.timedFinishConnect(NioSocketImpl.java:542)
	at java.base/sun.nio.ch.NioSocketImpl.connect(NioSocketImpl.java:592)
	at java.base/java.net.SocksSocketImpl.connect(SocksSocketImpl.java:327)
	at java.base/java.net.Socket.connect(Socket.java:751)
	at com.mysql.cj.protocol.StandardSocketFactory.connect(StandardSocketFactory.java:144)
	at com.mysql.cj.protocol.a.NativeSocketConnection.connect(NativeSocketConnection.java:53)
	... 138 common frames omitted
2026-06-11 10:47:13 [main] WARN  org.hibernate.orm.deprecation - HHH90000025: MySQLDialect does not need to be specified explicitly using 'hibernate.dialect' (remove the property setting and it will be selected by default)
2026-06-11 10:47:13 [main] INFO  org.hibernate.orm.connections.pooling - HHH10001005: Database info:
	Database JDBC URL [undefined/unknown]
	Database driver: undefined/unknown
	Database dialect: MySQLDialect
	Database version: 8.0
	Default catalog/schema: unknown/unknown
	Autocommit mode: undefined/unknown
	Isolation level: NONE [default NONE]
	JDBC fetch size: undefined/unknown
	Pool: DataSourceConnectionProvider
	Minimum pool size: undefined/unknown
	Maximum pool size: undefined/unknown
2026-06-11 10:47:15 [main] INFO  org.hibernate.orm.core - HHH000489: No JTA platform available (set 'hibernate.transaction.jta.platform' to enable JTA platform integration)
2026-06-11 10:47:15 [main] INFO  com.zaxxer.hikari.HikariDataSource - HikariPool-1 - Starting...
2026-06-11 10:47:16 [main] WARN  org.hibernate.orm.jdbc.error - HHH000247: ErrorCode: 0, SQLState: 08S01
2026-06-11 10:47:16 [main] WARN  org.hibernate.orm.jdbc.error - Communications link failure

The last packet sent successfully to the server was 0 milliseconds ago. The driver has not received any packets from the server.
2026-06-11 10:47:16 [main] ERROR org.springframework.orm.jpa.LocalContainerEntityManagerFactoryBean - Failed to initialize JPA EntityManagerFactory: Unable to build Hibernate SessionFactory  [persistence unit: default] ; nested exception is org.hibernate.exception.JDBCConnectionException: Unable to open JDBC Connection for DDL execution [Communications link failure

The last packet sent successfully to the server was 0 milliseconds ago. The driver has not received any packets from the server.] [n/a]
2026-06-11 10:47:16 [main] ERROR org.springframework.boot.tomcat.servlet.DeferredServletContainerInitializers - Error starting Tomcat context. Exception: org.springframework.beans.factory.UnsatisfiedDependencyException. Message: Error creating bean with name 'jwtAuthenticationFilter' defined in file [D:\Fidelity\Projects\money-transfer-system-secondary\backend\mts\target\classes\com\training\mts\security\JwtAuthenticationFilter.class]: Unsatisfied dependency expressed through constructor parameter 1: Error creating bean with name 'customUserDetailsService' defined in file [D:\Fidelity\Projects\money-transfer-system-secondary\backend\mts\target\classes\com\training\mts\security\CustomUserDetailsService.class]: Unsatisfied dependency expressed through constructor parameter 0: Error creating bean with name 'userRepository' defined in com.training.mts.repository.UserRepository defined in @EnableJpaRepositories declared on DataJpaRepositoriesRegistrar.EnableJpaRepositoriesConfiguration: Cannot resolve reference to bean 'jpaSharedEM_entityManagerFactory' while setting bean property 'entityManager'
2026-06-11 10:47:16 [main] INFO  org.apache.catalina.core.StandardService - Stopping service [Tomcat]
2026-06-11 10:47:16 [main] WARN  org.springframework.boot.web.server.servlet.context.AnnotationConfigServletWebServerApplicationContext - Exception encountered during context initialization - cancelling refresh attempt: org.springframework.context.ApplicationContextException: Unable to start web server
2026-06-11 10:47:16 [main] INFO  org.springframework.boot.autoconfigure.logging.ConditionEvaluationReportLogger - 

Error starting ApplicationContext. To display the condition evaluation report re-run your application with 'debug' enabled.
2026-06-11 10:47:17 [main] ERROR org.springframework.boot.SpringApplication - Application run failed
org.springframework.context.ApplicationContextException: Unable to start web server
	at org.springframework.boot.web.server.servlet.context.ServletWebServerApplicationContext.onRefresh(ServletWebServerApplicationContext.java:167)
	at org.springframework.context.support.AbstractApplicationContext.refresh(AbstractApplicationContext.java:614)
	at org.springframework.boot.web.server.servlet.context.ServletWebServerApplicationContext.refresh(ServletWebServerApplicationContext.java:143)
	at org.springframework.boot.SpringApplication.refresh(SpringApplication.java:756)
	at org.springframework.boot.SpringApplication.refreshContext(SpringApplication.java:445)
	at org.springframework.boot.SpringApplication.run(SpringApplication.java:321)
	at org.springframework.boot.SpringApplication.run(SpringApplication.java:1365)
	at org.springframework.boot.SpringApplication.run(SpringApplication.java:1354)
	at com.training.mts.MtsApplication.main(MtsApplication.java:11)
Caused by: org.springframework.boot.web.server.WebServerException: Unable to start embedded Tomcat
	at org.springframework.boot.tomcat.TomcatWebServer.initialize(TomcatWebServer.java:150)
	at org.springframework.boot.tomcat.TomcatWebServer.<init>(TomcatWebServer.java:110)
	at org.springframework.boot.tomcat.servlet.TomcatServletWebServerFactory.getTomcatWebServer(TomcatServletWebServerFactory.java:408)
	at org.springframework.boot.tomcat.servlet.TomcatServletWebServerFactory.getWebServer(TomcatServletWebServerFactory.java:166)
	at org.springframework.boot.web.server.servlet.context.ServletWebServerApplicationContext.createWebServer(ServletWebServerApplicationContext.java:190)
	at org.springframework.boot.web.server.servlet.context.ServletWebServerApplicationContext.onRefresh(ServletWebServerApplicationContext.java:164)
	... 8 common frames omitted
Caused by: org.springframework.beans.factory.UnsatisfiedDependencyException: Error creating bean with name 'jwtAuthenticationFilter' defined in file [D:\Fidelity\Projects\money-transfer-system-secondary\backend\mts\target\classes\com\training\mts\security\JwtAuthenticationFilter.class]: Unsatisfied dependency expressed through constructor parameter 1: Error creating bean with name 'customUserDetailsService' defined in file [D:\Fidelity\Projects\money-transfer-system-secondary\backend\mts\target\classes\com\training\mts\security\CustomUserDetailsService.class]: Unsatisfied dependency expressed through constructor parameter 0: Error creating bean with name 'userRepository' defined in com.training.mts.repository.UserRepository defined in @EnableJpaRepositories declared on DataJpaRepositoriesRegistrar.EnableJpaRepositoriesConfiguration: Cannot resolve reference to bean 'jpaSharedEM_entityManagerFactory' while setting bean property 'entityManager'
	at org.springframework.beans.factory.support.ConstructorResolver.createArgumentArray(ConstructorResolver.java:804)
	at org.springframework.beans.factory.support.ConstructorResolver.autowireConstructor(ConstructorResolver.java:240)
	at org.springframework.beans.factory.support.AbstractAutowireCapableBeanFactory.autowireConstructor(AbstractAutowireCapableBeanFactory.java:1382)
	at org.springframework.beans.factory.support.AbstractAutowireCapableBeanFactory.createBeanInstance(AbstractAutowireCapableBeanFactory.java:1221)
	at org.springframework.beans.factory.support.AbstractAutowireCapableBeanFactory.doCreateBean(AbstractAutowireCapableBeanFactory.java:565)
	at org.springframework.beans.factory.support.AbstractAutowireCapableBeanFactory.createBean(AbstractAutowireCapableBeanFactory.java:525)
	at org.springframework.beans.factory.support.AbstractBeanFactory.lambda$doGetBean$0(AbstractBeanFactory.java:333)
	at org.springframework.beans.factory.support.DefaultSingletonBeanRegistry.getSingleton(DefaultSingletonBeanRegistry.java:371)
	at org.springframework.beans.factory.support.AbstractBeanFactory.doGetBean(AbstractBeanFactory.java:331)
	at org.springframework.beans.factory.support.AbstractBeanFactory.getBean(AbstractBeanFactory.java:201)
	at org.springframework.boot.web.servlet.ServletContextInitializerBeans.getOrderedBeansOfType(ServletContextInitializerBeans.java:231)
	at org.springframework.boot.web.servlet.ServletContextInitializerBeans.addAsRegistrationBean(ServletContextInitializerBeans.java:185)
	at org.springframework.boot.web.servlet.ServletContextInitializerBeans.addAsRegistrationBean(ServletContextInitializerBeans.java:180)
	at org.springframework.boot.web.servlet.ServletContextInitializerBeans.addAdaptableBeans(ServletContextInitializerBeans.java:165)
	at org.springframework.boot.web.servlet.ServletContextInitializerBeans.<init>(ServletContextInitializerBeans.java:97)
	at org.springframework.boot.web.context.servlet.WebApplicationContextInitializer.initialize(WebApplicationContextInitializer.java:53)
	at org.springframework.boot.tomcat.servlet.DeferredServletContainerInitializers.onStartup(DeferredServletContainerInitializers.java:55)
	at org.apache.catalina.core.StandardContext.startInternal(StandardContext.java:4416)
	at org.apache.catalina.util.LifecycleBase.start(LifecycleBase.java:164)
	at org.apache.catalina.core.ContainerBase$StartChild.call(ContainerBase.java:1162)
	at org.apache.catalina.core.ContainerBase$StartChild.call(ContainerBase.java:1158)
	at java.base/java.util.concurrent.FutureTask.run(FutureTask.java:317)
	at org.apache.tomcat.util.threads.InlineExecutorService.execute(InlineExecutorService.java:81)
	at java.base/java.util.concurrent.AbstractExecutorService.submit(AbstractExecutorService.java:145)
	at org.apache.catalina.core.ContainerBase.startInternal(ContainerBase.java:714)
	at org.apache.catalina.core.StandardHost.startInternal(StandardHost.java:780)
	at org.apache.catalina.util.LifecycleBase.start(LifecycleBase.java:164)
	at org.apache.catalina.core.ContainerBase$StartChild.call(ContainerBase.java:1162)
	at org.apache.catalina.core.ContainerBase$StartChild.call(ContainerBase.java:1158)
	at java.base/java.util.concurrent.FutureTask.run(FutureTask.java:317)
	at org.apache.tomcat.util.threads.InlineExecutorService.execute(InlineExecutorService.java:81)
	at java.base/java.util.concurrent.AbstractExecutorService.submit(AbstractExecutorService.java:145)
	at org.apache.catalina.core.ContainerBase.startInternal(ContainerBase.java:714)
	at org.apache.catalina.core.StandardEngine.startInternal(StandardEngine.java:201)
	at org.apache.catalina.util.LifecycleBase.start(LifecycleBase.java:164)
	at org.apache.catalina.core.StandardService.startInternal(StandardService.java:410)
	at org.apache.catalina.util.LifecycleBase.start(LifecycleBase.java:164)
	at org.apache.catalina.core.StandardServer.startInternal(StandardServer.java:864)
	at org.apache.catalina.util.LifecycleBase.start(LifecycleBase.java:164)
	at org.apache.catalina.startup.Tomcat.start(Tomcat.java:435)
	at org.springframework.boot.tomcat.TomcatWebServer.initialize(TomcatWebServer.java:131)
	... 13 common frames omitted
Caused by: org.springframework.beans.factory.UnsatisfiedDependencyException: Error creating bean with name 'customUserDetailsService' defined in file [D:\Fidelity\Projects\money-transfer-system-secondary\backend\mts\target\classes\com\training\mts\security\CustomUserDetailsService.class]: Unsatisfied dependency expressed through constructor parameter 0: Error creating bean with name 'userRepository' defined in com.training.mts.repository.UserRepository defined in @EnableJpaRepositories declared on DataJpaRepositoriesRegistrar.EnableJpaRepositoriesConfiguration: Cannot resolve reference to bean 'jpaSharedEM_entityManagerFactory' while setting bean property 'entityManager'
	at org.springframework.beans.factory.support.ConstructorResolver.createArgumentArray(ConstructorResolver.java:804)
	at org.springframework.beans.factory.support.ConstructorResolver.autowireConstructor(ConstructorResolver.java:240)
	at org.springframework.beans.factory.support.AbstractAutowireCapableBeanFactory.autowireConstructor(AbstractAutowireCapableBeanFactory.java:1382)
	at org.springframework.beans.factory.support.AbstractAutowireCapableBeanFactory.createBeanInstance(AbstractAutowireCapableBeanFactory.java:1221)
	at org.springframework.beans.factory.support.AbstractAutowireCapableBeanFactory.doCreateBean(AbstractAutowireCapableBeanFactory.java:565)
	at org.springframework.beans.factory.support.AbstractAutowireCapableBeanFactory.createBean(AbstractAutowireCapableBeanFactory.java:525)
	at org.springframework.beans.factory.support.AbstractBeanFactory.lambda$doGetBean$0(AbstractBeanFactory.java:333)
	at org.springframework.beans.factory.support.DefaultSingletonBeanRegistry.getSingleton(DefaultSingletonBeanRegistry.java:371)
	at org.springframework.beans.factory.support.AbstractBeanFactory.doGetBean(AbstractBeanFactory.java:331)
	at org.springframework.beans.factory.support.AbstractBeanFactory.getBean(AbstractBeanFactory.java:201)
	at org.springframework.beans.factory.config.DependencyDescriptor.resolveCandidate(DependencyDescriptor.java:229)
	at org.springframework.beans.factory.support.DefaultListableBeanFactory.doResolveDependency(DefaultListableBeanFactory.java:1762)
	at org.springframework.beans.factory.support.DefaultListableBeanFactory.resolveDependency(DefaultListableBeanFactory.java:1651)
	at org.springframework.beans.factory.support.ConstructorResolver.resolveAutowiredArgument(ConstructorResolver.java:912)
	at org.springframework.beans.factory.support.ConstructorResolver.createArgumentArray(ConstructorResolver.java:791)
	... 53 common frames omitted
Caused by: org.springframework.beans.factory.BeanCreationException: Error creating bean with name 'userRepository' defined in com.training.mts.repository.UserRepository defined in @EnableJpaRepositories declared on DataJpaRepositoriesRegistrar.EnableJpaRepositoriesConfiguration: Cannot resolve reference to bean 'jpaSharedEM_entityManagerFactory' while setting bean property 'entityManager'
	at org.springframework.beans.factory.support.BeanDefinitionValueResolver.resolveReference(BeanDefinitionValueResolver.java:377)
	at org.springframework.beans.factory.support.BeanDefinitionValueResolver.resolveValueIfNecessary(BeanDefinitionValueResolver.java:135)
	at org.springframework.beans.factory.support.AbstractAutowireCapableBeanFactory.applyPropertyValues(AbstractAutowireCapableBeanFactory.java:1712)
	at org.springframework.beans.factory.support.AbstractAutowireCapableBeanFactory.populateBean(AbstractAutowireCapableBeanFactory.java:1461)
	at org.springframework.beans.factory.support.AbstractAutowireCapableBeanFactory.doCreateBean(AbstractAutowireCapableBeanFactory.java:602)
	at org.springframework.beans.factory.support.AbstractAutowireCapableBeanFactory.createBean(AbstractAutowireCapableBeanFactory.java:525)
	at org.springframework.beans.factory.support.AbstractBeanFactory.lambda$doGetBean$0(AbstractBeanFactory.java:333)
	at org.springframework.beans.factory.support.DefaultSingletonBeanRegistry.getSingleton(DefaultSingletonBeanRegistry.java:371)
	at org.springframework.beans.factory.support.AbstractBeanFactory.doGetBean(AbstractBeanFactory.java:331)
	at org.springframework.beans.factory.support.AbstractBeanFactory.getBean(AbstractBeanFactory.java:201)
	at org.springframework.beans.factory.support.DefaultListableBeanFactory.resolveBean(DefaultListableBeanFactory.java:1225)
	at org.springframework.beans.factory.support.DefaultListableBeanFactory.doResolveDependency(DefaultListableBeanFactory.java:1704)
	at org.springframework.beans.factory.support.DefaultListableBeanFactory.resolveDependency(DefaultListableBeanFactory.java:1651)
	at org.springframework.beans.factory.support.ConstructorResolver.resolveAutowiredArgument(ConstructorResolver.java:912)
	at org.springframework.beans.factory.support.ConstructorResolver.createArgumentArray(ConstructorResolver.java:791)
	... 67 common frames omitted
Caused by: org.springframework.beans.factory.BeanCreationException: Error creating bean with name 'jpaSharedEM_entityManagerFactory': Cannot resolve reference to bean 'entityManagerFactory' while setting constructor argument
	at org.springframework.beans.factory.support.BeanDefinitionValueResolver.resolveReference(BeanDefinitionValueResolver.java:377)
	at org.springframework.beans.factory.support.BeanDefinitionValueResolver.resolveValueIfNecessary(BeanDefinitionValueResolver.java:135)
	at org.springframework.beans.factory.support.ConstructorResolver.resolveConstructorArguments(ConstructorResolver.java:691)
	at org.springframework.beans.factory.support.ConstructorResolver.instantiateUsingFactoryMethod(ConstructorResolver.java:513)
	at org.springframework.beans.factory.support.AbstractAutowireCapableBeanFactory.instantiateUsingFactoryMethod(AbstractAutowireCapableBeanFactory.java:1362)
	at org.springframework.beans.factory.support.AbstractAutowireCapableBeanFactory.createBeanInstance(AbstractAutowireCapableBeanFactory.java:1194)
	at org.springframework.beans.factory.support.AbstractAutowireCapableBeanFactory.doCreateBean(AbstractAutowireCapableBeanFactory.java:565)
	at org.springframework.beans.factory.support.AbstractAutowireCapableBeanFactory.createBean(AbstractAutowireCapableBeanFactory.java:525)
	at org.springframework.beans.factory.support.AbstractBeanFactory.lambda$doGetBean$0(AbstractBeanFactory.java:333)
	at org.springframework.beans.factory.support.DefaultSingletonBeanRegistry.getSingleton(DefaultSingletonBeanRegistry.java:371)
	at org.springframework.beans.factory.support.AbstractBeanFactory.doGetBean(AbstractBeanFactory.java:331)
	at org.springframework.beans.factory.support.AbstractBeanFactory.getBean(AbstractBeanFactory.java:201)
	at org.springframework.beans.factory.support.BeanDefinitionValueResolver.resolveReference(BeanDefinitionValueResolver.java:356)
	... 81 common frames omitted
Caused by: org.springframework.beans.factory.BeanCreationException: Error creating bean with name 'entityManagerFactory' defined in class path resource [org/springframework/boot/hibernate/autoconfigure/HibernateJpaConfiguration.class]: Unable to build Hibernate SessionFactory  [persistence unit: default] ; nested exception is org.hibernate.exception.JDBCConnectionException: Unable to open JDBC Connection for DDL execution [Communications link failure

The last packet sent successfully to the server was 0 milliseconds ago. The driver has not received any packets from the server.] [n/a]
	at org.springframework.beans.factory.support.AbstractAutowireCapableBeanFactory.initializeBean(AbstractAutowireCapableBeanFactory.java:1817)
	at org.springframework.beans.factory.support.AbstractAutowireCapableBeanFactory.doCreateBean(AbstractAutowireCapableBeanFactory.java:603)
	at org.springframework.beans.factory.support.AbstractAutowireCapableBeanFactory.createBean(AbstractAutowireCapableBeanFactory.java:525)
	at org.springframework.beans.factory.support.AbstractBeanFactory.lambda$doGetBean$0(AbstractBeanFactory.java:333)
	at org.springframework.beans.factory.support.DefaultSingletonBeanRegistry.getSingleton(DefaultSingletonBeanRegistry.java:371)
	at org.springframework.beans.factory.support.AbstractBeanFactory.doGetBean(AbstractBeanFactory.java:331)
	at org.springframework.beans.factory.support.AbstractBeanFactory.getBean(AbstractBeanFactory.java:196)
	at org.springframework.beans.factory.support.BeanDefinitionValueResolver.resolveReference(BeanDefinitionValueResolver.java:365)
	... 93 common frames omitted
Caused by: jakarta.persistence.PersistenceException: Unable to build Hibernate SessionFactory  [persistence unit: default] ; nested exception is org.hibernate.exception.JDBCConnectionException: Unable to open JDBC Connection for DDL execution [Communications link failure

The last packet sent successfully to the server was 0 milliseconds ago. The driver has not received any packets from the server.] [n/a]
	at org.springframework.orm.jpa.AbstractEntityManagerFactoryBean.buildNativeEntityManagerFactory(AbstractEntityManagerFactoryBean.java:428)
	at org.springframework.orm.jpa.AbstractEntityManagerFactoryBean.afterPropertiesSet(AbstractEntityManagerFactoryBean.java:396)
	at org.springframework.orm.jpa.LocalContainerEntityManagerFactoryBean.afterPropertiesSet(LocalContainerEntityManagerFactoryBean.java:409)
	at org.springframework.beans.factory.support.AbstractAutowireCapableBeanFactory.invokeInitMethods(AbstractAutowireCapableBeanFactory.java:1864)
	at org.springframework.beans.factory.support.AbstractAutowireCapableBeanFactory.initializeBean(AbstractAutowireCapableBeanFactory.java:1813)
	... 100 common frames omitted
Caused by: org.hibernate.exception.JDBCConnectionException: Unable to open JDBC Connection for DDL execution [Communications link failure

The last packet sent successfully to the server was 0 milliseconds ago. The driver has not received any packets from the server.] [n/a]
	at org.hibernate.exception.internal.SQLStateConversionDelegate.convert(SQLStateConversionDelegate.java:80)
	at org.hibernate.exception.internal.StandardSQLExceptionConverter.convert(StandardSQLExceptionConverter.java:34)
	at org.hibernate.engine.jdbc.spi.SqlExceptionHelper.convert(SqlExceptionHelper.java:115)
	at org.hibernate.engine.jdbc.spi.SqlExceptionHelper.convert(SqlExceptionHelper.java:101)
	at org.hibernate.resource.transaction.backend.jdbc.internal.DdlTransactionIsolatorNonJtaImpl.getIsolatedConnection(DdlTransactionIsolatorNonJtaImpl.java:71)
	at org.hibernate.resource.transaction.backend.jdbc.internal.DdlTransactionIsolatorNonJtaImpl.getIsolatedConnection(DdlTransactionIsolatorNonJtaImpl.java:37)
	at org.hibernate.tool.schema.internal.exec.ImprovedExtractionContextImpl.getJdbcConnection(ImprovedExtractionContextImpl.java:61)
	at org.hibernate.tool.schema.internal.exec.ImprovedExtractionContextImpl.getJdbcDatabaseMetaData(ImprovedExtractionContextImpl.java:68)
	at org.hibernate.tool.schema.extract.internal.InformationExtractorJdbcDatabaseMetaDataImpl.getJdbcDatabaseMetaData(InformationExtractorJdbcDatabaseMetaDataImpl.java:38)
	at org.hibernate.tool.schema.extract.internal.InformationExtractorJdbcDatabaseMetaDataImpl.processTableResultSet(InformationExtractorJdbcDatabaseMetaDataImpl.java:76)
	at org.hibernate.tool.schema.extract.internal.AbstractInformationExtractorImpl.getTables(AbstractInformationExtractorImpl.java:496)
	at org.hibernate.tool.schema.extract.internal.DatabaseInformationImpl.getTablesInformation(DatabaseInformationImpl.java:124)
	at org.hibernate.tool.schema.internal.GroupedSchemaMigratorImpl.performTablesMigration(GroupedSchemaMigratorImpl.java:72)
	at org.hibernate.tool.schema.internal.AbstractSchemaMigrator.performMigration(AbstractSchemaMigrator.java:220)
	at org.hibernate.tool.schema.internal.AbstractSchemaMigrator.doMigration(AbstractSchemaMigrator.java:96)
	at org.hibernate.tool.schema.spi.SchemaManagementToolCoordinator.performDatabaseAction(SchemaManagementToolCoordinator.java:269)
	at org.hibernate.tool.schema.spi.SchemaManagementToolCoordinator.lambda$process$1(SchemaManagementToolCoordinator.java:101)
	at java.base/java.util.HashMap.forEach(HashMap.java:1429)
	at org.hibernate.tool.schema.spi.SchemaManagementToolCoordinator.process(SchemaManagementToolCoordinator.java:100)
	at org.hibernate.boot.internal.SessionFactoryObserverForSchemaExport.sessionFactoryCreated(SessionFactoryObserverForSchemaExport.java:35)
	at org.hibernate.internal.SessionFactoryObserverChain.sessionFactoryCreated(SessionFactoryObserverChain.java:33)
	at org.hibernate.internal.SessionFactoryImpl.<init>(SessionFactoryImpl.java:323)
	at org.hibernate.internal.SessionFactoryRegistry.instantiateSessionFactory(SessionFactoryRegistry.java:64)
	at org.hibernate.boot.internal.SessionFactoryBuilderImpl.build(SessionFactoryBuilderImpl.java:437)
	at org.hibernate.jpa.boot.internal.EntityManagerFactoryBuilderImpl.build(EntityManagerFactoryBuilderImpl.java:1456)
	at org.springframework.orm.jpa.vendor.SpringHibernateJpaPersistenceProvider.createContainerEntityManagerFactory(SpringHibernateJpaPersistenceProvider.java:66)
	at org.springframework.orm.jpa.LocalContainerEntityManagerFactoryBean.createNativeEntityManagerFactory(LocalContainerEntityManagerFactoryBean.java:433)
	at org.springframework.orm.jpa.AbstractEntityManagerFactoryBean.buildNativeEntityManagerFactory(AbstractEntityManagerFactoryBean.java:416)
	... 104 common frames omitted
Caused by: com.mysql.cj.jdbc.exceptions.CommunicationsException: Communications link failure

The last packet sent successfully to the server was 0 milliseconds ago. The driver has not received any packets from the server.
	at com.mysql.cj.jdbc.exceptions.SQLError.createCommunicationsException(SQLError.java:165)
	at com.mysql.cj.jdbc.exceptions.SQLExceptionsMapping.translateException(SQLExceptionsMapping.java:55)
	at com.mysql.cj.jdbc.ConnectionImpl.createNewIO(ConnectionImpl.java:840)
	at com.mysql.cj.jdbc.ConnectionImpl.<init>(ConnectionImpl.java:416)
	at com.mysql.cj.jdbc.ConnectionImpl.getInstance(ConnectionImpl.java:237)
	at com.mysql.cj.jdbc.NonRegisteringDriver.connect(NonRegisteringDriver.java:180)
	at com.zaxxer.hikari.util.DriverDataSource.getConnection(DriverDataSource.java:144)
	at com.zaxxer.hikari.pool.PoolBase.newConnection(PoolBase.java:373)
	at com.zaxxer.hikari.pool.PoolBase.newPoolEntry(PoolBase.java:210)
	at com.zaxxer.hikari.pool.HikariPool.createPoolEntry(HikariPool.java:488)
	at com.zaxxer.hikari.pool.HikariPool.checkFailFast(HikariPool.java:576)
	at com.zaxxer.hikari.pool.HikariPool.<init>(HikariPool.java:97)
	at com.zaxxer.hikari.HikariDataSource.getConnection(HikariDataSource.java:111)
	at org.hibernate.engine.jdbc.connections.internal.DataSourceConnectionProvider.getConnection(DataSourceConnectionProvider.java:137)
	at org.hibernate.engine.jdbc.env.internal.JdbcEnvironmentInitiator$ConnectionProviderJdbcConnectionAccess.obtainConnection(JdbcEnvironmentInitiator.java:508)
	at org.hibernate.resource.transaction.backend.jdbc.internal.DdlTransactionIsolatorNonJtaImpl.getIsolatedConnection(DdlTransactionIsolatorNonJtaImpl.java:44)
	... 127 common frames omitted
Caused by: com.mysql.cj.exceptions.CJCommunicationsException: Communications link failure

The last packet sent successfully to the server was 0 milliseconds ago. The driver has not received any packets from the server.
	at java.base/jdk.internal.reflect.DirectConstructorHandleAccessor.newInstance(DirectConstructorHandleAccessor.java:62)
	at java.base/java.lang.reflect.Constructor.newInstanceWithCaller(Constructor.java:502)
	at java.base/java.lang.reflect.Constructor.newInstance(Constructor.java:486)
	at com.mysql.cj.exceptions.ExceptionFactory.createException(ExceptionFactory.java:52)
	at com.mysql.cj.exceptions.ExceptionFactory.createException(ExceptionFactory.java:95)
	at com.mysql.cj.exceptions.ExceptionFactory.createException(ExceptionFactory.java:140)
	at com.mysql.cj.exceptions.ExceptionFactory.createCommunicationsException(ExceptionFactory.java:156)
	at com.mysql.cj.protocol.a.NativeSocketConnection.connect(NativeSocketConnection.java:79)
	at com.mysql.cj.NativeSession.connect(NativeSession.java:142)
	at com.mysql.cj.jdbc.ConnectionImpl.connectOneTryOnly(ConnectionImpl.java:964)
	at com.mysql.cj.jdbc.ConnectionImpl.createNewIO(ConnectionImpl.java:828)
	... 140 common frames omitted
Caused by: java.net.ConnectException: Connection refused: no further information
	at java.base/sun.nio.ch.Net.pollConnect(Native Method)
	at java.base/sun.nio.ch.Net.pollConnectNow(Net.java:682)
	at java.base/sun.nio.ch.NioSocketImpl.timedFinishConnect(NioSocketImpl.java:542)
	at java.base/sun.nio.ch.NioSocketImpl.connect(NioSocketImpl.java:592)
	at java.base/java.net.SocksSocketImpl.connect(SocksSocketImpl.java:327)
	at java.base/java.net.Socket.connect(Socket.java:751)
	at com.mysql.cj.protocol.StandardSocketFactory.connect(StandardSocketFactory.java:144)
	at com.mysql.cj.protocol.a.NativeSocketConnection.connect(NativeSocketConnection.java:53)
	... 143 common frames omitted
2026-06-11 11:34:27 [background-preinit] INFO  org.hibernate.validator.internal.util.Version - HV000001: Hibernate Validator 9.0.1.Final
2026-06-11 11:34:27 [main] INFO  com.training.mts.MtsApplication - Starting MtsApplication using Java 21 with PID 21228 (D:\Fidelity\Projects\money-transfer-system-secondary\backend\mts\target\classes started by deepc in D:\Fidelity\Projects\money-transfer-system-secondary\backend\mts)
2026-06-11 11:34:27 [main] INFO  com.training.mts.MtsApplication - No active profile set, falling back to 1 default profile: "default"
2026-06-11 11:34:28 [main] INFO  org.springframework.data.repository.config.RepositoryConfigurationDelegate - Bootstrapping Spring Data JPA repositories in DEFAULT mode.
2026-06-11 11:34:28 [main] INFO  org.springframework.data.repository.config.RepositoryConfigurationDelegate - Finished Spring Data repository scanning in 71 ms. Found 4 JPA repository interfaces.
2026-06-11 11:34:29 [main] INFO  org.springframework.boot.tomcat.TomcatWebServer - Tomcat initialized with port 8080 (http)
2026-06-11 11:34:29 [main] INFO  org.apache.coyote.http11.Http11NioProtocol - Initializing ProtocolHandler ["http-nio-8080"]
2026-06-11 11:34:29 [main] INFO  org.apache.catalina.core.StandardService - Starting service [Tomcat]
2026-06-11 11:34:29 [main] INFO  org.apache.catalina.core.StandardEngine - Starting Servlet engine: [Apache Tomcat/11.0.15]
2026-06-11 11:34:29 [main] INFO  org.springframework.boot.web.context.servlet.WebApplicationContextInitializer - Root WebApplicationContext: initialization completed in 2268 ms
2026-06-11 11:34:29 [main] INFO  org.hibernate.orm.jpa - HHH008540: Processing PersistenceUnitInfo [name: default]
2026-06-11 11:34:30 [main] INFO  org.hibernate.orm.core - HHH000001: Hibernate ORM core version 7.2.1.Final
2026-06-11 11:34:30 [main] INFO  org.springframework.orm.jpa.persistenceunit.SpringPersistenceUnitInfo - No LoadTimeWeaver setup: ignoring JPA class transformer
2026-06-11 11:34:30 [main] INFO  com.zaxxer.hikari.HikariDataSource - HikariPool-1 - Starting...
2026-06-11 11:34:31 [main] INFO  com.zaxxer.hikari.pool.HikariPool - HikariPool-1 - Added connection com.mysql.cj.jdbc.ConnectionImpl@2c70a1de
2026-06-11 11:34:31 [main] INFO  com.zaxxer.hikari.HikariDataSource - HikariPool-1 - Start completed.
2026-06-11 11:34:31 [main] WARN  org.hibernate.orm.deprecation - HHH90000025: MySQLDialect does not need to be specified explicitly using 'hibernate.dialect' (remove the property setting and it will be selected by default)
2026-06-11 11:34:31 [main] INFO  org.hibernate.orm.connections.pooling - HHH10001005: Database info:
	Database JDBC URL [jdbc:mysql://localhost:3306/mts?createDatabaseIfNotExist=true]
	Database driver: MySQL Connector/J
	Database dialect: MySQLDialect
	Database version: 8.0.46
	Default catalog/schema: mts/undefined
	Autocommit mode: undefined/unknown
	Isolation level: REPEATABLE_READ [default REPEATABLE_READ]
	JDBC fetch size: none
	Pool: DataSourceConnectionProvider
	Minimum pool size: undefined/unknown
	Maximum pool size: undefined/unknown
2026-06-11 11:34:32 [main] INFO  org.hibernate.orm.core - HHH000489: No JTA platform available (set 'hibernate.transaction.jta.platform' to enable JTA platform integration)
2026-06-11 11:34:33 [main] INFO  org.springframework.orm.jpa.LocalContainerEntityManagerFactoryBean - Initialized JPA EntityManagerFactory for persistence unit 'default'
2026-06-11 11:34:33 [main] INFO  org.springframework.data.jpa.repository.query.QueryEnhancerFactories - Hibernate is in classpath; If applicable, HQL parser will be used.
2026-06-11 11:34:34 [main] INFO  org.springframework.security.config.annotation.authentication.configuration.InitializeUserDetailsBeanManagerConfigurer$InitializeUserDetailsManagerConfigurer - Global AuthenticationManager configured with UserDetailsService bean with name customUserDetailsService
2026-06-11 11:34:35 [main] WARN  org.springframework.boot.jpa.autoconfigure.JpaBaseConfiguration$JpaWebConfiguration - spring.jpa.open-in-view is enabled by default. Therefore, database queries may be performed during view rendering. Explicitly configure spring.jpa.open-in-view to disable this warning
2026-06-11 11:34:35 [main] DEBUG org.springframework.security.web.DefaultSecurityFilterChain - Will secure any request with filters: DisableEncodeUrlFilter, WebAsyncManagerIntegrationFilter, SecurityContextHolderFilter, HeaderWriterFilter, CorsFilter, LogoutFilter, JwtAuthenticationFilter, RequestCacheAwareFilter, SecurityContextHolderAwareRequestFilter, AnonymousAuthenticationFilter, SessionManagementFilter, ExceptionTranslationFilter, AuthorizationFilter
2026-06-11 11:34:36 [main] INFO  org.apache.coyote.http11.Http11NioProtocol - Starting ProtocolHandler ["http-nio-8080"]
2026-06-11 11:34:36 [main] INFO  org.springframework.boot.tomcat.TomcatWebServer - Tomcat started on port 8080 (http) with context path '/'
2026-06-11 11:34:36 [main] INFO  com.training.mts.MtsApplication - Started MtsApplication in 10.228 seconds (process running for 10.8)
2026-06-11 11:45:09 [http-nio-8080-exec-1] INFO  org.apache.catalina.core.ContainerBase.[Tomcat].[localhost].[/] - Initializing Spring DispatcherServlet 'dispatcherServlet'
2026-06-11 11:45:09 [http-nio-8080-exec-1] INFO  org.springframework.web.servlet.DispatcherServlet - Initializing Servlet 'dispatcherServlet'
2026-06-11 11:45:09 [http-nio-8080-exec-1] INFO  org.springframework.web.servlet.DispatcherServlet - Completed initialization in 2 ms
2026-06-11 11:45:09 [http-nio-8080-exec-1] DEBUG org.springframework.security.web.FilterChainProxy - Securing OPTIONS /auth/register
2026-06-11 11:45:09 [http-nio-8080-exec-1] WARN  org.springframework.web.servlet.handler.HandlerMappingIntrospector - Cache miss for REQUEST dispatch to '/auth/register' (previous null). Performing CorsConfiguration lookup. This is logged once only at WARN level, and every time at TRACE.
2026-06-11 11:45:09 [http-nio-8080-exec-2] DEBUG org.springframework.security.web.FilterChainProxy - Securing POST /auth/register
2026-06-11 11:45:09 [http-nio-8080-exec-2] DEBUG org.springframework.security.web.authentication.AnonymousAuthenticationFilter - Set SecurityContextHolder to anonymous SecurityContext
2026-06-11 11:45:09 [http-nio-8080-exec-2] DEBUG org.springframework.security.web.FilterChainProxy - Secured POST /auth/register
2026-06-11 11:45:09 [http-nio-8080-exec-2] INFO  com.training.mts.aop.LoggingAspect - Entering method: UserServiceImpl.createUser(..) with arguments: [Deepak, 9840774662, deepchan04@gmail.com, Brasil@@10118]
2026-06-11 11:45:09 [http-nio-8080-exec-2] INFO  com.training.mts.aop.LoggingAspect - Entering method: VPAServiceImpl.generateVPAId(..) with arguments: [User{id=1, name='Deepak', vpa=null}]
2026-06-11 11:45:09 [http-nio-8080-exec-2] INFO  com.training.mts.aop.LoggingAspect - Method executed successfully: VPAServiceImpl.generateVPAId(..) | Returned: deepchan0498401@mts
2026-06-11 11:45:09 [http-nio-8080-exec-2] INFO  com.training.mts.aop.LoggingAspect - Method executed successfully: UserServiceImpl.createUser(..) | Returned: User{id=1, name='Deepak', vpa=com.training.mts.model.VPA@3f032de1}
2026-06-11 11:45:09 [http-nio-8080-exec-3] DEBUG org.springframework.security.web.FilterChainProxy - Securing OPTIONS /users/findByPhone?phoneNumber=9840774662
2026-06-11 11:45:09 [http-nio-8080-exec-4] DEBUG org.springframework.security.web.FilterChainProxy - Securing GET /users/findByPhone?phoneNumber=9840774662
2026-06-11 11:45:09 [http-nio-8080-exec-4] ERROR com.training.mts.security.JwtUtils - JWT validation failed: JWT strings must contain exactly 2 period characters. Found: 0
2026-06-11 11:45:09 [http-nio-8080-exec-4] DEBUG org.springframework.security.web.authentication.AnonymousAuthenticationFilter - Set SecurityContextHolder to anonymous SecurityContext
2026-06-11 11:45:09 [http-nio-8080-exec-4] DEBUG org.springframework.security.web.authentication.Http403ForbiddenEntryPoint - Pre-authenticated entry point called. Rejecting access
2026-06-11 11:45:09 [http-nio-8080-exec-4] DEBUG org.springframework.security.web.FilterChainProxy - Securing GET /error?phoneNumber=9840774662
2026-06-11 11:45:09 [http-nio-8080-exec-4] DEBUG org.springframework.security.web.authentication.AnonymousAuthenticationFilter - Set SecurityContextHolder to anonymous SecurityContext
2026-06-11 11:45:09 [http-nio-8080-exec-4] DEBUG org.springframework.security.web.authentication.Http403ForbiddenEntryPoint - Pre-authenticated entry point called. Rejecting access
2026-06-11 11:45:45 [http-nio-8080-exec-5] DEBUG org.springframework.security.web.FilterChainProxy - Securing OPTIONS /auth/login
2026-06-11 11:45:45 [http-nio-8080-exec-6] DEBUG org.springframework.security.web.FilterChainProxy - Securing POST /auth/login
2026-06-11 11:45:45 [http-nio-8080-exec-6] DEBUG org.springframework.security.web.authentication.AnonymousAuthenticationFilter - Set SecurityContextHolder to anonymous SecurityContext
2026-06-11 11:45:45 [http-nio-8080-exec-6] DEBUG org.springframework.security.web.FilterChainProxy - Secured POST /auth/login
2026-06-11 11:45:47 [http-nio-8080-exec-6] DEBUG org.springframework.security.authentication.dao.DaoAuthenticationProvider - Authenticated user
2026-06-11 11:45:47 [http-nio-8080-exec-7] DEBUG org.springframework.security.web.FilterChainProxy - Securing OPTIONS /users/findByPhone?phoneNumber=9840774662
2026-06-11 11:45:47 [http-nio-8080-exec-8] DEBUG org.springframework.security.web.FilterChainProxy - Securing GET /users/findByPhone?phoneNumber=9840774662
2026-06-11 11:45:47 [http-nio-8080-exec-8] DEBUG org.springframework.security.web.FilterChainProxy - Secured GET /users/findByPhone?phoneNumber=9840774662
2026-06-11 11:45:47 [http-nio-8080-exec-8] INFO  com.training.mts.aop.LoggingAspect - Entering method: UserServiceImpl.getUserByPhoneNumber(..) with arguments: [9840774662]
2026-06-11 11:45:47 [http-nio-8080-exec-8] INFO  com.training.mts.aop.LoggingAspect - Method executed successfully: UserServiceImpl.getUserByPhoneNumber(..) | Returned: User{id=1, name='Deepak', vpa=com.training.mts.model.VPA@3b04a303}
2026-06-11 12:03:30 [HikariPool-1:housekeeper] WARN  com.zaxxer.hikari.pool.HikariPool - HikariPool-1 - Thread starvation or clock leap detected (housekeeper delta=2m28s124ms510µs100ns).
2026-06-11 15:53:54 [HikariPool-1:housekeeper] WARN  com.zaxxer.hikari.pool.HikariPool - HikariPool-1 - Thread starvation or clock leap detected (housekeeper delta=3h15m23s851ms655µs99ns).
2026-06-11 15:57:21 [http-nio-8080-exec-10] DEBUG org.springframework.security.web.FilterChainProxy - Securing OPTIONS /bankaccounts/link
2026-06-11 15:57:21 [http-nio-8080-exec-1] DEBUG org.springframework.security.web.FilterChainProxy - Securing POST /bankaccounts/link
2026-06-11 15:57:21 [http-nio-8080-exec-1] DEBUG org.springframework.security.web.FilterChainProxy - Secured POST /bankaccounts/link
2026-06-11 15:57:21 [http-nio-8080-exec-1] INFO  com.training.mts.aop.LoggingAspect - Entering method: BankAccountServiceImpl.linkBankAccount(..) with arguments: [deepchan0498401@mts, ACC1001, 1234]
2026-06-11 15:57:22 [http-nio-8080-exec-1] ERROR com.training.mts.aop.LoggingAspect - Exception in method: BankAccountServiceImpl.linkBankAccount(..) | Message: Bank account not found with account number: ACC1001 | Arguments: [deepchan0498401@mts, ACC1001, 1234]
com.training.mts.exceptions.AccountNotFoundException: Bank account not found with account number: ACC1001
	at com.training.mts.service.BankAccountServiceImpl.linkBankAccount(BankAccountServiceImpl.java:47)
	at java.base/jdk.internal.reflect.DirectMethodHandleAccessor.invoke(DirectMethodHandleAccessor.java:103)
	at java.base/java.lang.reflect.Method.invoke(Method.java:580)
	at org.springframework.aop.support.AopUtils.invokeJoinpointUsingReflection(AopUtils.java:359)
	at org.springframework.aop.framework.ReflectiveMethodInvocation.invokeJoinpoint(ReflectiveMethodInvocation.java:190)
	at org.springframework.aop.framework.ReflectiveMethodInvocation.proceed(ReflectiveMethodInvocation.java:158)
	at org.springframework.aop.aspectj.AspectJAfterThrowingAdvice.invoke(AspectJAfterThrowingAdvice.java:63)
	at org.springframework.aop.framework.ReflectiveMethodInvocation.proceed(ReflectiveMethodInvocation.java:179)
	at org.springframework.aop.framework.adapter.AfterReturningAdviceInterceptor.invoke(AfterReturningAdviceInterceptor.java:56)
	at org.springframework.aop.framework.ReflectiveMethodInvocation.proceed(ReflectiveMethodInvocation.java:179)
	at org.springframework.aop.framework.adapter.MethodBeforeAdviceInterceptor.invoke(MethodBeforeAdviceInterceptor.java:57)
	at org.springframework.aop.framework.ReflectiveMethodInvocation.proceed(ReflectiveMethodInvocation.java:179)
	at org.springframework.aop.interceptor.ExposeInvocationInterceptor.invoke(ExposeInvocationInterceptor.java:96)
	at org.springframework.aop.framework.ReflectiveMethodInvocation.proceed(ReflectiveMethodInvocation.java:179)
	at org.springframework.aop.framework.CglibAopProxy$DynamicAdvisedInterceptor.intercept(CglibAopProxy.java:719)
	at com.training.mts.service.BankAccountServiceImpl$$SpringCGLIB$$0.linkBankAccount(<generated>)
	at com.training.mts.controller.BankAccountController.linkBankAccount(BankAccountController.java:27)
	at java.base/jdk.internal.reflect.DirectMethodHandleAccessor.invoke(DirectMethodHandleAccessor.java:103)
	at java.base/java.lang.reflect.Method.invoke(Method.java:580)
	at org.springframework.web.method.support.InvocableHandlerMethod.doInvoke(InvocableHandlerMethod.java:258)
	at org.springframework.web.method.support.InvocableHandlerMethod.invokeForRequest(InvocableHandlerMethod.java:190)
	at org.springframework.web.servlet.mvc.method.annotation.ServletInvocableHandlerMethod.invokeAndHandle(ServletInvocableHandlerMethod.java:117)
	at org.springframework.web.servlet.mvc.method.annotation.RequestMappingHandlerAdapter.invokeHandlerMethod(RequestMappingHandlerAdapter.java:934)
	at org.springframework.web.servlet.mvc.method.annotation.RequestMappingHandlerAdapter.handleInternal(RequestMappingHandlerAdapter.java:853)
	at org.springframework.web.servlet.mvc.method.AbstractHandlerMethodAdapter.handle(AbstractHandlerMethodAdapter.java:86)
	at org.springframework.web.servlet.DispatcherServlet.doDispatch(DispatcherServlet.java:963)
	at org.springframework.web.servlet.DispatcherServlet.doService(DispatcherServlet.java:866)
	at org.springframework.web.servlet.FrameworkServlet.processRequest(FrameworkServlet.java:1003)
	at org.springframework.web.servlet.FrameworkServlet.doPost(FrameworkServlet.java:903)
	at jakarta.servlet.http.HttpServlet.service(HttpServlet.java:649)
	at org.springframework.web.servlet.FrameworkServlet.service(FrameworkServlet.java:874)
	at jakarta.servlet.http.HttpServlet.service(HttpServlet.java:710)
	at org.apache.catalina.core.ApplicationFilterChain.doFilter(ApplicationFilterChain.java:128)
	at org.apache.tomcat.websocket.server.WsFilter.doFilter(WsFilter.java:53)
	at org.apache.catalina.core.ApplicationFilterChain.doFilter(ApplicationFilterChain.java:107)
	at org.springframework.web.filter.OncePerRequestFilter.doFilter(OncePerRequestFilter.java:110)
	at org.apache.catalina.core.ApplicationFilterChain.doFilter(ApplicationFilterChain.java:107)
	at org.springframework.web.filter.CompositeFilter$VirtualFilterChain.doFilter(CompositeFilter.java:108)
	at org.springframework.security.web.FilterChainProxy.lambda$doFilterInternal$3(FilterChainProxy.java:235)
	at org.springframework.security.web.FilterChainProxy$VirtualFilterChain.doFilter(FilterChainProxy.java:371)
	at org.springframework.security.web.access.intercept.AuthorizationFilter.doFilter(AuthorizationFilter.java:101)
	at org.springframework.security.web.FilterChainProxy$VirtualFilterChain.doFilter(FilterChainProxy.java:380)
	at org.springframework.security.web.access.ExceptionTranslationFilter.doFilter(ExceptionTranslationFilter.java:126)
	at org.springframework.security.web.access.ExceptionTranslationFilter.doFilter(ExceptionTranslationFilter.java:120)
	at org.springframework.security.web.FilterChainProxy$VirtualFilterChain.doFilter(FilterChainProxy.java:380)
	at org.springframework.security.web.session.SessionManagementFilter.doFilter(SessionManagementFilter.java:132)
	at org.springframework.security.web.session.SessionManagementFilter.doFilter(SessionManagementFilter.java:86)
	at org.springframework.security.web.FilterChainProxy$VirtualFilterChain.doFilter(FilterChainProxy.java:380)
	at org.springframework.security.web.authentication.AnonymousAuthenticationFilter.doFilter(AnonymousAuthenticationFilter.java:100)
	at org.springframework.security.web.FilterChainProxy$VirtualFilterChain.doFilter(FilterChainProxy.java:380)
	at org.springframework.security.web.servletapi.SecurityContextHolderAwareRequestFilter.doFilter(SecurityContextHolderAwareRequestFilter.java:181)
	at org.springframework.security.web.FilterChainProxy$VirtualFilterChain.doFilter(FilterChainProxy.java:380)
	at org.springframework.security.web.savedrequest.RequestCacheAwareFilter.doFilter(RequestCacheAwareFilter.java:63)
	at org.springframework.security.web.FilterChainProxy$VirtualFilterChain.doFilter(FilterChainProxy.java:380)
	at com.training.mts.security.JwtAuthenticationFilter.doFilterInternal(JwtAuthenticationFilter.java:48)
	at org.springframework.web.filter.OncePerRequestFilter.doFilter(OncePerRequestFilter.java:116)
	at org.springframework.security.web.FilterChainProxy$VirtualFilterChain.doFilter(FilterChainProxy.java:380)
	at org.springframework.security.web.authentication.logout.LogoutFilter.doFilter(LogoutFilter.java:110)
	at org.springframework.security.web.authentication.logout.LogoutFilter.doFilter(LogoutFilter.java:96)
	at org.springframework.security.web.FilterChainProxy$VirtualFilterChain.doFilter(FilterChainProxy.java:380)
	at org.springframework.web.filter.CorsFilter.doFilterInternal(CorsFilter.java:91)
	at org.springframework.web.filter.OncePerRequestFilter.doFilter(OncePerRequestFilter.java:116)
	at org.springframework.security.web.FilterChainProxy$VirtualFilterChain.doFilter(FilterChainProxy.java:380)
	at org.springframework.security.web.header.HeaderWriterFilter.doHeadersAfter(HeaderWriterFilter.java:90)
	at org.springframework.security.web.header.HeaderWriterFilter.doFilterInternal(HeaderWriterFilter.java:75)
	at org.springframework.web.filter.OncePerRequestFilter.doFilter(OncePerRequestFilter.java:116)
	at org.springframework.security.web.FilterChainProxy$VirtualFilterChain.doFilter(FilterChainProxy.java:380)
	at org.springframework.security.web.context.SecurityContextHolderFilter.doFilter(SecurityContextHolderFilter.java:82)
	at org.springframework.security.web.context.SecurityContextHolderFilter.doFilter(SecurityContextHolderFilter.java:69)
	at org.springframework.security.web.FilterChainProxy$VirtualFilterChain.doFilter(FilterChainProxy.java:380)
	at org.springframework.security.web.context.request.async.WebAsyncManagerIntegrationFilter.doFilterInternal(WebAsyncManagerIntegrationFilter.java:62)
	at org.springframework.web.filter.OncePerRequestFilter.doFilter(OncePerRequestFilter.java:116)
	at org.springframework.security.web.FilterChainProxy$VirtualFilterChain.doFilter(FilterChainProxy.java:380)
	at org.springframework.security.web.session.DisableEncodeUrlFilter.doFilterInternal(DisableEncodeUrlFilter.java:42)
	at org.springframework.web.filter.OncePerRequestFilter.doFilter(OncePerRequestFilter.java:116)
	at org.springframework.security.web.FilterChainProxy$VirtualFilterChain.doFilter(FilterChainProxy.java:380)
	at org.springframework.security.web.FilterChainProxy.doFilterInternal(FilterChainProxy.java:237)
	at org.springframework.security.web.FilterChainProxy.doFilter(FilterChainProxy.java:195)
	at org.springframework.web.filter.CompositeFilter$VirtualFilterChain.doFilter(CompositeFilter.java:113)
	at org.springframework.web.filter.ServletRequestPathFilter.doFilter(ServletRequestPathFilter.java:52)
	at org.springframework.web.filter.CompositeFilter$VirtualFilterChain.doFilter(CompositeFilter.java:113)
	at org.springframework.web.filter.CompositeFilter.doFilter(CompositeFilter.java:74)
	at org.springframework.security.config.annotation.web.configuration.WebSecurityConfiguration$CompositeFilterChainProxy.doFilter(WebSecurityConfiguration.java:317)
	at org.springframework.web.filter.DelegatingFilterProxy.invokeDelegate(DelegatingFilterProxy.java:355)
	at org.springframework.web.filter.DelegatingFilterProxy.doFilter(DelegatingFilterProxy.java:272)
	at org.apache.catalina.core.ApplicationFilterChain.doFilter(ApplicationFilterChain.java:107)
	at org.springframework.web.filter.RequestContextFilter.doFilterInternal(RequestContextFilter.java:100)
	at org.springframework.web.filter.OncePerRequestFilter.doFilter(OncePerRequestFilter.java:116)
	at org.apache.catalina.core.ApplicationFilterChain.doFilter(ApplicationFilterChain.java:107)
	at org.springframework.web.filter.FormContentFilter.doFilterInternal(FormContentFilter.java:93)
	at org.springframework.web.filter.OncePerRequestFilter.doFilter(OncePerRequestFilter.java:116)
	at org.apache.catalina.core.ApplicationFilterChain.doFilter(ApplicationFilterChain.java:107)
	at org.springframework.web.filter.CharacterEncodingFilter.doFilterInternal(CharacterEncodingFilter.java:199)
	at org.springframework.web.filter.OncePerRequestFilter.doFilter(OncePerRequestFilter.java:116)
	at org.apache.catalina.core.ApplicationFilterChain.doFilter(ApplicationFilterChain.java:107)
	at org.apache.catalina.core.StandardWrapperValve.invoke(StandardWrapperValve.java:165)
	at org.apache.catalina.core.StandardContextValve.invoke(StandardContextValve.java:77)
	at org.apache.catalina.authenticator.AuthenticatorBase.invoke(AuthenticatorBase.java:482)
	at org.apache.catalina.core.StandardHostValve.invoke(StandardHostValve.java:113)
	at org.apache.catalina.valves.ErrorReportValve.invoke(ErrorReportValve.java:83)
	at org.apache.catalina.core.StandardEngineValve.invoke(StandardEngineValve.java:72)
	at org.apache.catalina.connector.CoyoteAdapter.service(CoyoteAdapter.java:341)
	at org.apache.coyote.http11.Http11Processor.service(Http11Processor.java:397)
	at org.apache.coyote.AbstractProcessorLight.process(AbstractProcessorLight.java:63)
	at org.apache.coyote.AbstractProtocol$ConnectionHandler.process(AbstractProtocol.java:903)
	at org.apache.tomcat.util.net.NioEndpoint$SocketProcessor.doRun(NioEndpoint.java:1778)
	at org.apache.tomcat.util.net.SocketProcessorBase.run(SocketProcessorBase.java:52)
	at org.apache.tomcat.util.threads.ThreadPoolExecutor.runWorker(ThreadPoolExecutor.java:946)
	at org.apache.tomcat.util.threads.ThreadPoolExecutor$Worker.run(ThreadPoolExecutor.java:480)
	at org.apache.tomcat.util.threads.TaskThread$WrappingRunnable.run(TaskThread.java:57)
	at java.base/java.lang.Thread.run(Thread.java:1583)
2026-06-11 15:58:24 [http-nio-8080-exec-3] DEBUG org.springframework.security.web.FilterChainProxy - Securing OPTIONS /bankaccounts/link
2026-06-11 15:58:24 [http-nio-8080-exec-4] DEBUG org.springframework.security.web.FilterChainProxy - Securing POST /bankaccounts/link
2026-06-11 15:58:24 [http-nio-8080-exec-4] DEBUG org.springframework.security.web.FilterChainProxy - Secured POST /bankaccounts/link
2026-06-11 15:58:24 [http-nio-8080-exec-4] INFO  com.training.mts.aop.LoggingAspect - Entering method: BankAccountServiceImpl.linkBankAccount(..) with arguments: [deepchan0498401@mts, ACC1001, 1234]
2026-06-11 15:58:24 [http-nio-8080-exec-4] ERROR com.training.mts.aop.LoggingAspect - Exception in method: BankAccountServiceImpl.linkBankAccount(..) | Message: Account password incorrect!! | Arguments: [deepchan0498401@mts, ACC1001, 1234]
com.training.mts.exceptions.IncorrectPasswordException: Account password incorrect!!
	at com.training.mts.service.BankAccountServiceImpl.linkBankAccount(BankAccountServiceImpl.java:56)
	at java.base/jdk.internal.reflect.DirectMethodHandleAccessor.invoke(DirectMethodHandleAccessor.java:103)
	at java.base/java.lang.reflect.Method.invoke(Method.java:580)
	at org.springframework.aop.support.AopUtils.invokeJoinpointUsingReflection(AopUtils.java:359)
	at org.springframework.aop.framework.ReflectiveMethodInvocation.invokeJoinpoint(ReflectiveMethodInvocation.java:190)
	at org.springframework.aop.framework.ReflectiveMethodInvocation.proceed(ReflectiveMethodInvocation.java:158)
	at org.springframework.aop.aspectj.AspectJAfterThrowingAdvice.invoke(AspectJAfterThrowingAdvice.java:63)
	at org.springframework.aop.framework.ReflectiveMethodInvocation.proceed(ReflectiveMethodInvocation.java:179)
	at org.springframework.aop.framework.adapter.AfterReturningAdviceInterceptor.invoke(AfterReturningAdviceInterceptor.java:56)
	at org.springframework.aop.framework.ReflectiveMethodInvocation.proceed(ReflectiveMethodInvocation.java:179)
	at org.springframework.aop.framework.adapter.MethodBeforeAdviceInterceptor.invoke(MethodBeforeAdviceInterceptor.java:57)
	at org.springframework.aop.framework.ReflectiveMethodInvocation.proceed(ReflectiveMethodInvocation.java:179)
	at org.springframework.aop.interceptor.ExposeInvocationInterceptor.invoke(ExposeInvocationInterceptor.java:96)
	at org.springframework.aop.framework.ReflectiveMethodInvocation.proceed(ReflectiveMethodInvocation.java:179)
	at org.springframework.aop.framework.CglibAopProxy$DynamicAdvisedInterceptor.intercept(CglibAopProxy.java:719)
	at com.training.mts.service.BankAccountServiceImpl$$SpringCGLIB$$0.linkBankAccount(<generated>)
	at com.training.mts.controller.BankAccountController.linkBankAccount(BankAccountController.java:27)
	at java.base/jdk.internal.reflect.DirectMethodHandleAccessor.invoke(DirectMethodHandleAccessor.java:103)
	at java.base/java.lang.reflect.Method.invoke(Method.java:580)
	at org.springframework.web.method.support.InvocableHandlerMethod.doInvoke(InvocableHandlerMethod.java:258)
	at org.springframework.web.method.support.InvocableHandlerMethod.invokeForRequest(InvocableHandlerMethod.java:190)
	at org.springframework.web.servlet.mvc.method.annotation.ServletInvocableHandlerMethod.invokeAndHandle(ServletInvocableHandlerMethod.java:117)
	at org.springframework.web.servlet.mvc.method.annotation.RequestMappingHandlerAdapter.invokeHandlerMethod(RequestMappingHandlerAdapter.java:934)
	at org.springframework.web.servlet.mvc.method.annotation.RequestMappingHandlerAdapter.handleInternal(RequestMappingHandlerAdapter.java:853)
	at org.springframework.web.servlet.mvc.method.AbstractHandlerMethodAdapter.handle(AbstractHandlerMethodAdapter.java:86)
	at org.springframework.web.servlet.DispatcherServlet.doDispatch(DispatcherServlet.java:963)
	at org.springframework.web.servlet.DispatcherServlet.doService(DispatcherServlet.java:866)
	at org.springframework.web.servlet.FrameworkServlet.processRequest(FrameworkServlet.java:1003)
	at org.springframework.web.servlet.FrameworkServlet.doPost(FrameworkServlet.java:903)
	at jakarta.servlet.http.HttpServlet.service(HttpServlet.java:649)
	at org.springframework.web.servlet.FrameworkServlet.service(FrameworkServlet.java:874)
	at jakarta.servlet.http.HttpServlet.service(HttpServlet.java:710)
	at org.apache.catalina.core.ApplicationFilterChain.doFilter(ApplicationFilterChain.java:128)
	at org.apache.tomcat.websocket.server.WsFilter.doFilter(WsFilter.java:53)
	at org.apache.catalina.core.ApplicationFilterChain.doFilter(ApplicationFilterChain.java:107)
	at org.springframework.web.filter.OncePerRequestFilter.doFilter(OncePerRequestFilter.java:110)
	at org.apache.catalina.core.ApplicationFilterChain.doFilter(ApplicationFilterChain.java:107)
	at org.springframework.web.filter.CompositeFilter$VirtualFilterChain.doFilter(CompositeFilter.java:108)
	at org.springframework.security.web.FilterChainProxy.lambda$doFilterInternal$3(FilterChainProxy.java:235)
	at org.springframework.security.web.FilterChainProxy$VirtualFilterChain.doFilter(FilterChainProxy.java:371)
	at org.springframework.security.web.access.intercept.AuthorizationFilter.doFilter(AuthorizationFilter.java:101)
	at org.springframework.security.web.FilterChainProxy$VirtualFilterChain.doFilter(FilterChainProxy.java:380)
	at org.springframework.security.web.access.ExceptionTranslationFilter.doFilter(ExceptionTranslationFilter.java:126)
	at org.springframework.security.web.access.ExceptionTranslationFilter.doFilter(ExceptionTranslationFilter.java:120)
	at org.springframework.security.web.FilterChainProxy$VirtualFilterChain.doFilter(FilterChainProxy.java:380)
	at org.springframework.security.web.session.SessionManagementFilter.doFilter(SessionManagementFilter.java:132)
	at org.springframework.security.web.session.SessionManagementFilter.doFilter(SessionManagementFilter.java:86)
	at org.springframework.security.web.FilterChainProxy$VirtualFilterChain.doFilter(FilterChainProxy.java:380)
	at org.springframework.security.web.authentication.AnonymousAuthenticationFilter.doFilter(AnonymousAuthenticationFilter.java:100)
	at org.springframework.security.web.FilterChainProxy$VirtualFilterChain.doFilter(FilterChainProxy.java:380)
	at org.springframework.security.web.servletapi.SecurityContextHolderAwareRequestFilter.doFilter(SecurityContextHolderAwareRequestFilter.java:181)
	at org.springframework.security.web.FilterChainProxy$VirtualFilterChain.doFilter(FilterChainProxy.java:380)
	at org.springframework.security.web.savedrequest.RequestCacheAwareFilter.doFilter(RequestCacheAwareFilter.java:63)
	at org.springframework.security.web.FilterChainProxy$VirtualFilterChain.doFilter(FilterChainProxy.java:380)
	at com.training.mts.security.JwtAuthenticationFilter.doFilterInternal(JwtAuthenticationFilter.java:48)
	at org.springframework.web.filter.OncePerRequestFilter.doFilter(OncePerRequestFilter.java:116)
	at org.springframework.security.web.FilterChainProxy$VirtualFilterChain.doFilter(FilterChainProxy.java:380)
	at org.springframework.security.web.authentication.logout.LogoutFilter.doFilter(LogoutFilter.java:110)
	at org.springframework.security.web.authentication.logout.LogoutFilter.doFilter(LogoutFilter.java:96)
	at org.springframework.security.web.FilterChainProxy$VirtualFilterChain.doFilter(FilterChainProxy.java:380)
	at org.springframework.web.filter.CorsFilter.doFilterInternal(CorsFilter.java:91)
	at org.springframework.web.filter.OncePerRequestFilter.doFilter(OncePerRequestFilter.java:116)
	at org.springframework.security.web.FilterChainProxy$VirtualFilterChain.doFilter(FilterChainProxy.java:380)
	at org.springframework.security.web.header.HeaderWriterFilter.doHeadersAfter(HeaderWriterFilter.java:90)
	at org.springframework.security.web.header.HeaderWriterFilter.doFilterInternal(HeaderWriterFilter.java:75)
	at org.springframework.web.filter.OncePerRequestFilter.doFilter(OncePerRequestFilter.java:116)
	at org.springframework.security.web.FilterChainProxy$VirtualFilterChain.doFilter(FilterChainProxy.java:380)
	at org.springframework.security.web.context.SecurityContextHolderFilter.doFilter(SecurityContextHolderFilter.java:82)
	at org.springframework.security.web.context.SecurityContextHolderFilter.doFilter(SecurityContextHolderFilter.java:69)
	at org.springframework.security.web.FilterChainProxy$VirtualFilterChain.doFilter(FilterChainProxy.java:380)
	at org.springframework.security.web.context.request.async.WebAsyncManagerIntegrationFilter.doFilterInternal(WebAsyncManagerIntegrationFilter.java:62)
	at org.springframework.web.filter.OncePerRequestFilter.doFilter(OncePerRequestFilter.java:116)
	at org.springframework.security.web.FilterChainProxy$VirtualFilterChain.doFilter(FilterChainProxy.java:380)
	at org.springframework.security.web.session.DisableEncodeUrlFilter.doFilterInternal(DisableEncodeUrlFilter.java:42)
	at org.springframework.web.filter.OncePerRequestFilter.doFilter(OncePerRequestFilter.java:116)
	at org.springframework.security.web.FilterChainProxy$VirtualFilterChain.doFilter(FilterChainProxy.java:380)
	at org.springframework.security.web.FilterChainProxy.doFilterInternal(FilterChainProxy.java:237)
	at org.springframework.security.web.FilterChainProxy.doFilter(FilterChainProxy.java:195)
	at org.springframework.web.filter.CompositeFilter$VirtualFilterChain.doFilter(CompositeFilter.java:113)
	at org.springframework.web.filter.ServletRequestPathFilter.doFilter(ServletRequestPathFilter.java:52)
	at org.springframework.web.filter.CompositeFilter$VirtualFilterChain.doFilter(CompositeFilter.java:113)
	at org.springframework.web.filter.CompositeFilter.doFilter(CompositeFilter.java:74)
	at org.springframework.security.config.annotation.web.configuration.WebSecurityConfiguration$CompositeFilterChainProxy.doFilter(WebSecurityConfiguration.java:317)
	at org.springframework.web.filter.DelegatingFilterProxy.invokeDelegate(DelegatingFilterProxy.java:355)
	at org.springframework.web.filter.DelegatingFilterProxy.doFilter(DelegatingFilterProxy.java:272)
	at org.apache.catalina.core.ApplicationFilterChain.doFilter(ApplicationFilterChain.java:107)
	at org.springframework.web.filter.RequestContextFilter.doFilterInternal(RequestContextFilter.java:100)
	at org.springframework.web.filter.OncePerRequestFilter.doFilter(OncePerRequestFilter.java:116)
	at org.apache.catalina.core.ApplicationFilterChain.doFilter(ApplicationFilterChain.java:107)
	at org.springframework.web.filter.FormContentFilter.doFilterInternal(FormContentFilter.java:93)
	at org.springframework.web.filter.OncePerRequestFilter.doFilter(OncePerRequestFilter.java:116)
	at org.apache.catalina.core.ApplicationFilterChain.doFilter(ApplicationFilterChain.java:107)
	at org.springframework.web.filter.CharacterEncodingFilter.doFilterInternal(CharacterEncodingFilter.java:199)
	at org.springframework.web.filter.OncePerRequestFilter.doFilter(OncePerRequestFilter.java:116)
	at org.apache.catalina.core.ApplicationFilterChain.doFilter(ApplicationFilterChain.java:107)
	at org.apache.catalina.core.StandardWrapperValve.invoke(StandardWrapperValve.java:165)
	at org.apache.catalina.core.StandardContextValve.invoke(StandardContextValve.java:77)
	at org.apache.catalina.authenticator.AuthenticatorBase.invoke(AuthenticatorBase.java:482)
	at org.apache.catalina.core.StandardHostValve.invoke(StandardHostValve.java:113)
	at org.apache.catalina.valves.ErrorReportValve.invoke(ErrorReportValve.java:83)
	at org.apache.catalina.core.StandardEngineValve.invoke(StandardEngineValve.java:72)
	at org.apache.catalina.connector.CoyoteAdapter.service(CoyoteAdapter.java:341)
	at org.apache.coyote.http11.Http11Processor.service(Http11Processor.java:397)
	at org.apache.coyote.AbstractProcessorLight.process(AbstractProcessorLight.java:63)
	at org.apache.coyote.AbstractProtocol$ConnectionHandler.process(AbstractProtocol.java:903)
	at org.apache.tomcat.util.net.NioEndpoint$SocketProcessor.doRun(NioEndpoint.java:1778)
	at org.apache.tomcat.util.net.SocketProcessorBase.run(SocketProcessorBase.java:52)
	at org.apache.tomcat.util.threads.ThreadPoolExecutor.runWorker(ThreadPoolExecutor.java:946)
	at org.apache.tomcat.util.threads.ThreadPoolExecutor$Worker.run(ThreadPoolExecutor.java:480)
	at org.apache.tomcat.util.threads.TaskThread$WrappingRunnable.run(TaskThread.java:57)
	at java.base/java.lang.Thread.run(Thread.java:1583)
2026-06-11 15:58:34 [http-nio-8080-exec-5] DEBUG org.springframework.security.web.FilterChainProxy - Securing OPTIONS /bankaccounts/link
2026-06-11 15:58:34 [http-nio-8080-exec-6] DEBUG org.springframework.security.web.FilterChainProxy - Securing POST /bankaccounts/link
2026-06-11 15:58:34 [http-nio-8080-exec-6] DEBUG org.springframework.security.web.FilterChainProxy - Secured POST /bankaccounts/link
2026-06-11 15:58:34 [http-nio-8080-exec-6] INFO  com.training.mts.aop.LoggingAspect - Entering method: BankAccountServiceImpl.linkBankAccount(..) with arguments: [deepchan0498401@mts, ACC1001, 123456]
2026-06-11 15:58:34 [http-nio-8080-exec-6] INFO  com.training.mts.aop.LoggingAspect - Method executed successfully: BankAccountServiceImpl.linkBankAccount(..) | Returned: User{id=1, name='Deepak', vpa=com.training.mts.model.VPA@732c4ed6}
2026-06-11 15:58:39 [http-nio-8080-exec-7] DEBUG org.springframework.security.web.FilterChainProxy - Securing OPTIONS /transactions/gettranslog?vpaId=deepchan0498401@mts
2026-06-11 15:58:39 [http-nio-8080-exec-8] DEBUG org.springframework.security.web.FilterChainProxy - Securing GET /transactions/gettranslog?vpaId=deepchan0498401@mts
2026-06-11 15:58:39 [http-nio-8080-exec-8] DEBUG org.springframework.security.web.FilterChainProxy - Secured GET /transactions/gettranslog?vpaId=deepchan0498401@mts
2026-06-11 15:58:39 [http-nio-8080-exec-8] INFO  com.training.mts.aop.LoggingAspect - Entering method: TransactionServiceImpl.getTransactionHistory(..) with arguments: [deepchan0498401@mts]
2026-06-11 15:58:39 [http-nio-8080-exec-8] INFO  com.training.mts.aop.LoggingAspect - Method executed successfully: TransactionServiceImpl.getTransactionHistory(..) | Returned: com.training.mts.dto.TransactionHistoryResponse@78fd00e6
2026-06-11 15:58:59 [http-nio-8080-exec-9] DEBUG org.springframework.security.web.FilterChainProxy - Securing OPTIONS /users/getbalance?vpaId=deepchan0498401@mts&password=123456
2026-06-11 15:58:59 [http-nio-8080-exec-10] DEBUG org.springframework.security.web.FilterChainProxy - Securing GET /users/getbalance?vpaId=deepchan0498401@mts&password=123456
2026-06-11 15:58:59 [http-nio-8080-exec-10] DEBUG org.springframework.security.web.FilterChainProxy - Secured GET /users/getbalance?vpaId=deepchan0498401@mts&password=123456
2026-06-11 15:58:59 [http-nio-8080-exec-10] INFO  com.training.mts.aop.LoggingAspect - Entering method: UserServiceImpl.getBankBalance(..) with arguments: [deepchan0498401@mts, 123456]
2026-06-11 15:58:59 [http-nio-8080-exec-10] ERROR com.training.mts.aop.LoggingAspect - Exception in method: UserServiceImpl.getBankBalance(..) | Message: Password Incorrect!! | Arguments: [deepchan0498401@mts, 123456]
com.training.mts.exceptions.IncorrectPasswordException: Password Incorrect!!
	at com.training.mts.service.UserServiceImpl.getBankBalance(UserServiceImpl.java:91)
	at java.base/jdk.internal.reflect.DirectMethodHandleAccessor.invoke(DirectMethodHandleAccessor.java:103)
	at java.base/java.lang.reflect.Method.invoke(Method.java:580)
	at org.springframework.aop.support.AopUtils.invokeJoinpointUsingReflection(AopUtils.java:359)
	at org.springframework.aop.framework.ReflectiveMethodInvocation.invokeJoinpoint(ReflectiveMethodInvocation.java:190)
	at org.springframework.aop.framework.ReflectiveMethodInvocation.proceed(ReflectiveMethodInvocation.java:158)
	at org.springframework.aop.aspectj.AspectJAfterThrowingAdvice.invoke(AspectJAfterThrowingAdvice.java:63)
	at org.springframework.aop.framework.ReflectiveMethodInvocation.proceed(ReflectiveMethodInvocation.java:179)
	at org.springframework.aop.framework.adapter.AfterReturningAdviceInterceptor.invoke(AfterReturningAdviceInterceptor.java:56)
	at org.springframework.aop.framework.ReflectiveMethodInvocation.proceed(ReflectiveMethodInvocation.java:179)
	at org.springframework.aop.framework.adapter.MethodBeforeAdviceInterceptor.invoke(MethodBeforeAdviceInterceptor.java:57)
	at org.springframework.aop.framework.ReflectiveMethodInvocation.proceed(ReflectiveMethodInvocation.java:179)
	at org.springframework.aop.interceptor.ExposeInvocationInterceptor.invoke(ExposeInvocationInterceptor.java:96)
	at org.springframework.aop.framework.ReflectiveMethodInvocation.proceed(ReflectiveMethodInvocation.java:179)
	at org.springframework.aop.framework.CglibAopProxy$DynamicAdvisedInterceptor.intercept(CglibAopProxy.java:719)
	at com.training.mts.service.UserServiceImpl$$SpringCGLIB$$0.getBankBalance(<generated>)
	at com.training.mts.controller.UserController.getBalance(UserController.java:28)
	at java.base/jdk.internal.reflect.DirectMethodHandleAccessor.invoke(DirectMethodHandleAccessor.java:103)
	at java.base/java.lang.reflect.Method.invoke(Method.java:580)
	at org.springframework.web.method.support.InvocableHandlerMethod.doInvoke(InvocableHandlerMethod.java:258)
	at org.springframework.web.method.support.InvocableHandlerMethod.invokeForRequest(InvocableHandlerMethod.java:190)
	at org.springframework.web.servlet.mvc.method.annotation.ServletInvocableHandlerMethod.invokeAndHandle(ServletInvocableHandlerMethod.java:117)
	at org.springframework.web.servlet.mvc.method.annotation.RequestMappingHandlerAdapter.invokeHandlerMethod(RequestMappingHandlerAdapter.java:934)
	at org.springframework.web.servlet.mvc.method.annotation.RequestMappingHandlerAdapter.handleInternal(RequestMappingHandlerAdapter.java:853)
	at org.springframework.web.servlet.mvc.method.AbstractHandlerMethodAdapter.handle(AbstractHandlerMethodAdapter.java:86)
	at org.springframework.web.servlet.DispatcherServlet.doDispatch(DispatcherServlet.java:963)
	at org.springframework.web.servlet.DispatcherServlet.doService(DispatcherServlet.java:866)
	at org.springframework.web.servlet.FrameworkServlet.processRequest(FrameworkServlet.java:1003)
	at org.springframework.web.servlet.FrameworkServlet.doGet(FrameworkServlet.java:892)
	at jakarta.servlet.http.HttpServlet.service(HttpServlet.java:622)
	at org.springframework.web.servlet.FrameworkServlet.service(FrameworkServlet.java:874)
	at jakarta.servlet.http.HttpServlet.service(HttpServlet.java:710)
	at org.apache.catalina.core.ApplicationFilterChain.doFilter(ApplicationFilterChain.java:128)
	at org.apache.tomcat.websocket.server.WsFilter.doFilter(WsFilter.java:53)
	at org.apache.catalina.core.ApplicationFilterChain.doFilter(ApplicationFilterChain.java:107)
	at org.springframework.web.filter.OncePerRequestFilter.doFilter(OncePerRequestFilter.java:110)
	at org.apache.catalina.core.ApplicationFilterChain.doFilter(ApplicationFilterChain.java:107)
	at org.springframework.web.filter.CompositeFilter$VirtualFilterChain.doFilter(CompositeFilter.java:108)
	at org.springframework.security.web.FilterChainProxy.lambda$doFilterInternal$3(FilterChainProxy.java:235)
	at org.springframework.security.web.FilterChainProxy$VirtualFilterChain.doFilter(FilterChainProxy.java:371)
	at org.springframework.security.web.access.intercept.AuthorizationFilter.doFilter(AuthorizationFilter.java:101)
	at org.springframework.security.web.FilterChainProxy$VirtualFilterChain.doFilter(FilterChainProxy.java:380)
	at org.springframework.security.web.access.ExceptionTranslationFilter.doFilter(ExceptionTranslationFilter.java:126)
	at org.springframework.security.web.access.ExceptionTranslationFilter.doFilter(ExceptionTranslationFilter.java:120)
	at org.springframework.security.web.FilterChainProxy$VirtualFilterChain.doFilter(FilterChainProxy.java:380)
	at org.springframework.security.web.session.SessionManagementFilter.doFilter(SessionManagementFilter.java:132)
	at org.springframework.security.web.session.SessionManagementFilter.doFilter(SessionManagementFilter.java:86)
	at org.springframework.security.web.FilterChainProxy$VirtualFilterChain.doFilter(FilterChainProxy.java:380)
	at org.springframework.security.web.authentication.AnonymousAuthenticationFilter.doFilter(AnonymousAuthenticationFilter.java:100)
	at org.springframework.security.web.FilterChainProxy$VirtualFilterChain.doFilter(FilterChainProxy.java:380)
	at org.springframework.security.web.servletapi.SecurityContextHolderAwareRequestFilter.doFilter(SecurityContextHolderAwareRequestFilter.java:181)
	at org.springframework.security.web.FilterChainProxy$VirtualFilterChain.doFilter(FilterChainProxy.java:380)
	at org.springframework.security.web.savedrequest.RequestCacheAwareFilter.doFilter(RequestCacheAwareFilter.java:63)
	at org.springframework.security.web.FilterChainProxy$VirtualFilterChain.doFilter(FilterChainProxy.java:380)
	at com.training.mts.security.JwtAuthenticationFilter.doFilterInternal(JwtAuthenticationFilter.java:48)
	at org.springframework.web.filter.OncePerRequestFilter.doFilter(OncePerRequestFilter.java:116)
	at org.springframework.security.web.FilterChainProxy$VirtualFilterChain.doFilter(FilterChainProxy.java:380)
	at org.springframework.security.web.authentication.logout.LogoutFilter.doFilter(LogoutFilter.java:110)
	at org.springframework.security.web.authentication.logout.LogoutFilter.doFilter(LogoutFilter.java:96)
	at org.springframework.security.web.FilterChainProxy$VirtualFilterChain.doFilter(FilterChainProxy.java:380)
	at org.springframework.web.filter.CorsFilter.doFilterInternal(CorsFilter.java:91)
	at org.springframework.web.filter.OncePerRequestFilter.doFilter(OncePerRequestFilter.java:116)
	at org.springframework.security.web.FilterChainProxy$VirtualFilterChain.doFilter(FilterChainProxy.java:380)
	at org.springframework.security.web.header.HeaderWriterFilter.doHeadersAfter(HeaderWriterFilter.java:90)
	at org.springframework.security.web.header.HeaderWriterFilter.doFilterInternal(HeaderWriterFilter.java:75)
	at org.springframework.web.filter.OncePerRequestFilter.doFilter(OncePerRequestFilter.java:116)
	at org.springframework.security.web.FilterChainProxy$VirtualFilterChain.doFilter(FilterChainProxy.java:380)
	at org.springframework.security.web.context.SecurityContextHolderFilter.doFilter(SecurityContextHolderFilter.java:82)
	at org.springframework.security.web.context.SecurityContextHolderFilter.doFilter(SecurityContextHolderFilter.java:69)
	at org.springframework.security.web.FilterChainProxy$VirtualFilterChain.doFilter(FilterChainProxy.java:380)
	at org.springframework.security.web.context.request.async.WebAsyncManagerIntegrationFilter.doFilterInternal(WebAsyncManagerIntegrationFilter.java:62)
	at org.springframework.web.filter.OncePerRequestFilter.doFilter(OncePerRequestFilter.java:116)
	at org.springframework.security.web.FilterChainProxy$VirtualFilterChain.doFilter(FilterChainProxy.java:380)
	at org.springframework.security.web.session.DisableEncodeUrlFilter.doFilterInternal(DisableEncodeUrlFilter.java:42)
	at org.springframework.web.filter.OncePerRequestFilter.doFilter(OncePerRequestFilter.java:116)
	at org.springframework.security.web.FilterChainProxy$VirtualFilterChain.doFilter(FilterChainProxy.java:380)
	at org.springframework.security.web.FilterChainProxy.doFilterInternal(FilterChainProxy.java:237)
	at org.springframework.security.web.FilterChainProxy.doFilter(FilterChainProxy.java:195)
	at org.springframework.web.filter.CompositeFilter$VirtualFilterChain.doFilter(CompositeFilter.java:113)
	at org.springframework.web.filter.ServletRequestPathFilter.doFilter(ServletRequestPathFilter.java:52)
	at org.springframework.web.filter.CompositeFilter$VirtualFilterChain.doFilter(CompositeFilter.java:113)
	at org.springframework.web.filter.CompositeFilter.doFilter(CompositeFilter.java:74)
	at org.springframework.security.config.annotation.web.configuration.WebSecurityConfiguration$CompositeFilterChainProxy.doFilter(WebSecurityConfiguration.java:317)
	at org.springframework.web.filter.DelegatingFilterProxy.invokeDelegate(DelegatingFilterProxy.java:355)
	at org.springframework.web.filter.DelegatingFilterProxy.doFilter(DelegatingFilterProxy.java:272)
	at org.apache.catalina.core.ApplicationFilterChain.doFilter(ApplicationFilterChain.java:107)
	at org.springframework.web.filter.RequestContextFilter.doFilterInternal(RequestContextFilter.java:100)
	at org.springframework.web.filter.OncePerRequestFilter.doFilter(OncePerRequestFilter.java:116)
	at org.apache.catalina.core.ApplicationFilterChain.doFilter(ApplicationFilterChain.java:107)
	at org.springframework.web.filter.FormContentFilter.doFilterInternal(FormContentFilter.java:93)
	at org.springframework.web.filter.OncePerRequestFilter.doFilter(OncePerRequestFilter.java:116)
	at org.apache.catalina.core.ApplicationFilterChain.doFilter(ApplicationFilterChain.java:107)
	at org.springframework.web.filter.CharacterEncodingFilter.doFilterInternal(CharacterEncodingFilter.java:199)
	at org.springframework.web.filter.OncePerRequestFilter.doFilter(OncePerRequestFilter.java:116)
	at org.apache.catalina.core.ApplicationFilterChain.doFilter(ApplicationFilterChain.java:107)
	at org.apache.catalina.core.StandardWrapperValve.invoke(StandardWrapperValve.java:165)
	at org.apache.catalina.core.StandardContextValve.invoke(StandardContextValve.java:77)
	at org.apache.catalina.authenticator.AuthenticatorBase.invoke(AuthenticatorBase.java:482)
	at org.apache.catalina.core.StandardHostValve.invoke(StandardHostValve.java:113)
	at org.apache.catalina.valves.ErrorReportValve.invoke(ErrorReportValve.java:83)
	at org.apache.catalina.core.StandardEngineValve.invoke(StandardEngineValve.java:72)
	at org.apache.catalina.connector.CoyoteAdapter.service(CoyoteAdapter.java:341)
	at org.apache.coyote.http11.Http11Processor.service(Http11Processor.java:397)
	at org.apache.coyote.AbstractProcessorLight.process(AbstractProcessorLight.java:63)
	at org.apache.coyote.AbstractProtocol$ConnectionHandler.process(AbstractProtocol.java:903)
	at org.apache.tomcat.util.net.NioEndpoint$SocketProcessor.doRun(NioEndpoint.java:1778)
	at org.apache.tomcat.util.net.SocketProcessorBase.run(SocketProcessorBase.java:52)
	at org.apache.tomcat.util.threads.ThreadPoolExecutor.runWorker(ThreadPoolExecutor.java:946)
	at org.apache.tomcat.util.threads.ThreadPoolExecutor$Worker.run(ThreadPoolExecutor.java:480)
	at org.apache.tomcat.util.threads.TaskThread$WrappingRunnable.run(TaskThread.java:57)
	at java.base/java.lang.Thread.run(Thread.java:1583)
2026-06-11 15:59:09 [http-nio-8080-exec-1] DEBUG org.springframework.security.web.FilterChainProxy - Securing OPTIONS /users/getbalance?vpaId=deepchan0498401@mts&password=Brasil@@10118
2026-06-11 15:59:09 [http-nio-8080-exec-2] DEBUG org.springframework.security.web.FilterChainProxy - Securing GET /users/getbalance?vpaId=deepchan0498401@mts&password=Brasil@@10118
2026-06-11 15:59:09 [http-nio-8080-exec-2] DEBUG org.springframework.security.web.FilterChainProxy - Secured GET /users/getbalance?vpaId=deepchan0498401@mts&password=Brasil@@10118
2026-06-11 15:59:09 [http-nio-8080-exec-2] INFO  com.training.mts.aop.LoggingAspect - Entering method: UserServiceImpl.getBankBalance(..) with arguments: [deepchan0498401@mts, Brasil@@10118]
2026-06-11 15:59:10 [http-nio-8080-exec-2] INFO  com.training.mts.aop.LoggingAspect - Method executed successfully: UserServiceImpl.getBankBalance(..) | Returned: 50000.0
2026-06-11 15:59:13 [http-nio-8080-exec-3] DEBUG org.springframework.security.web.FilterChainProxy - Securing OPTIONS /transactions/gettranslog?vpaId=deepchan0498401@mts
2026-06-11 15:59:13 [http-nio-8080-exec-4] DEBUG org.springframework.security.web.FilterChainProxy - Securing GET /transactions/gettranslog?vpaId=deepchan0498401@mts
2026-06-11 15:59:13 [http-nio-8080-exec-4] DEBUG org.springframework.security.web.FilterChainProxy - Secured GET /transactions/gettranslog?vpaId=deepchan0498401@mts
2026-06-11 15:59:13 [http-nio-8080-exec-4] INFO  com.training.mts.aop.LoggingAspect - Entering method: TransactionServiceImpl.getTransactionHistory(..) with arguments: [deepchan0498401@mts]
2026-06-11 15:59:13 [http-nio-8080-exec-4] INFO  com.training.mts.aop.LoggingAspect - Method executed successfully: TransactionServiceImpl.getTransactionHistory(..) | Returned: com.training.mts.dto.TransactionHistoryResponse@6e6629b0
2026-06-11 15:59:17 [http-nio-8080-exec-5] DEBUG org.springframework.security.web.FilterChainProxy - Securing OPTIONS /transactions/gettranslog?vpaId=deepchan0498401@mts
2026-06-11 15:59:17 [http-nio-8080-exec-6] DEBUG org.springframework.security.web.FilterChainProxy - Securing GET /transactions/gettranslog?vpaId=deepchan0498401@mts
2026-06-11 15:59:17 [http-nio-8080-exec-6] DEBUG org.springframework.security.web.FilterChainProxy - Secured GET /transactions/gettranslog?vpaId=deepchan0498401@mts
2026-06-11 15:59:17 [http-nio-8080-exec-6] INFO  com.training.mts.aop.LoggingAspect - Entering method: TransactionServiceImpl.getTransactionHistory(..) with arguments: [deepchan0498401@mts]
2026-06-11 15:59:17 [http-nio-8080-exec-6] INFO  com.training.mts.aop.LoggingAspect - Method executed successfully: TransactionServiceImpl.getTransactionHistory(..) | Returned: com.training.mts.dto.TransactionHistoryResponse@36c51eff
2026-06-11 15:59:24 [http-nio-8080-exec-7] DEBUG org.springframework.security.web.FilterChainProxy - Securing OPTIONS /transactions/gettranslog?vpaId=deepchan0498401@mts
2026-06-11 15:59:24 [http-nio-8080-exec-8] DEBUG org.springframework.security.web.FilterChainProxy - Securing GET /transactions/gettranslog?vpaId=deepchan0498401@mts
2026-06-11 15:59:24 [http-nio-8080-exec-8] DEBUG org.springframework.security.web.FilterChainProxy - Secured GET /transactions/gettranslog?vpaId=deepchan0498401@mts
2026-06-11 15:59:24 [http-nio-8080-exec-8] INFO  com.training.mts.aop.LoggingAspect - Entering method: TransactionServiceImpl.getTransactionHistory(..) with arguments: [deepchan0498401@mts]
2026-06-11 15:59:24 [http-nio-8080-exec-8] INFO  com.training.mts.aop.LoggingAspect - Method executed successfully: TransactionServiceImpl.getTransactionHistory(..) | Returned: com.training.mts.dto.TransactionHistoryResponse@44b8a5d2
2026-06-11 16:02:01 [http-nio-8080-exec-10] DEBUG org.springframework.security.web.FilterChainProxy - Securing OPTIONS /auth/register
2026-06-11 16:02:01 [http-nio-8080-exec-1] DEBUG org.springframework.security.web.FilterChainProxy - Securing POST /auth/register
2026-06-11 16:02:01 [http-nio-8080-exec-1] DEBUG org.springframework.security.web.authentication.AnonymousAuthenticationFilter - Set SecurityContextHolder to anonymous SecurityContext
2026-06-11 16:02:01 [http-nio-8080-exec-1] DEBUG org.springframework.security.web.FilterChainProxy - Secured POST /auth/register
2026-06-11 16:02:01 [http-nio-8080-exec-1] INFO  com.training.mts.aop.LoggingAspect - Entering method: UserServiceImpl.createUser(..) with arguments: [Hari, 9090909090, hari23@gmail.com, asdfgh]
2026-06-11 16:02:01 [http-nio-8080-exec-1] INFO  com.training.mts.aop.LoggingAspect - Entering method: VPAServiceImpl.generateVPAId(..) with arguments: [User{id=2, name='Hari', vpa=null}]
2026-06-11 16:02:01 [http-nio-8080-exec-1] INFO  com.training.mts.aop.LoggingAspect - Method executed successfully: VPAServiceImpl.generateVPAId(..) | Returned: hari2390902@mts
2026-06-11 16:02:01 [http-nio-8080-exec-1] INFO  com.training.mts.aop.LoggingAspect - Method executed successfully: UserServiceImpl.createUser(..) | Returned: User{id=2, name='Hari', vpa=com.training.mts.model.VPA@6f68d310}
2026-06-11 16:02:01 [http-nio-8080-exec-2] DEBUG org.springframework.security.web.FilterChainProxy - Securing OPTIONS /users/findByPhone?phoneNumber=9090909090
2026-06-11 16:02:01 [http-nio-8080-exec-3] DEBUG org.springframework.security.web.FilterChainProxy - Securing GET /users/findByPhone?phoneNumber=9090909090
2026-06-11 16:02:01 [http-nio-8080-exec-3] DEBUG org.springframework.security.web.FilterChainProxy - Secured GET /users/findByPhone?phoneNumber=9090909090
2026-06-11 16:02:01 [http-nio-8080-exec-3] INFO  com.training.mts.aop.LoggingAspect - Entering method: UserServiceImpl.getUserByPhoneNumber(..) with arguments: [9090909090]
2026-06-11 16:02:01 [http-nio-8080-exec-3] INFO  com.training.mts.aop.LoggingAspect - Method executed successfully: UserServiceImpl.getUserByPhoneNumber(..) | Returned: User{id=2, name='Hari', vpa=com.training.mts.model.VPA@654ad207}
2026-06-11 16:03:08 [http-nio-8080-exec-5] DEBUG org.springframework.security.web.FilterChainProxy - Securing OPTIONS /bankaccounts/link
2026-06-11 16:03:08 [http-nio-8080-exec-6] DEBUG org.springframework.security.web.FilterChainProxy - Securing POST /bankaccounts/link
2026-06-11 16:03:08 [http-nio-8080-exec-6] DEBUG org.springframework.security.web.FilterChainProxy - Secured POST /bankaccounts/link
2026-06-11 16:03:08 [http-nio-8080-exec-6] INFO  com.training.mts.aop.LoggingAspect - Entering method: BankAccountServiceImpl.linkBankAccount(..) with arguments: [hari2390902@mts, AC1012, starlight_22]
2026-06-11 16:03:08 [http-nio-8080-exec-6] ERROR com.training.mts.aop.LoggingAspect - Exception in method: BankAccountServiceImpl.linkBankAccount(..) | Message: Bank account not found with account number: AC1012 | Arguments: [hari2390902@mts, AC1012, starlight_22]
com.training.mts.exceptions.AccountNotFoundException: Bank account not found with account number: AC1012
	at com.training.mts.service.BankAccountServiceImpl.linkBankAccount(BankAccountServiceImpl.java:47)
	at java.base/jdk.internal.reflect.DirectMethodHandleAccessor.invoke(DirectMethodHandleAccessor.java:103)
	at java.base/java.lang.reflect.Method.invoke(Method.java:580)
	at org.springframework.aop.support.AopUtils.invokeJoinpointUsingReflection(AopUtils.java:359)
	at org.springframework.aop.framework.ReflectiveMethodInvocation.invokeJoinpoint(ReflectiveMethodInvocation.java:190)
	at org.springframework.aop.framework.ReflectiveMethodInvocation.proceed(ReflectiveMethodInvocation.java:158)
	at org.springframework.aop.aspectj.AspectJAfterThrowingAdvice.invoke(AspectJAfterThrowingAdvice.java:63)
	at org.springframework.aop.framework.ReflectiveMethodInvocation.proceed(ReflectiveMethodInvocation.java:179)
	at org.springframework.aop.framework.adapter.AfterReturningAdviceInterceptor.invoke(AfterReturningAdviceInterceptor.java:56)
	at org.springframework.aop.framework.ReflectiveMethodInvocation.proceed(ReflectiveMethodInvocation.java:179)
	at org.springframework.aop.framework.adapter.MethodBeforeAdviceInterceptor.invoke(MethodBeforeAdviceInterceptor.java:57)
	at org.springframework.aop.framework.ReflectiveMethodInvocation.proceed(ReflectiveMethodInvocation.java:179)
	at org.springframework.aop.interceptor.ExposeInvocationInterceptor.invoke(ExposeInvocationInterceptor.java:96)
	at org.springframework.aop.framework.ReflectiveMethodInvocation.proceed(ReflectiveMethodInvocation.java:179)
	at org.springframework.aop.framework.CglibAopProxy$DynamicAdvisedInterceptor.intercept(CglibAopProxy.java:719)
	at com.training.mts.service.BankAccountServiceImpl$$SpringCGLIB$$0.linkBankAccount(<generated>)
	at com.training.mts.controller.BankAccountController.linkBankAccount(BankAccountController.java:27)
	at java.base/jdk.internal.reflect.DirectMethodHandleAccessor.invoke(DirectMethodHandleAccessor.java:103)
	at java.base/java.lang.reflect.Method.invoke(Method.java:580)
	at org.springframework.web.method.support.InvocableHandlerMethod.doInvoke(InvocableHandlerMethod.java:258)
	at org.springframework.web.method.support.InvocableHandlerMethod.invokeForRequest(InvocableHandlerMethod.java:190)
	at org.springframework.web.servlet.mvc.method.annotation.ServletInvocableHandlerMethod.invokeAndHandle(ServletInvocableHandlerMethod.java:117)
	at org.springframework.web.servlet.mvc.method.annotation.RequestMappingHandlerAdapter.invokeHandlerMethod(RequestMappingHandlerAdapter.java:934)
	at org.springframework.web.servlet.mvc.method.annotation.RequestMappingHandlerAdapter.handleInternal(RequestMappingHandlerAdapter.java:853)
	at org.springframework.web.servlet.mvc.method.AbstractHandlerMethodAdapter.handle(AbstractHandlerMethodAdapter.java:86)
	at org.springframework.web.servlet.DispatcherServlet.doDispatch(DispatcherServlet.java:963)
	at org.springframework.web.servlet.DispatcherServlet.doService(DispatcherServlet.java:866)
	at org.springframework.web.servlet.FrameworkServlet.processRequest(FrameworkServlet.java:1003)
	at org.springframework.web.servlet.FrameworkServlet.doPost(FrameworkServlet.java:903)
	at jakarta.servlet.http.HttpServlet.service(HttpServlet.java:649)
	at org.springframework.web.servlet.FrameworkServlet.service(FrameworkServlet.java:874)
	at jakarta.servlet.http.HttpServlet.service(HttpServlet.java:710)
	at org.apache.catalina.core.ApplicationFilterChain.doFilter(ApplicationFilterChain.java:128)
	at org.apache.tomcat.websocket.server.WsFilter.doFilter(WsFilter.java:53)
	at org.apache.catalina.core.ApplicationFilterChain.doFilter(ApplicationFilterChain.java:107)
	at org.springframework.web.filter.OncePerRequestFilter.doFilter(OncePerRequestFilter.java:110)
	at org.apache.catalina.core.ApplicationFilterChain.doFilter(ApplicationFilterChain.java:107)
	at org.springframework.web.filter.CompositeFilter$VirtualFilterChain.doFilter(CompositeFilter.java:108)
	at org.springframework.security.web.FilterChainProxy.lambda$doFilterInternal$3(FilterChainProxy.java:235)
	at org.springframework.security.web.FilterChainProxy$VirtualFilterChain.doFilter(FilterChainProxy.java:371)
	at org.springframework.security.web.access.intercept.AuthorizationFilter.doFilter(AuthorizationFilter.java:101)
	at org.springframework.security.web.FilterChainProxy$VirtualFilterChain.doFilter(FilterChainProxy.java:380)
	at org.springframework.security.web.access.ExceptionTranslationFilter.doFilter(ExceptionTranslationFilter.java:126)
	at org.springframework.security.web.access.ExceptionTranslationFilter.doFilter(ExceptionTranslationFilter.java:120)
	at org.springframework.security.web.FilterChainProxy$VirtualFilterChain.doFilter(FilterChainProxy.java:380)
	at org.springframework.security.web.session.SessionManagementFilter.doFilter(SessionManagementFilter.java:132)
	at org.springframework.security.web.session.SessionManagementFilter.doFilter(SessionManagementFilter.java:86)
	at org.springframework.security.web.FilterChainProxy$VirtualFilterChain.doFilter(FilterChainProxy.java:380)
	at org.springframework.security.web.authentication.AnonymousAuthenticationFilter.doFilter(AnonymousAuthenticationFilter.java:100)
	at org.springframework.security.web.FilterChainProxy$VirtualFilterChain.doFilter(FilterChainProxy.java:380)
	at org.springframework.security.web.servletapi.SecurityContextHolderAwareRequestFilter.doFilter(SecurityContextHolderAwareRequestFilter.java:181)
	at org.springframework.security.web.FilterChainProxy$VirtualFilterChain.doFilter(FilterChainProxy.java:380)
	at org.springframework.security.web.savedrequest.RequestCacheAwareFilter.doFilter(RequestCacheAwareFilter.java:63)
	at org.springframework.security.web.FilterChainProxy$VirtualFilterChain.doFilter(FilterChainProxy.java:380)
	at com.training.mts.security.JwtAuthenticationFilter.doFilterInternal(JwtAuthenticationFilter.java:48)
	at org.springframework.web.filter.OncePerRequestFilter.doFilter(OncePerRequestFilter.java:116)
	at org.springframework.security.web.FilterChainProxy$VirtualFilterChain.doFilter(FilterChainProxy.java:380)
	at org.springframework.security.web.authentication.logout.LogoutFilter.doFilter(LogoutFilter.java:110)
	at org.springframework.security.web.authentication.logout.LogoutFilter.doFilter(LogoutFilter.java:96)
	at org.springframework.security.web.FilterChainProxy$VirtualFilterChain.doFilter(FilterChainProxy.java:380)
	at org.springframework.web.filter.CorsFilter.doFilterInternal(CorsFilter.java:91)
	at org.springframework.web.filter.OncePerRequestFilter.doFilter(OncePerRequestFilter.java:116)
	at org.springframework.security.web.FilterChainProxy$VirtualFilterChain.doFilter(FilterChainProxy.java:380)
	at org.springframework.security.web.header.HeaderWriterFilter.doHeadersAfter(HeaderWriterFilter.java:90)
	at org.springframework.security.web.header.HeaderWriterFilter.doFilterInternal(HeaderWriterFilter.java:75)
	at org.springframework.web.filter.OncePerRequestFilter.doFilter(OncePerRequestFilter.java:116)
	at org.springframework.security.web.FilterChainProxy$VirtualFilterChain.doFilter(FilterChainProxy.java:380)
	at org.springframework.security.web.context.SecurityContextHolderFilter.doFilter(SecurityContextHolderFilter.java:82)
	at org.springframework.security.web.context.SecurityContextHolderFilter.doFilter(SecurityContextHolderFilter.java:69)
	at org.springframework.security.web.FilterChainProxy$VirtualFilterChain.doFilter(FilterChainProxy.java:380)
	at org.springframework.security.web.context.request.async.WebAsyncManagerIntegrationFilter.doFilterInternal(WebAsyncManagerIntegrationFilter.java:62)
	at org.springframework.web.filter.OncePerRequestFilter.doFilter(OncePerRequestFilter.java:116)
	at org.springframework.security.web.FilterChainProxy$VirtualFilterChain.doFilter(FilterChainProxy.java:380)
	at org.springframework.security.web.session.DisableEncodeUrlFilter.doFilterInternal(DisableEncodeUrlFilter.java:42)
	at org.springframework.web.filter.OncePerRequestFilter.doFilter(OncePerRequestFilter.java:116)
	at org.springframework.security.web.FilterChainProxy$VirtualFilterChain.doFilter(FilterChainProxy.java:380)
	at org.springframework.security.web.FilterChainProxy.doFilterInternal(FilterChainProxy.java:237)
	at org.springframework.security.web.FilterChainProxy.doFilter(FilterChainProxy.java:195)
	at org.springframework.web.filter.CompositeFilter$VirtualFilterChain.doFilter(CompositeFilter.java:113)
	at org.springframework.web.filter.ServletRequestPathFilter.doFilter(ServletRequestPathFilter.java:52)
	at org.springframework.web.filter.CompositeFilter$VirtualFilterChain.doFilter(CompositeFilter.java:113)
	at org.springframework.web.filter.CompositeFilter.doFilter(CompositeFilter.java:74)
	at org.springframework.security.config.annotation.web.configuration.WebSecurityConfiguration$CompositeFilterChainProxy.doFilter(WebSecurityConfiguration.java:317)
	at org.springframework.web.filter.DelegatingFilterProxy.invokeDelegate(DelegatingFilterProxy.java:355)
	at org.springframework.web.filter.DelegatingFilterProxy.doFilter(DelegatingFilterProxy.java:272)
	at org.apache.catalina.core.ApplicationFilterChain.doFilter(ApplicationFilterChain.java:107)
	at org.springframework.web.filter.RequestContextFilter.doFilterInternal(RequestContextFilter.java:100)
	at org.springframework.web.filter.OncePerRequestFilter.doFilter(OncePerRequestFilter.java:116)
	at org.apache.catalina.core.ApplicationFilterChain.doFilter(ApplicationFilterChain.java:107)
	at org.springframework.web.filter.FormContentFilter.doFilterInternal(FormContentFilter.java:93)
	at org.springframework.web.filter.OncePerRequestFilter.doFilter(OncePerRequestFilter.java:116)
	at org.apache.catalina.core.ApplicationFilterChain.doFilter(ApplicationFilterChain.java:107)
	at org.springframework.web.filter.CharacterEncodingFilter.doFilterInternal(CharacterEncodingFilter.java:199)
	at org.springframework.web.filter.OncePerRequestFilter.doFilter(OncePerRequestFilter.java:116)
	at org.apache.catalina.core.ApplicationFilterChain.doFilter(ApplicationFilterChain.java:107)
	at org.apache.catalina.core.StandardWrapperValve.invoke(StandardWrapperValve.java:165)
	at org.apache.catalina.core.StandardContextValve.invoke(StandardContextValve.java:77)
	at org.apache.catalina.authenticator.AuthenticatorBase.invoke(AuthenticatorBase.java:482)
	at org.apache.catalina.core.StandardHostValve.invoke(StandardHostValve.java:113)
	at org.apache.catalina.valves.ErrorReportValve.invoke(ErrorReportValve.java:83)
	at org.apache.catalina.core.StandardEngineValve.invoke(StandardEngineValve.java:72)
	at org.apache.catalina.connector.CoyoteAdapter.service(CoyoteAdapter.java:341)
	at org.apache.coyote.http11.Http11Processor.service(Http11Processor.java:397)
	at org.apache.coyote.AbstractProcessorLight.process(AbstractProcessorLight.java:63)
	at org.apache.coyote.AbstractProtocol$ConnectionHandler.process(AbstractProtocol.java:903)
	at org.apache.tomcat.util.net.NioEndpoint$SocketProcessor.doRun(NioEndpoint.java:1778)
	at org.apache.tomcat.util.net.SocketProcessorBase.run(SocketProcessorBase.java:52)
	at org.apache.tomcat.util.threads.ThreadPoolExecutor.runWorker(ThreadPoolExecutor.java:946)
	at org.apache.tomcat.util.threads.ThreadPoolExecutor$Worker.run(ThreadPoolExecutor.java:480)
	at org.apache.tomcat.util.threads.TaskThread$WrappingRunnable.run(TaskThread.java:57)
	at java.base/java.lang.Thread.run(Thread.java:1583)
2026-06-11 16:03:35 [http-nio-8080-exec-7] DEBUG org.springframework.security.web.FilterChainProxy - Securing OPTIONS /bankaccounts/link
2026-06-11 16:03:35 [http-nio-8080-exec-8] DEBUG org.springframework.security.web.FilterChainProxy - Securing POST /bankaccounts/link
2026-06-11 16:03:35 [http-nio-8080-exec-8] DEBUG org.springframework.security.web.FilterChainProxy - Secured POST /bankaccounts/link
2026-06-11 16:03:35 [http-nio-8080-exec-8] INFO  com.training.mts.aop.LoggingAspect - Entering method: BankAccountServiceImpl.linkBankAccount(..) with arguments: [hari2390902@mts, ACC1012, starlight_22]
2026-06-11 16:03:35 [http-nio-8080-exec-8] INFO  com.training.mts.aop.LoggingAspect - Method executed successfully: BankAccountServiceImpl.linkBankAccount(..) | Returned: User{id=2, name='Hari', vpa=com.training.mts.model.VPA@239afb1}
2026-06-11 16:03:38 [http-nio-8080-exec-9] DEBUG org.springframework.security.web.FilterChainProxy - Securing OPTIONS /transactions/gettranslog?vpaId=hari2390902@mts
2026-06-11 16:03:38 [http-nio-8080-exec-10] DEBUG org.springframework.security.web.FilterChainProxy - Securing GET /transactions/gettranslog?vpaId=hari2390902@mts
2026-06-11 16:03:38 [http-nio-8080-exec-10] DEBUG org.springframework.security.web.FilterChainProxy - Secured GET /transactions/gettranslog?vpaId=hari2390902@mts
2026-06-11 16:03:38 [http-nio-8080-exec-10] INFO  com.training.mts.aop.LoggingAspect - Entering method: TransactionServiceImpl.getTransactionHistory(..) with arguments: [hari2390902@mts]
2026-06-11 16:03:38 [http-nio-8080-exec-10] INFO  com.training.mts.aop.LoggingAspect - Method executed successfully: TransactionServiceImpl.getTransactionHistory(..) | Returned: com.training.mts.dto.TransactionHistoryResponse@35ae7a1f
2026-06-11 16:03:42 [http-nio-8080-exec-1] DEBUG org.springframework.security.web.FilterChainProxy - Securing OPTIONS /users/getusers
2026-06-11 16:03:42 [http-nio-8080-exec-2] DEBUG org.springframework.security.web.FilterChainProxy - Securing GET /users/getusers
2026-06-11 16:03:42 [http-nio-8080-exec-2] DEBUG org.springframework.security.web.FilterChainProxy - Secured GET /users/getusers
2026-06-11 16:03:42 [http-nio-8080-exec-2] INFO  com.training.mts.aop.LoggingAspect - Entering method: UserServiceImpl.getAllUsers() with arguments: []
2026-06-11 16:03:42 [http-nio-8080-exec-2] INFO  com.training.mts.aop.LoggingAspect - Method executed successfully: UserServiceImpl.getAllUsers() | Returned: [com.training.mts.dto.GetAllUsersRequest@67ead040, com.training.mts.dto.GetAllUsersRequest@422cd7f2]
2026-06-11 16:05:13 [http-nio-8080-exec-4] DEBUG org.springframework.security.web.FilterChainProxy - Securing OPTIONS /users/getusers
2026-06-11 16:05:13 [http-nio-8080-exec-5] DEBUG org.springframework.security.web.FilterChainProxy - Securing GET /users/getusers
2026-06-11 16:05:13 [http-nio-8080-exec-5] DEBUG org.springframework.security.web.FilterChainProxy - Secured GET /users/getusers
2026-06-11 16:05:13 [http-nio-8080-exec-5] INFO  com.training.mts.aop.LoggingAspect - Entering method: UserServiceImpl.getAllUsers() with arguments: []
2026-06-11 16:05:13 [http-nio-8080-exec-5] INFO  com.training.mts.aop.LoggingAspect - Method executed successfully: UserServiceImpl.getAllUsers() | Returned: [com.training.mts.dto.GetAllUsersRequest@20a873a0, com.training.mts.dto.GetAllUsersRequest@4bfd4178]
2026-06-11 16:05:37 [http-nio-8080-exec-6] DEBUG org.springframework.security.web.FilterChainProxy - Securing OPTIONS /transactions/pay
2026-06-11 16:05:37 [http-nio-8080-exec-7] DEBUG org.springframework.security.web.FilterChainProxy - Securing POST /transactions/pay
2026-06-11 16:05:37 [http-nio-8080-exec-7] DEBUG org.springframework.security.web.FilterChainProxy - Secured POST /transactions/pay
2026-06-11 16:05:37 [http-nio-8080-exec-7] INFO  com.training.mts.aop.LoggingAspect - Entering method: TransactionServiceImpl.initiatePayment(..) with arguments: [com.training.mts.dto.TransactionRequest@3db06b5b]
2026-06-11 16:05:37 [http-nio-8080-exec-7] INFO  com.training.mts.aop.LoggingAspect - Entering method: BankAccountServiceImpl.getBankAccount(..) with arguments: [hari2390902@mts]
2026-06-11 16:05:37 [http-nio-8080-exec-7] INFO  com.training.mts.aop.LoggingAspect - Method executed successfully: BankAccountServiceImpl.getBankAccount(..) | Returned: com.training.mts.model.BankAccount@34160a9f
2026-06-11 16:05:37 [http-nio-8080-exec-7] INFO  com.training.mts.aop.LoggingAspect - Entering method: BankAccountServiceImpl.getBankAccount(..) with arguments: [deepchan0498401@mts]
2026-06-11 16:05:37 [http-nio-8080-exec-7] INFO  com.training.mts.aop.LoggingAspect - Method executed successfully: BankAccountServiceImpl.getBankAccount(..) | Returned: com.training.mts.model.BankAccount@22e3a7fc
2026-06-11 16:05:37 [http-nio-8080-exec-7] INFO  com.training.mts.aop.LoggingAspect - Entering method: BankAccountServiceImpl.updateBalance(..) with arguments: [com.training.mts.model.BankAccount@34160a9f, 15600.0]
2026-06-11 16:05:37 [http-nio-8080-exec-7] INFO  com.training.mts.aop.LoggingAspect - Method executed successfully: BankAccountServiceImpl.updateBalance(..) | Returned: null
2026-06-11 16:05:37 [http-nio-8080-exec-7] INFO  com.training.mts.aop.LoggingAspect - Entering method: BankAccountServiceImpl.updateBalance(..) with arguments: [com.training.mts.model.BankAccount@22e3a7fc, 50100.0]
2026-06-11 16:05:37 [http-nio-8080-exec-7] INFO  com.training.mts.aop.LoggingAspect - Method executed successfully: BankAccountServiceImpl.updateBalance(..) | Returned: null
2026-06-11 16:05:37 [http-nio-8080-exec-7] INFO  com.training.mts.aop.LoggingAspect - Method executed successfully: TransactionServiceImpl.initiatePayment(..) | Returned: com.training.mts.dto.TransactionDTO@36420069
2026-06-11 16:05:37 [http-nio-8080-exec-7] INFO  com.training.mts.aop.LoggingAspect - Entering method: AnalyticsService.triggerSnowflakeSync() with arguments: []
2026-06-11 16:05:40 [http-nio-8080-exec-7] INFO  com.training.mts.aop.LoggingAspect - Method executed successfully: AnalyticsService.triggerSnowflakeSync() | Returned: false
2026-06-11 16:05:46 [http-nio-8080-exec-8] DEBUG org.springframework.security.web.FilterChainProxy - Securing OPTIONS /transactions/gettranslog?vpaId=hari2390902@mts
2026-06-11 16:05:46 [http-nio-8080-exec-9] DEBUG org.springframework.security.web.FilterChainProxy - Securing GET /transactions/gettranslog?vpaId=hari2390902@mts
2026-06-11 16:05:46 [http-nio-8080-exec-9] DEBUG org.springframework.security.web.FilterChainProxy - Secured GET /transactions/gettranslog?vpaId=hari2390902@mts
2026-06-11 16:05:46 [http-nio-8080-exec-9] INFO  com.training.mts.aop.LoggingAspect - Entering method: TransactionServiceImpl.getTransactionHistory(..) with arguments: [hari2390902@mts]
2026-06-11 16:05:46 [http-nio-8080-exec-9] INFO  com.training.mts.aop.LoggingAspect - Method executed successfully: TransactionServiceImpl.getTransactionHistory(..) | Returned: com.training.mts.dto.TransactionHistoryResponse@6827703e
2026-06-11 16:05:46 [http-nio-8080-exec-10] DEBUG org.springframework.security.web.FilterChainProxy - Securing OPTIONS /users/getbyvpa?vpaId=deepchan0498401@mts
2026-06-11 16:05:46 [http-nio-8080-exec-1] DEBUG org.springframework.security.web.FilterChainProxy - Securing GET /users/getbyvpa?vpaId=deepchan0498401@mts
2026-06-11 16:05:46 [http-nio-8080-exec-1] DEBUG org.springframework.security.web.FilterChainProxy - Secured GET /users/getbyvpa?vpaId=deepchan0498401@mts
2026-06-11 16:05:46 [http-nio-8080-exec-1] DEBUG org.springframework.security.web.FilterChainProxy - Securing GET /error?vpaId=deepchan0498401@mts
2026-06-11 16:05:46 [http-nio-8080-exec-1] DEBUG org.springframework.security.web.authentication.AnonymousAuthenticationFilter - Set SecurityContextHolder to anonymous SecurityContext
2026-06-11 16:05:46 [http-nio-8080-exec-1] DEBUG org.springframework.security.web.authentication.Http403ForbiddenEntryPoint - Pre-authenticated entry point called. Rejecting access
2026-06-11 16:06:01 [http-nio-8080-exec-2] DEBUG org.springframework.security.web.FilterChainProxy - Securing OPTIONS /transactions/gettranslog?vpaId=hari2390902@mts
2026-06-11 16:06:01 [http-nio-8080-exec-3] DEBUG org.springframework.security.web.FilterChainProxy - Securing GET /transactions/gettranslog?vpaId=hari2390902@mts
2026-06-11 16:06:01 [http-nio-8080-exec-3] DEBUG org.springframework.security.web.FilterChainProxy - Secured GET /transactions/gettranslog?vpaId=hari2390902@mts
2026-06-11 16:06:01 [http-nio-8080-exec-3] INFO  com.training.mts.aop.LoggingAspect - Entering method: TransactionServiceImpl.getTransactionHistory(..) with arguments: [hari2390902@mts]
2026-06-11 16:06:01 [http-nio-8080-exec-3] INFO  com.training.mts.aop.LoggingAspect - Method executed successfully: TransactionServiceImpl.getTransactionHistory(..) | Returned: com.training.mts.dto.TransactionHistoryResponse@4d6d0300
2026-06-11 16:06:01 [http-nio-8080-exec-4] DEBUG org.springframework.security.web.FilterChainProxy - Securing OPTIONS /users/getbyvpa?vpaId=deepchan0498401@mts
2026-06-11 16:06:01 [http-nio-8080-exec-5] DEBUG org.springframework.security.web.FilterChainProxy - Securing GET /users/getbyvpa?vpaId=deepchan0498401@mts
2026-06-11 16:06:01 [http-nio-8080-exec-5] DEBUG org.springframework.security.web.FilterChainProxy - Secured GET /users/getbyvpa?vpaId=deepchan0498401@mts
2026-06-11 16:06:01 [http-nio-8080-exec-5] DEBUG org.springframework.security.web.FilterChainProxy - Securing GET /error?vpaId=deepchan0498401@mts
2026-06-11 16:06:01 [http-nio-8080-exec-5] DEBUG org.springframework.security.web.authentication.AnonymousAuthenticationFilter - Set SecurityContextHolder to anonymous SecurityContext
2026-06-11 16:06:01 [http-nio-8080-exec-5] DEBUG org.springframework.security.web.authentication.Http403ForbiddenEntryPoint - Pre-authenticated entry point called. Rejecting access
2026-06-11 16:07:12 [http-nio-8080-exec-7] DEBUG org.springframework.security.web.FilterChainProxy - Securing OPTIONS /transactions/gettranslog?vpaId=hari2390902@mts
2026-06-11 16:07:12 [http-nio-8080-exec-8] DEBUG org.springframework.security.web.FilterChainProxy - Securing GET /transactions/gettranslog?vpaId=hari2390902@mts
2026-06-11 16:07:12 [http-nio-8080-exec-8] DEBUG org.springframework.security.web.FilterChainProxy - Secured GET /transactions/gettranslog?vpaId=hari2390902@mts
2026-06-11 16:07:12 [http-nio-8080-exec-8] INFO  com.training.mts.aop.LoggingAspect - Entering method: TransactionServiceImpl.getTransactionHistory(..) with arguments: [hari2390902@mts]
2026-06-11 16:07:12 [http-nio-8080-exec-8] INFO  com.training.mts.aop.LoggingAspect - Method executed successfully: TransactionServiceImpl.getTransactionHistory(..) | Returned: com.training.mts.dto.TransactionHistoryResponse@401b502a
2026-06-11 16:07:12 [http-nio-8080-exec-9] DEBUG org.springframework.security.web.FilterChainProxy - Securing OPTIONS /users/getbyvpa?vpaId=deepchan0498401@mts
2026-06-11 16:07:12 [http-nio-8080-exec-10] DEBUG org.springframework.security.web.FilterChainProxy - Securing GET /users/getbyvpa?vpaId=deepchan0498401@mts
2026-06-11 16:07:12 [http-nio-8080-exec-10] DEBUG org.springframework.security.web.FilterChainProxy - Secured GET /users/getbyvpa?vpaId=deepchan0498401@mts
2026-06-11 16:07:12 [http-nio-8080-exec-10] DEBUG org.springframework.security.web.FilterChainProxy - Securing GET /error?vpaId=deepchan0498401@mts
2026-06-11 16:07:12 [http-nio-8080-exec-10] DEBUG org.springframework.security.web.authentication.AnonymousAuthenticationFilter - Set SecurityContextHolder to anonymous SecurityContext
2026-06-11 16:07:12 [http-nio-8080-exec-10] DEBUG org.springframework.security.web.authentication.Http403ForbiddenEntryPoint - Pre-authenticated entry point called. Rejecting access
2026-06-11 16:09:42 [http-nio-8080-exec-2] DEBUG org.springframework.security.web.FilterChainProxy - Securing OPTIONS /transactions/gettranslog?vpaId=hari2390902@mts
2026-06-11 16:09:42 [http-nio-8080-exec-3] DEBUG org.springframework.security.web.FilterChainProxy - Securing GET /transactions/gettranslog?vpaId=hari2390902@mts
2026-06-11 16:09:42 [http-nio-8080-exec-3] DEBUG org.springframework.security.web.FilterChainProxy - Secured GET /transactions/gettranslog?vpaId=hari2390902@mts
2026-06-11 16:09:42 [http-nio-8080-exec-3] INFO  com.training.mts.aop.LoggingAspect - Entering method: TransactionServiceImpl.getTransactionHistory(..) with arguments: [hari2390902@mts]
2026-06-11 16:09:42 [http-nio-8080-exec-3] INFO  com.training.mts.aop.LoggingAspect - Method executed successfully: TransactionServiceImpl.getTransactionHistory(..) | Returned: com.training.mts.dto.TransactionHistoryResponse@2df02e0
2026-06-11 16:09:42 [http-nio-8080-exec-4] DEBUG org.springframework.security.web.FilterChainProxy - Securing OPTIONS /transactions/gettranslog?vpaId=hari2390902@mts
2026-06-11 16:09:42 [http-nio-8080-exec-5] DEBUG org.springframework.security.web.FilterChainProxy - Securing GET /transactions/gettranslog?vpaId=hari2390902@mts
2026-06-11 16:09:43 [http-nio-8080-exec-5] DEBUG org.springframework.security.web.FilterChainProxy - Secured GET /transactions/gettranslog?vpaId=hari2390902@mts
2026-06-11 16:09:43 [http-nio-8080-exec-5] INFO  com.training.mts.aop.LoggingAspect - Entering method: TransactionServiceImpl.getTransactionHistory(..) with arguments: [hari2390902@mts]
2026-06-11 16:09:43 [http-nio-8080-exec-5] INFO  com.training.mts.aop.LoggingAspect - Method executed successfully: TransactionServiceImpl.getTransactionHistory(..) | Returned: com.training.mts.dto.TransactionHistoryResponse@c203f99
2026-06-11 16:09:43 [http-nio-8080-exec-6] DEBUG org.springframework.security.web.FilterChainProxy - Securing OPTIONS /users/getbyvpa?vpaId=deepchan0498401@mts
2026-06-11 16:09:43 [http-nio-8080-exec-7] DEBUG org.springframework.security.web.FilterChainProxy - Securing GET /users/getbyvpa?vpaId=deepchan0498401@mts
2026-06-11 16:09:43 [http-nio-8080-exec-7] DEBUG org.springframework.security.web.FilterChainProxy - Secured GET /users/getbyvpa?vpaId=deepchan0498401@mts
2026-06-11 16:09:43 [http-nio-8080-exec-7] DEBUG org.springframework.security.web.FilterChainProxy - Securing GET /error?vpaId=deepchan0498401@mts
2026-06-11 16:09:43 [http-nio-8080-exec-7] DEBUG org.springframework.security.web.authentication.AnonymousAuthenticationFilter - Set SecurityContextHolder to anonymous SecurityContext
2026-06-11 16:09:43 [http-nio-8080-exec-7] DEBUG org.springframework.security.web.authentication.Http403ForbiddenEntryPoint - Pre-authenticated entry point called. Rejecting access
2026-06-11 16:09:43 [http-nio-8080-exec-8] DEBUG org.springframework.security.web.FilterChainProxy - Securing OPTIONS /users/getbyvpa?vpaId=deepchan0498401@mts
2026-06-11 16:09:43 [http-nio-8080-exec-9] DEBUG org.springframework.security.web.FilterChainProxy - Securing GET /users/getbyvpa?vpaId=deepchan0498401@mts
2026-06-11 16:09:43 [http-nio-8080-exec-9] DEBUG org.springframework.security.web.FilterChainProxy - Secured GET /users/getbyvpa?vpaId=deepchan0498401@mts
2026-06-11 16:09:43 [http-nio-8080-exec-9] DEBUG org.springframework.security.web.FilterChainProxy - Securing GET /error?vpaId=deepchan0498401@mts
2026-06-11 16:09:43 [http-nio-8080-exec-9] DEBUG org.springframework.security.web.authentication.AnonymousAuthenticationFilter - Set SecurityContextHolder to anonymous SecurityContext
2026-06-11 16:09:43 [http-nio-8080-exec-9] DEBUG org.springframework.security.web.authentication.Http403ForbiddenEntryPoint - Pre-authenticated entry point called. Rejecting access
2026-06-11 16:12:12 [http-nio-8080-exec-2] DEBUG org.springframework.security.web.FilterChainProxy - Securing OPTIONS /transactions/gettranslog?vpaId=hari2390902@mts
2026-06-11 16:12:12 [http-nio-8080-exec-3] DEBUG org.springframework.security.web.FilterChainProxy - Securing GET /transactions/gettranslog?vpaId=hari2390902@mts
2026-06-11 16:12:12 [http-nio-8080-exec-3] DEBUG org.springframework.security.web.FilterChainProxy - Secured GET /transactions/gettranslog?vpaId=hari2390902@mts
2026-06-11 16:12:12 [http-nio-8080-exec-3] INFO  com.training.mts.aop.LoggingAspect - Entering method: TransactionServiceImpl.getTransactionHistory(..) with arguments: [hari2390902@mts]
2026-06-11 16:12:12 [http-nio-8080-exec-3] INFO  com.training.mts.aop.LoggingAspect - Method executed successfully: TransactionServiceImpl.getTransactionHistory(..) | Returned: com.training.mts.dto.TransactionHistoryResponse@7c5dd9b6
2026-06-11 16:12:12 [http-nio-8080-exec-4] DEBUG org.springframework.security.web.FilterChainProxy - Securing OPTIONS /transactions/gettranslog?vpaId=hari2390902@mts
2026-06-11 16:12:12 [http-nio-8080-exec-5] DEBUG org.springframework.security.web.FilterChainProxy - Securing GET /transactions/gettranslog?vpaId=hari2390902@mts
2026-06-11 16:12:12 [http-nio-8080-exec-5] DEBUG org.springframework.security.web.FilterChainProxy - Secured GET /transactions/gettranslog?vpaId=hari2390902@mts
2026-06-11 16:12:12 [http-nio-8080-exec-5] INFO  com.training.mts.aop.LoggingAspect - Entering method: TransactionServiceImpl.getTransactionHistory(..) with arguments: [hari2390902@mts]
2026-06-11 16:12:12 [http-nio-8080-exec-5] INFO  com.training.mts.aop.LoggingAspect - Method executed successfully: TransactionServiceImpl.getTransactionHistory(..) | Returned: com.training.mts.dto.TransactionHistoryResponse@2987d3ac
2026-06-11 16:12:13 [http-nio-8080-exec-6] DEBUG org.springframework.security.web.FilterChainProxy - Securing OPTIONS /users/getbyvpa?vpaId=deepchan0498401@mts
2026-06-11 16:12:13 [http-nio-8080-exec-7] DEBUG org.springframework.security.web.FilterChainProxy - Securing GET /users/getbyvpa?vpaId=deepchan0498401@mts
2026-06-11 16:12:13 [http-nio-8080-exec-7] DEBUG org.springframework.security.web.FilterChainProxy - Secured GET /users/getbyvpa?vpaId=deepchan0498401@mts
2026-06-11 16:12:13 [http-nio-8080-exec-7] DEBUG org.springframework.security.web.FilterChainProxy - Securing GET /error?vpaId=deepchan0498401@mts
2026-06-11 16:12:13 [http-nio-8080-exec-7] DEBUG org.springframework.security.web.authentication.AnonymousAuthenticationFilter - Set SecurityContextHolder to anonymous SecurityContext
2026-06-11 16:12:13 [http-nio-8080-exec-7] DEBUG org.springframework.security.web.authentication.Http403ForbiddenEntryPoint - Pre-authenticated entry point called. Rejecting access
2026-06-11 16:12:13 [http-nio-8080-exec-8] DEBUG org.springframework.security.web.FilterChainProxy - Securing OPTIONS /users/getbyvpa?vpaId=deepchan0498401@mts
2026-06-11 16:12:13 [http-nio-8080-exec-9] DEBUG org.springframework.security.web.FilterChainProxy - Securing GET /users/getbyvpa?vpaId=deepchan0498401@mts
2026-06-11 16:12:13 [http-nio-8080-exec-9] DEBUG org.springframework.security.web.FilterChainProxy - Secured GET /users/getbyvpa?vpaId=deepchan0498401@mts
2026-06-11 16:12:13 [http-nio-8080-exec-9] DEBUG org.springframework.security.web.FilterChainProxy - Securing GET /error?vpaId=deepchan0498401@mts
2026-06-11 16:12:13 [http-nio-8080-exec-9] DEBUG org.springframework.security.web.authentication.AnonymousAuthenticationFilter - Set SecurityContextHolder to anonymous SecurityContext
2026-06-11 16:12:13 [http-nio-8080-exec-9] DEBUG org.springframework.security.web.authentication.Http403ForbiddenEntryPoint - Pre-authenticated entry point called. Rejecting access
2026-06-11 16:12:17 [http-nio-8080-exec-10] DEBUG org.springframework.security.web.FilterChainProxy - Securing OPTIONS /transactions/gettranslog?vpaId=hari2390902@mts
2026-06-11 16:12:17 [http-nio-8080-exec-1] DEBUG org.springframework.security.web.FilterChainProxy - Securing GET /transactions/gettranslog?vpaId=hari2390902@mts
2026-06-11 16:12:17 [http-nio-8080-exec-1] DEBUG org.springframework.security.web.FilterChainProxy - Secured GET /transactions/gettranslog?vpaId=hari2390902@mts
2026-06-11 16:12:17 [http-nio-8080-exec-1] INFO  com.training.mts.aop.LoggingAspect - Entering method: TransactionServiceImpl.getTransactionHistory(..) with arguments: [hari2390902@mts]
2026-06-11 16:12:17 [http-nio-8080-exec-1] INFO  com.training.mts.aop.LoggingAspect - Method executed successfully: TransactionServiceImpl.getTransactionHistory(..) | Returned: com.training.mts.dto.TransactionHistoryResponse@128140ae
2026-06-11 16:12:17 [http-nio-8080-exec-2] DEBUG org.springframework.security.web.FilterChainProxy - Securing OPTIONS /users/getbyvpa?vpaId=deepchan0498401@mts
2026-06-11 16:12:17 [http-nio-8080-exec-3] DEBUG org.springframework.security.web.FilterChainProxy - Securing GET /users/getbyvpa?vpaId=deepchan0498401@mts
2026-06-11 16:12:17 [http-nio-8080-exec-3] DEBUG org.springframework.security.web.FilterChainProxy - Secured GET /users/getbyvpa?vpaId=deepchan0498401@mts
2026-06-11 16:12:17 [http-nio-8080-exec-3] DEBUG org.springframework.security.web.FilterChainProxy - Securing GET /error?vpaId=deepchan0498401@mts
2026-06-11 16:12:17 [http-nio-8080-exec-3] DEBUG org.springframework.security.web.authentication.AnonymousAuthenticationFilter - Set SecurityContextHolder to anonymous SecurityContext
2026-06-11 16:12:17 [http-nio-8080-exec-3] DEBUG org.springframework.security.web.authentication.Http403ForbiddenEntryPoint - Pre-authenticated entry point called. Rejecting access
2026-06-11 16:12:17 [http-nio-8080-exec-4] DEBUG org.springframework.security.web.FilterChainProxy - Securing OPTIONS /transactions/gettranslog?vpaId=hari2390902@mts
2026-06-11 16:12:17 [http-nio-8080-exec-5] DEBUG org.springframework.security.web.FilterChainProxy - Securing GET /transactions/gettranslog?vpaId=hari2390902@mts
2026-06-11 16:12:17 [http-nio-8080-exec-5] DEBUG org.springframework.security.web.FilterChainProxy - Secured GET /transactions/gettranslog?vpaId=hari2390902@mts
2026-06-11 16:12:17 [http-nio-8080-exec-5] INFO  com.training.mts.aop.LoggingAspect - Entering method: TransactionServiceImpl.getTransactionHistory(..) with arguments: [hari2390902@mts]
2026-06-11 16:12:17 [http-nio-8080-exec-5] INFO  com.training.mts.aop.LoggingAspect - Method executed successfully: TransactionServiceImpl.getTransactionHistory(..) | Returned: com.training.mts.dto.TransactionHistoryResponse@43eab4ce
2026-06-11 16:12:18 [http-nio-8080-exec-6] DEBUG org.springframework.security.web.FilterChainProxy - Securing OPTIONS /users/getbyvpa?vpaId=deepchan0498401@mts
2026-06-11 16:12:18 [http-nio-8080-exec-7] DEBUG org.springframework.security.web.FilterChainProxy - Securing GET /users/getbyvpa?vpaId=deepchan0498401@mts
2026-06-11 16:12:18 [http-nio-8080-exec-7] DEBUG org.springframework.security.web.FilterChainProxy - Secured GET /users/getbyvpa?vpaId=deepchan0498401@mts
2026-06-11 16:12:18 [http-nio-8080-exec-7] DEBUG org.springframework.security.web.FilterChainProxy - Securing GET /error?vpaId=deepchan0498401@mts
2026-06-11 16:12:18 [http-nio-8080-exec-7] DEBUG org.springframework.security.web.authentication.AnonymousAuthenticationFilter - Set SecurityContextHolder to anonymous SecurityContext
2026-06-11 16:12:18 [http-nio-8080-exec-7] DEBUG org.springframework.security.web.authentication.Http403ForbiddenEntryPoint - Pre-authenticated entry point called. Rejecting access
2026-06-11 22:35:37 [HikariPool-1:housekeeper] WARN  com.zaxxer.hikari.pool.HikariPool - HikariPool-1 - Thread starvation or clock leap detected (housekeeper delta=6h21m12s956ms39µs299ns).
2026-06-11 23:52:14 [HikariPool-1:housekeeper] WARN  com.zaxxer.hikari.pool.HikariPool - HikariPool-1 - Thread starvation or clock leap detected (housekeeper delta=1h13m40s578ms126µs600ns).
